Ciudad_enc,Tipo_Zona_enc,Tipo_Sensor_enc,Fuente_Principal_Ruido_enc,Condicion_Climatica_enc,Franja_Horaria_enc,Nivel_Ruido_dB_scaled,Indice_Movilidad_scaled,Flujo_Vehicular_veh_h_scaled,Velocidad_Promedio_kmh_scaled,Saturacion_Transporte_scaled,Calidad_Señal_Sensor_scaled,Indice_Congestion_scaled,Ratio_Ruido_Velocidad_scaled,Es_Hora_Pico,Es_Diurno,Supera_Limite_Normativo,Mes,Trimestre,Clasificacion_Normativa_encoded
0,2,2,1,0,3,0.450899031811895,0.43157894736842106,0.4314971751412429,0.46551724137931044,0.48,0.06666666666666687,0.4612244897959184,0.155595006299393,0,1,1,2,1,3
0,5,1,0,2,3,0.20193637621023514,0.37894736842105264,0.278954802259887,0.5532915360501569,0.42,0.8999999999999999,0.40408163265306124,0.07403218417134348,0,1,0,2,1,0
0,5,1,1,0,2,0.5062240663900415,0.5684210526315789,0.3114406779661017,0.4608150470219437,0.78,0.3333333333333335,0.6979591836734694,0.17128622150956363,1,1,1,2,1,3
0,2,2,0,2,0,0.049792531120331995,0.0,0.0,0.8510971786833856,0.0,0.7999999999999998,0.0,0.01033673118772191,0,0,0,3,1,0
0,5,1,5,0,1,0.5103734439834027,0.6105263157894737,0.5225988700564972,0.3761755485893417,0.82,0.10000000000000009,0.7387755102040816,0.20833810560073307,1,1,1,3,1,3
0,3,0,0,0,3,0.7136929460580912,0.4631578947368421,0.3848870056497175,0.5470219435736678,0.6,0.3666666666666667,0.5469387755102041,0.18986943076394458,0,1,1,4,2,2
0,0,0,2,2,0,0.25034578146611347,0.3684210526315789,0.24505649717514125,0.5626959247648904,0.49,0.4333333333333331,0.44285714285714284,0.08290860153476119,0,0,0,5,2,0
0,5,2,1,1,1,0.3084370677731673,0.25263157894736843,0.18008474576271186,0.6818181818181819,0.29,0.7000000000000002,0.2755102040816327,0.07364563051196886,0,1,0,6,2,1
0,5,0,6,0,1,0.03319502074688796,0.21052631578947367,0.17584745762711865,0.6222570532915361,0.23,0.6000000000000001,0.22244897959183674,0.02796071469476577,0,1,0,6,2,0
0,0,1,5,0,0,0.33886583679114807,0.23157894736842105,0.18008474576271186,0.6630094043887149,0.29,0.5,0.26734693877551025,0.0825793150841828,0,0,0,6,2,0
0,3,2,0,1,1,0.8091286307053942,0.7789473684210526,0.6024011299435028,0.31504702194357365,0.84,0.3333333333333335,0.8163265306122449,0.3405251403046616,1,1,1,7,3,3
0,3,1,0,2,2,0.6113416320885201,0.6,0.4322033898305085,0.5188087774294672,0.72,0.2333333333333334,0.6734693877551021,0.1762684686748368,0,1,1,7,3,1
0,2,1,5,1,0,0.1784232365145228,0.09473684210526316,0.0692090395480226,0.677115987460815,0.26,0.666666666666667,0.1959183673469388,0.049707937235139166,0,0,0,7,3,1
0,5,1,6,1,2,0.3125864453665284,0.28421052631578947,0.2598870056497175,0.6504702194357368,0.45,0.4666666666666668,0.38571428571428573,0.07963005383117626,0,1,0,7,3,1
0,5,1,5,3,3,0.31120331950207475,0.2736842105263158,0.21468926553672316,0.7429467084639501,0.25,0.7999999999999998,0.25918367346938775,0.06505554919253236,0,1,0,8,3,1
0,5,1,4,0,2,0.32088520055325037,0.0,0.0,0.6959247648902822,0.12,0.833333333333333,0.07346938775510203,0.07374584812736228,0,0,0,8,3,1
0,5,0,6,0,2,0.2641770401106501,0.29473684210526313,0.2401129943502825,0.609717868338558,0.37,0.7999999999999998,0.3408163265306123,0.07703871263314625,0,1,0,9,3,1
0,5,1,5,1,3,0.3056708160442601,0.3368421052631579,0.2909604519774011,0.4952978056426332,0.37,0.4666666666666668,0.35714285714285715,0.11088363303172603,0,1,0,9,3,1
0,5,2,2,2,1,0.05809128630705401,0.3157894736842105,0.3001412429378531,0.523510971786834,0.43,0.3666666666666667,0.38571428571428573,0.04654392394914672,0,1,0,9,3,0
0,0,0,6,2,3,0.4232365145228217,0.6210526315789473,0.519774011299435,0.4090909090909091,0.84,0.4666666666666668,0.7551020408163266,0.16898121635551483,0,1,0,9,3,1
0,5,0,5,1,0,0.07745504840940531,0.0,0.0,0.6990595611285266,0.09,0.30000000000000027,0.05510204081632653,0.02818978352995076,0,0,0,11,4,0
0,5,2,6,1,3,0.22544951590594747,0.29473684210526313,0.19915254237288135,0.5862068965517242,0.32,0.4333333333333331,0.31020408163265306,0.07311590883060361,0,1,0,12,4,0
0,5,1,6,0,2,0.1396957123098202,0.34736842105263155,0.3481638418079096,0.6144200626959249,0.46,0.06666666666666687,0.4163265306122449,0.050695796586874356,0,1,0,1,1,0
0,5,1,5,0,2,0.37482710926694335,0.5894736842105263,0.4533898305084746,0.4827586206896552,0.65,0.5,0.6265306122448979,0.1311848585499943,1,1,1,1,1,2
0,5,1,0,1,2,0.3554633471645921,0.6526315789473685,0.384180790960452,0.30564263322884017,0.77,0.2333333333333334,0.7244897959183674,0.19591112129194826,1,1,1,1,1,2
0,0,1,1,2,2,0.5338865836791147,0.7263157894736842,0.4265536723163842,0.25862068965517243,0.86,0.666666666666667,0.8081632653061225,0.2902874813881572,0,1,1,2,1,1
0,0,2,5,0,3,0.4218533886583679,0.5578947368421052,0.4731638418079096,0.4310344827586207,0.78,0.0,0.6938775510204083,0.16024796701408772,0,1,0,2,1,1
0,5,0,6,0,3,0.2987551867219918,0.2736842105263158,0.20903954802259886,0.6394984326018809,0.39,0.06666666666666687,0.3448979591836735,0.07879967930363073,0,1,0,4,2,1
0,2,1,6,2,2,0.14799446749654227,0.34736842105263155,0.278954802259887,0.5956112852664577,0.41,0.2666666666666666,0.38571428571428573,0.05520558927957851,0,1,0,4,2,1
0,3,2,6,2,0,0.5228215767634854,0.23157894736842105,0.2132768361581921,0.5485893416927901,0.24,0.5666666666666669,0.23673469387755103,0.146661321727179,0,0,0,4,2,0
0,5,0,1,0,1,0.4744121715076072,0.6736842105263158,0.6384180790960452,0.32601880877742956,0.9,0.9666666666666668,0.8122448979591838,0.22378593517351963,1,1,0,4,2,3
0,5,1,0,0,1,0.2351313969571231,0.21052631578947367,0.16031073446327684,0.634796238244514,0.29,0.10000000000000009,0.25918367346938775,0.0669024166762112,0,1,0,5,2,1
0,2,1,0,0,2,0.16597510373443985,0.021052631578947368,0.015536723163841807,0.8369905956112855,0.0,0.766666666666667,0.00816326530612245,0.02993643339823618,0,0,0,5,2,1
0,4,1,6,0,3,0.5186721991701246,0.5052631578947369,0.3997175141242938,0.4968652037617555,0.65,0.7999999999999998,0.5938775510204082,0.16175123124498914,0,1,0,5,2,2
0,5,1,6,0,1,0.28630705394190875,0.5894736842105263,0.4004237288135593,0.371473354231975,0.78,0.0,0.7061224489795918,0.14439926697972744,1,1,0,6,2,1
0,0,1,0,0,1,0.6887966804979253,0.8736842105263157,0.6299435028248588,0.2163009404388715,1.0,0.833333333333333,0.9510204081632654,0.392180162638873,1,1,1,7,3,3
0,2,2,6,2,1,0.28354080221300143,0.5789473684210527,0.3382768361581921,0.4404388714733542,0.67,0.6333333333333333,0.6346938775510205,0.12050452410949493,1,1,0,7,3,3
0,5,0,6,2,0,0.17427385892116182,0.0,0.0,0.7429467084639501,0.11,0.5333333333333332,0.0673469387755102,0.04090310388271676,0,0,0,7,3,0
0,0,1,2,0,1,0.7136929460580912,0.9368421052631579,0.6892655367231638,0.31818181818181823,1.0,0.5333333333333332,0.9755102040816326,0.30670885351047994,1,1,1,8,3,3
0,4,2,0,1,3,0.4854771784232365,0.6421052631578947,0.5310734463276836,0.4169278996865204,0.68,0.8666666666666667,0.6653061224489797,0.1829257816974001,0,1,0,8,3,2
0,3,2,5,0,3,0.6417704011065009,0.6105263157894737,0.5522598870056498,0.2931034482758621,0.75,0.4333333333333331,0.6959183673469388,0.30161207192761424,0,1,1,9,3,1
0,0,2,4,0,2,0.450899031811895,0.3157894736842105,0.2612994350282486,0.36677115987460823,0.39,0.4333333333333331,0.36122448979591837,0.19528118199518957,0,0,1,9,3,1
0,5,0,5,0,0,0.0691562932226833,0.0,0.0,0.7570532915360502,0.0,0.8999999999999999,0.0,0.021074332837017526,0,0,0,9,3,0
0,1,2,6,0,1,0.3582295988934993,0.3157894736842105,0.2055084745762712,0.7147335423197492,0.45,0.033333333333333215,0.3979591836734694,0.07765433512770588,0,1,0,10,4,2
0,5,2,5,0,0,0.08160442600276624,0.010526315789473684,0.009180790960451978,0.8307210031347962,0.05,0.16666666666666696,0.034693877551020415,0.016936777001488948,0,0,0,10,4,0
0,0,1,6,2,2,0.677731673582296,0.8526315789473684,0.7944915254237288,0.34639498432601884,1.0,0.20000000000000018,0.942857142857143,0.27564139273851795,1,1,1,11,4,3
0,4,1,6,2,1,0.6113416320885201,0.9473684210526315,0.5480225988700564,0.3730407523510972,1.0,0.8999999999999999,0.9795918367346939,0.23966326881227812,1,1,1,11,4,3
0,2,1,0,3,1,0.18810511756569853,0.3157894736842105,0.2768361581920904,0.4749216300940439,0.4,0.766666666666667,0.3673469387755102,0.08706047417248884,0,1,0,12,4,1
0,0,1,6,0,0,0.4190871369294606,0.34736842105263155,0.23728813559322035,0.4373040752351098,0.35,0.10000000000000009,0.3489795918367347,0.15724143855228495,0,0,1,1,1,1
0,4,2,3,2,3,0.6071922544951591,0.6526315789473685,0.471045197740113,0.3871473354231975,0.86,0.10000000000000009,0.7795918367346939,0.23090138586645287,0,1,1,1,1,3
0,5,1,4,2,3,0.30428769017980645,0.39999999999999997,0.2959039548022599,0.43416927899686525,0.44,0.16666666666666696,0.42448979591836733,0.12789199404421026,0,1,0,1,1,1
0,5,0,3,2,2,0.3029045643153527,0.010526315789473684,0.007062146892655367,0.7319749216300941,0.13,0.3666666666666667,0.0836734693877551,0.06511281640132861,0,0,0,1,1,1
0,3,0,6,0,1,0.8879668049792533,0.8315789473684211,0.6666666666666666,0.2962382445141066,1.0,0.7000000000000002,0.9346938775510205,0.3835757645172375,1,1,1,1,1,3
0,2,1,5,0,0,0.13416320885200556,0.042105263157894736,0.04025423728813559,0.8307210031347962,0.0,0.06666666666666687,0.0163265306122449,0.02539800710113388,0,0,0,1,1,1
0,5,2,4,0,2,0.4080221300138313,0.5684210526315789,0.4774011299435028,0.45768025078369906,0.63,0.6000000000000001,0.6061224489795918,0.14733421143053488,1,1,1,2,1,2
0,5,1,1,2,0,0.326417704011065,0.021052631578947368,0.01765536723163842,0.804075235109718,0.0,0.666666666666667,0.00816326530612245,0.059586530752491124,0,0,0,2,1,1
0,0,2,3,0,3,0.7980636237897649,0.8842105263157894,0.6292372881355932,0.18181818181818182,1.0,0.5666666666666669,0.9551020408163267,0.4852966441415646,1,1,1,3,1,3
0,4,0,6,0,2,0.6002766251728908,0.9263157894736842,0.7916666666666666,0.08934169278996867,1.0,0.4666666666666668,0.9714285714285714,0.5551483220707822,1,1,1,3,1,3
0,5,2,4,0,1,0.2959889349930844,0.5684210526315789,0.3509887005649717,0.3636363636363637,0.74,0.10000000000000009,0.6734693877551021,0.1503121062879395,1,1,0,3,1,1
0,5,1,5,2,3,0.39280774550484093,0.39999999999999997,0.3954802259887006,0.6724137931034484,0.53,0.16666666666666696,0.47959183673469385,0.0912696140190127,0,1,0,3,1,2
0,3,1,0,0,3,0.644536652835408,0.49473684210526314,0.3877118644067797,0.4514106583072101,0.71,0.6333333333333333,0.6265306122448979,0.21048562593059217,0,1,1,3,1,1
0,0,1,5,1,1,0.39280774550484093,0.7052631578947368,0.7055084745762712,0.468652037617555,0.89,0.9666666666666668,0.8183673469387756,0.13994674149581948,0,1,0,4,2,0
0,3,1,5,0,1,0.7219917012448134,0.7894736842105263,0.5247175141242938,0.3040752351097179,0.98,0.7999999999999998,0.9061224489795918,0.32033844920398585,1,1,1,5,2,2
0,0,2,6,0,3,0.5905947441217152,0.6,0.5225988700564972,0.523510971786834,0.85,0.5666666666666669,0.753061224489796,0.16985454128965755,0,1,1,6,2,2
0,5,1,0,0,2,0.31120331950207475,0.3368421052631579,0.1864406779661017,0.5579937304075235,0.45,0.5666666666666669,0.4061224489795919,0.09726835414041919,0,1,0,7,3,1
0,5,2,6,0,2,0.1825726141078839,0.25263157894736843,0.1906779661016949,0.6473354231974922,0.29,0.8999999999999999,0.2755102040816327,0.0545899667850189,0,1,0,7,3,0
0,5,1,1,0,0,0.31811894882434305,0.010526315789473684,0.006355932203389831,1.0,0.0,0.7000000000000002,0.004081632653061225,0.03803974344290459,0,0,0,7,3,1
0,2,1,6,0,2,0.18118948824343023,0.05263157894736842,0.04519774011299435,0.6175548589341693,0.21,0.8666666666666667,0.14897959183673468,0.05871320581834841,0,0,0,7,3,1
0,5,0,0,2,2,0.23651452282157687,0.3368421052631579,0.2627118644067797,0.5987460815047023,0.42,0.766666666666667,0.3877551020408163,0.0732304432481961,0,1,0,7,3,1
0,1,1,6,1,0,0.2102351313969572,0.031578947368421054,0.021892655367231638,0.7539184952978057,0.0,0.033333333333333215,0.012244897959183675,0.045942618256786166,0,0,0,8,3,0
0,0,1,6,0,3,0.5131396957123098,0.5684210526315789,0.3425141242937853,0.42163009404388724,0.64,0.1333333333333333,0.6122448979591837,0.18848070095063568,0,1,0,11,4,1
0,2,1,0,0,2,0.14522821576763484,0.031578947368421054,0.018361581920903956,0.6394984326018809,0.11,0.3333333333333335,0.07959183673469387,0.0483048906196312,0,0,0,11,4,1
0,4,0,5,2,2,0.5034578146611344,0.631578947368421,0.3735875706214689,0.2053291536050157,0.88,0.10000000000000009,0.7836734693877552,0.32660920856717446,0,1,1,11,4,2
0,0,0,6,2,0,0.3734439834024897,0.3684210526315789,0.2055084745762712,0.47962382445141066,0.54,0.10000000000000009,0.47346938775510206,0.1317718474401558,0,0,0,11,4,0
0,5,2,6,1,1,0.475795297372061,0.5473684210526316,0.3806497175141243,0.38871473354231983,0.66,0.5333333333333332,0.6163265306122448,0.19240350475317836,1,1,0,11,4,3
0,0,1,3,1,2,0.7302904564315353,0.8947368421052632,0.7733050847457628,0.20219435736677116,1.0,0.6333333333333333,0.9591836734693877,0.4268554575649983,1,1,1,11,4,3
0,0,1,0,2,3,0.5408022130013832,0.6947368421052631,0.53954802259887,0.3652037617554859,0.77,0.9333333333333331,0.7408163265306122,0.22292692704157602,0,1,0,12,4,1
0,4,1,6,2,0,0.30705394190871377,0.30526315789473685,0.16454802259887005,0.7648902821316617,0.48,0.2666666666666666,0.41224489795918373,0.06136181422517467,0,0,0,12,4,0
0,5,0,5,2,0,0.1853388658367911,0.0,0.0,0.8667711598746082,0.05,0.033333333333333215,0.030612244897959183,0.030308670255411743,0,0,0,1,1,0
0,4,1,5,2,0,0.34716459197787003,0.25263157894736843,0.13559322033898305,0.5893416927899686,0.44,0.30000000000000027,0.3673469387755102,0.0983277975031497,0,0,0,2,1,0
0,5,1,6,2,1,0.3125864453665284,0.6526315789473685,0.4957627118644068,0.41222570532915365,0.76,0.5,0.7183673469387755,0.1372838162867942,1,1,0,2,1,1
0,5,1,6,3,2,0.4854771784232365,0.6210526315789473,0.3919491525423729,0.41065830721003144,0.72,0.7999999999999998,0.6816326530612246,0.18554575649982818,1,1,1,2,1,3
0,3,1,3,0,2,0.739972337482711,0.10526315789473684,0.0713276836158192,0.7492163009404389,0.24,0.6000000000000001,0.18775510204081633,0.1392881685946627,0,0,1,3,1,2
0,0,1,6,2,2,0.48409405255878285,0.7157894736842105,0.661723163841808,0.24764890282131663,0.94,0.6000000000000001,0.8530612244897959,0.2803945710686061,0,1,1,4,2,1
0,5,0,1,2,2,0.15076071922544948,0.0,0.0,0.7225705329153607,0.1,1.0,0.061224489795918366,0.039013285992440735,0,0,0,5,2,0
0,4,2,5,1,2,0.4467496542185339,0.21052631578947367,0.19915254237288135,0.6583072100313481,0.23,0.5,0.22244897959183674,0.10435517122895431,0,0,1,5,2,1
0,5,1,6,1,2,0.20470262793914246,0.21052631578947367,0.1461864406779661,0.6269592476489028,0.31,0.16666666666666696,0.27142857142857146,0.06203470392853051,0,1,0,5,2,0
0,4,1,6,0,1,0.5712309820193637,0.7999999999999999,0.6362994350282486,0.2836990595611285,0.93,0.7333333333333334,0.8795918367346939,0.28421715725575536,1,1,1,6,2,2
0,5,1,2,2,3,0.2641770401106501,0.39999999999999997,0.2274011299435028,0.6003134796238245,0.55,0.10000000000000009,0.49183673469387756,0.07872809529263543,0,1,0,6,2,1
0,5,1,6,0,0,0.06085753803596128,0.0,0.0,0.7257053291536051,0.12,0.7333333333333334,0.07346938775510203,0.022506013056923596,0,0,0,6,2,0
0,3,2,0,0,1,0.8201936376210235,0.7578947368421053,0.4540960451977401,0.33699059561128525,0.82,0.5666666666666669,0.7959183673469388,0.32679532699576225,1,1,1,6,2,3
0,1,1,5,0,2,0.2780082987551868,0.0,0.0,0.804075235109718,0.0,0.8666666666666667,0.0,0.05158343832321613,0,0,0,6,2,1
0,4,2,6,2,3,0.5103734439834027,0.5789473684210527,0.4194915254237288,0.38087774294670856,0.67,0.16666666666666696,0.6346938775510205,0.2060474172488833,0,1,0,6,2,2
0,5,1,1,1,3,0.42461964038727534,0.3684210526315789,0.2796610169491525,0.5125391849529781,0.38,0.666666666666667,0.37551020408163266,0.1345063566601764,0,1,0,7,3,3
0,5,0,0,1,2,0.31535269709543573,0.29473684210526313,0.2535310734463277,0.5454545454545456,0.43,0.3333333333333335,0.3775510204081633,0.10097640590997596,0,1,0,8,3,1
0,4,1,0,2,1,0.48824343015214383,0.5052631578947369,0.2951977401129943,0.4843260188087775,0.69,0.3333333333333335,0.6183673469387755,0.15854426755239953,0,1,0,8,3,2
0,5,1,0,2,2,0.10650069156293224,0.0,0.0,0.7931034482758621,0.04,0.2666666666666666,0.02448979591836735,0.024195395716412785,0,0,0,8,3,0
0,0,1,2,0,0,0.3872752420470263,0.35789473684210527,0.3361581920903955,0.3996865203761755,0.43,0.5666666666666669,0.40204081632653066,0.16265318978353,0,0,0,8,3,0
0,5,1,5,2,1,0.2959889349930844,0.6736842105263158,0.3742937853107345,0.2335423197492163,0.85,0.2333333333333334,0.7816326530612245,0.21787309586530756,1,1,0,9,3,1
0,5,1,3,0,1,0.558782849239281,0.6631578947368421,0.4703389830508475,0.41065830721003144,0.71,0.2333333333333334,0.6918367346938776,0.20577539800710115,1,1,1,9,3,3
0,0,1,4,0,0,0.40940525587828497,0.24210526315789474,0.23728813559322035,0.5297805642633229,0.29,0.16666666666666696,0.27142857142857146,0.1262026113847211,0,0,0,10,4,1
0,0,1,6,0,3,0.6625172890733058,0.8631578947368421,0.7238700564971752,0.2884012539184953,1.0,0.2666666666666666,0.9469387755102041,0.31252147520329865,1,1,1,10,4,3
0,0,1,2,2,2,0.7012448132780082,0.9368421052631579,0.8686440677966102,0.2429467084639499,1.0,0.2333333333333334,0.9755102040816326,0.3681136181422518,1,1,1,11,4,3
0,5,2,4,0,0,0.09405255878284918,0.031578947368421054,0.01765536723163842,0.7664576802507839,0.14,0.9666666666666668,0.0979591836734694,0.024524682166991177,0,0,0,11,4,0
0,4,1,6,2,3,0.582295988934993,0.8947368421052632,0.4823446327683616,0.1739811912225705,1.0,0.16666666666666696,0.9591836734693877,0.397835299507502,1,1,1,11,4,3
0,5,1,6,2,2,0.15076071922544948,0.031578947368421054,0.02824858757062147,0.8307210031347962,0.19,0.2333333333333334,0.1285714285714286,0.028075249112358258,0,0,0,12,4,0
1,5,0,1,3,0,0.19363762102351317,0.0,0.0,0.6927899686520378,0.14,0.6000000000000001,0.08571428571428572,0.05050967815828657,0,0,0,1,1,0
1,0,1,5,0,2,0.6058091286307055,0.9263157894736842,0.873587570621469,0.31974921630094044,1.0,0.5333333333333332,0.9714285714285714,0.27031554232046734,1,1,1,1,1,2
1,4,1,5,1,3,0.5698478561549103,0.47368421052631576,0.422316384180791,0.4090909090909091,0.51,0.7333333333333334,0.4959183673469388,0.20955503378765322,0,1,1,2,1,2
1,1,1,1,3,0,0.3167358229598894,0.05263157894736842,0.03389830508474576,0.7836990595611286,0.13,0.833333333333333,0.1,0.060560073302027256,0,0,0,2,1,1
1,4,1,6,2,3,0.517289073305671,0.6842105263157895,0.4689265536723164,0.35579937304075243,0.77,0.30000000000000027,0.736734693877551,0.22082235711831405,0,1,0,2,1,2
1,2,2,3,2,2,0.3029045643153527,0.42105263157894735,0.3629943502824859,0.6112852664576802,0.6,0.8999999999999999,0.5306122448979592,0.08472683541404193,0,1,1,2,1,3
1,4,1,6,2,3,0.45919778699861696,0.6,0.5296610169491526,0.36677115987460823,0.65,0.3999999999999999,0.6306122448979592,0.1977579887756271,0,1,0,3,1,1
1,0,1,2,0,1,0.7247579529737207,0.8736842105263157,0.5317796610169492,0.1739811912225705,1.0,0.9333333333333331,0.9510204081632654,0.46366395601878363,1,1,1,3,1,3
1,0,1,2,0,2,0.5726141078838176,0.9157894736842105,0.8813559322033898,0.21473354231974923,1.0,0.2666666666666666,0.9673469387755101,0.3458939411293094,1,1,1,3,1,2
1,5,2,1,2,3,0.38450899031811897,0.5578947368421052,0.4759887005649717,0.3072100313479624,0.79,0.30000000000000027,0.7000000000000001,0.20481617225976406,1,1,0,3,1,2
1,0,1,6,0,2,0.5919778699861686,0.6631578947368421,0.653954802259887,0.3432601880877744,0.87,0.06666666666666687,0.789795918367347,0.25094490894513805,0,1,1,3,1,2
1,3,2,1,1,3,0.9266943291839558,0.5157894736842105,0.4435028248587571,0.2931034482758621,0.55,0.16666666666666696,0.536734693877551,0.39991123582636584,0,1,1,4,2,3
1,5,1,5,0,0,0.1286307053941908,0.0,0.0,0.8322884012539187,0.08,0.7999999999999998,0.0489795918367347,0.024367197342801503,0,0,0,4,2,0
1,0,1,2,2,1,0.6459197786998618,0.9894736842105263,0.7874293785310734,0.19905956112852669,1.0,0.7000000000000002,0.9959183673469387,0.3945424350017181,1,1,1,4,2,2
1,4,1,6,2,0,0.27939142461964045,0.19999999999999998,0.13559322033898305,0.45454545454545453,0.29,0.3999999999999999,0.25510204081632654,0.11535047531783303,0,0,0,4,2,0
1,1,1,5,2,2,0.39557399723374836,0.3263157894736842,0.2387005649717514,0.6410658307210033,0.3,0.20000000000000018,0.31020408163265306,0.09772649181078914,0,1,1,4,2,2
1,2,2,0,1,1,0.1825726141078839,0.3157894736842105,0.20127118644067796,0.634796238244514,0.44,0.3999999999999999,0.3918367346938776,0.05640820066429962,0,1,0,4,2,1
1,3,1,5,0,3,0.7759336099585061,0.7894736842105263,0.702683615819209,0.26959247648902823,0.97,0.3333333333333335,0.9,0.36953098155995884,1,1,1,5,2,2
1,5,1,5,1,2,0.30428769017980645,0.24210526315789474,0.14759887005649716,0.64576802507837,0.35,0.2333333333333334,0.3081632653061224,0.0788139961058298,0,1,0,5,2,1
1,4,1,6,2,3,0.38589211618257263,0.5894736842105263,0.4774011299435028,0.426332288401254,0.8,0.4333333333333331,0.7183673469387755,0.15231645859580806,0,1,0,5,2,1
1,0,1,6,1,0,0.3914246196403873,0.30526315789473685,0.2231638418079096,0.5877742946708464,0.27,0.833333333333333,0.2836734693877551,0.10804890619631201,0,0,0,5,2,0
1,5,1,6,3,0,0.17980636237897646,0.010526315789473684,0.00847457627118644,0.7742946708463951,0.0,0.3333333333333335,0.004081632653061225,0.03842629710227924,0,0,0,6,2,0
1,5,0,6,0,3,0.3098201936376211,0.37894736842105264,0.3015536723163842,0.5078369905956113,0.41,0.033333333333333215,0.3979591836734694,0.10867884549307068,0,1,0,6,2,1
1,0,1,6,0,1,0.6085753803596128,1.0,0.66454802259887,0.14576802507836994,1.0,0.9333333333333331,1.0,0.45129423891879517,1,1,1,6,2,2
1,5,1,6,2,2,0.2531120331950208,0.021052631578947368,0.019774011299435026,0.8087774294670846,0.0,1.0,0.00816326530612245,0.04694479441072043,0,0,0,6,2,1
1,5,1,6,0,1,0.13554633471645922,0.2631578947368421,0.23375706214689265,0.5752351097178685,0.27,0.16666666666666696,0.26734693877551025,0.05572099415874471,0,1,0,6,2,0
1,0,2,6,0,2,0.5297372060857539,0.7157894736842105,0.4032485875706215,0.4200626959247649,0.98,0.8666666666666667,0.8775510204081632,0.1936633833466957,0,1,1,6,2,1
1,4,2,5,0,1,0.34993084370677735,0.6631578947368421,0.6511299435028248,0.27272727272727276,0.77,0.5666666666666669,0.7285714285714285,0.2128622150956363,0,1,0,7,3,1
1,5,1,6,1,3,0.3333333333333334,0.3263157894736842,0.3234463276836158,0.5094043887147335,0.3,0.9666666666666668,0.31020408163265306,0.11384721108693165,0,1,0,7,3,1
1,4,1,5,0,2,0.5961272475795296,0.8210526315789474,0.5925141242937854,0.3934169278996866,0.89,0.4333333333333331,0.863265306122449,0.22451609208567175,1,1,1,7,3,3
1,5,0,1,0,2,0.3914246196403873,0.25263157894736843,0.16596045197740114,0.6598746081504703,0.28,0.2333333333333334,0.2693877551020408,0.09331691673347843,0,1,1,7,3,2
1,0,1,0,2,0,0.37759336099585067,0.30526315789473685,0.2252824858757062,0.6724137931034484,0.28,0.3666666666666667,0.2897959183673469,0.08836330317260337,0,0,0,8,3,0
1,5,1,5,0,2,0.20470262793914246,0.24210526315789474,0.19491525423728814,0.6144200626959249,0.28,0.10000000000000009,0.2653061224489796,0.06401042263200092,0,1,0,8,3,0
1,0,2,6,3,1,0.3734439834024897,0.5578947368421052,0.5169491525423728,0.4623824451410658,0.64,0.7333333333333334,0.6081632653061224,0.13702611384721108,0,1,0,8,3,0
1,2,2,4,0,2,0.4467496542185339,0.7368421052631579,0.527542372881356,0.40125391849529785,0.97,0.7000000000000002,0.8795918367346939,0.17871664185087616,1,1,1,8,3,3
1,0,1,1,2,3,0.6832641770401107,0.6,0.4053672316384181,0.371473354231975,0.74,0.9333333333333331,0.6857142857142857,0.26179704501202616,0,1,1,8,3,3
1,5,0,6,1,0,0.1825726141078839,0.0,0.0,0.7507836990595613,0.0,0.16666666666666696,0.0,0.041475775970679196,0,0,0,8,3,0
1,0,2,6,0,1,0.5491009681881052,0.968421052631579,0.8608757062146892,0.20219435736677116,1.0,0.7000000000000002,0.9877551020408163,0.3493586072614821,1,1,0,8,3,1
1,4,1,0,0,3,0.5089903181189488,0.9052631578947368,0.6758474576271186,0.12225705329153608,1.0,0.5,0.963265306122449,0.4377219104340855,1,1,0,8,3,2
1,4,1,6,2,2,0.43153526970954365,0.17894736842105263,0.1638418079096045,0.6191222570532915,0.12,0.9666666666666668,0.14285714285714288,0.10948058641621809,0,0,1,8,3,1
1,5,2,2,1,2,0.33609958506224064,0.0,0.0,0.7742946708463951,0.0,0.4333333333333331,0.0,0.06508418279693047,0,0,0,8,3,1
1,0,0,6,0,2,0.690179806362379,0.968421052631579,0.6122881355932204,0.2429467084639499,1.0,0.1333333333333333,0.9877551020408163,0.3638328942847326,1,1,1,8,3,3
1,5,0,6,0,1,0.36791147994467505,0.4105263157894737,0.3333333333333333,0.523510971786834,0.5,0.9666666666666668,0.4653061224489796,0.11828541976864047,0,1,0,9,3,2
1,4,2,5,2,1,0.4647302904564316,0.6631578947368421,0.5840395480225988,0.5141065830721003,0.72,0.7999999999999998,0.6979591836734694,0.14348299163898753,0,1,0,9,3,1
1,0,0,5,0,3,0.5892116182572613,0.5894736842105263,0.4653954802259887,0.523510971786834,0.64,0.3666666666666667,0.6204081632653061,0.16953957164127825,0,1,1,9,3,2
1,1,1,6,2,2,0.06085753803596128,0.11578947368421053,0.10522598870056497,0.7006269592476491,0.18,0.10000000000000009,0.15510204081632653,0.024954186232963,0,0,0,9,3,0
1,5,1,6,2,1,0.06639004149377592,0.3157894736842105,0.17372881355932204,0.5532915360501569,0.42,0.8999999999999999,0.3795918367346939,0.0439239491467186,0,1,0,9,3,0
1,2,1,0,2,3,0.2849239280774551,0.28421052631578947,0.1850282485875706,0.6708463949843262,0.39,0.7333333333333334,0.3489795918367347,0.07091112129194822,0,1,0,9,3,3
1,4,1,1,1,2,0.6334716459197787,0.8947368421052632,0.661723163841808,0.18025078369905956,1.0,0.20000000000000018,0.9591836734693877,0.41298247623410844,1,1,1,9,3,3
1,0,1,6,2,2,0.5892116182572613,0.23157894736842105,0.2097457627118644,0.6849529780564263,0.23,0.9333333333333331,0.2306122448979592,0.12598785935173523,0,0,1,9,3,2
1,5,1,0,2,0,0.1327800829875519,0.05263157894736842,0.03742937853107345,0.9420062695924767,0.07,0.06666666666666687,0.06326530612244897,0.016407055320123695,0,0,0,10,4,0
1,0,1,5,0,2,0.681881051175657,0.8736842105263157,0.614406779661017,0.1739811912225705,1.0,0.2333333333333334,0.9510204081632654,0.4438495017752835,1,1,1,10,4,3
1,5,2,6,2,1,0.40940525587828497,0.3684210526315789,0.2266949152542373,0.45454545454545453,0.47,0.5666666666666669,0.4306122448979592,0.14873725804604288,0,1,0,10,4,2
1,2,1,1,1,1,0.43845089903181195,0.3368421052631579,0.24293785310734464,0.5987460815047023,0.55,0.5333333333333332,0.46734693877551026,0.11546500973542549,0,1,1,10,4,3
1,4,1,6,2,2,0.5380359612724759,0.7894736842105263,0.6151129943502824,0.3432601880877744,1.0,0.4333333333333331,0.9183673469387755,0.23412266636124157,1,1,1,10,4,2
1,5,0,5,2,0,0.22959889349930845,0.0,0.0,0.907523510971787,0.06,1.0,0.03673469387755102,0.033415416332607945,0,0,0,10,4,0
1,5,2,6,1,3,0.3582295988934993,0.3263157894736842,0.2761299435028249,0.5658307210031348,0.44,0.1333333333333333,0.3959183673469388,0.10584411865765662,0,1,0,11,4,2
1,4,1,6,2,2,0.5020746887966805,0.25263157894736843,0.2330508474576271,0.4968652037617555,0.45,0.3666666666666667,0.373469387755102,0.1577568434314512,0,0,1,11,4,2
1,5,1,0,2,0,0.1009681881051176,0.0,0.0,0.7257053291536051,0.09,0.9333333333333331,0.05510204081632653,0.029721681365250247,0,0,0,11,4,0
1,4,1,6,0,2,0.4080221300138313,0.4842105263157895,0.3269774011299435,0.5062695924764891,0.48,0.16666666666666696,0.4816326530612245,0.1323874699347154,0,1,1,11,4,1
1,0,1,4,1,1,0.6030428769017979,0.9157894736842105,0.652542372881356,0.15830721003134796,1.0,0.7333333333333334,0.9673469387755101,0.42940384835643114,1,1,1,11,4,2
1,5,0,5,0,3,0.32088520055325037,0.4105263157894737,0.3714689265536723,0.603448275862069,0.42,0.7000000000000002,0.4163265306122449,0.08995246821669912,0,1,0,11,4,1
1,0,1,0,0,3,0.5103734439834027,0.6631578947368421,0.5190677966101694,0.26175548589341696,0.84,0.7000000000000002,0.7714285714285715,0.27907742526629253,0,1,0,12,4,1
1,0,0,5,0,0,0.5242047026279393,0.22105263157894736,0.1687853107344633,0.6112852664576802,0.38,0.2666666666666666,0.3183673469387755,0.13026858320925438,0,0,1,12,4,1
1,3,2,6,0,0,0.5905947441217152,0.16842105263157894,0.10663841807909605,0.6175548589341693,0.27,0.1333333333333333,0.2306122448979592,0.14229469705646547,0,0,1,12,4,1
1,0,1,3,2,1,0.681881051175657,0.631578947368421,0.6348870056497176,0.26175548589341696,0.83,0.3999999999999999,0.753061224489796,0.34247222540373384,0,1,1,12,4,3
1,5,0,1,0,0,0.13001383125864457,0.031578947368421054,0.01765536723163842,0.7836990595611286,0.0,0.2333333333333334,0.012244897959183675,0.02902015805749629,0,0,0,12,4,0
1,0,2,6,3,2,0.5601659751037344,0.6421052631578947,0.471045197740113,0.36833855799373044,0.7,0.5333333333333332,0.6775510204081633,0.22705016607490552,0,1,1,12,4,2
1,4,1,6,0,3,0.5518672199170125,0.6526315789473685,0.4322033898305085,0.371473354231975,0.87,0.20000000000000018,0.7857142857142857,0.22292692704157602,0,1,1,12,4,2
1,0,1,5,0,2,0.6390041493775933,0.968421052631579,0.9653954802259886,0.18652037617554856,1.0,0.7333333333333334,0.9877551020408163,0.407241438552285,1,1,1,1,1,2
1,0,1,6,0,1,0.5532503457814661,0.8736842105263157,0.5953389830508474,0.25235109717868337,1.0,0.06666666666666687,0.9510204081632654,0.3027574161035391,1,1,0,1,1,1
1,5,1,6,2,3,0.3443983402489627,0.35789473684210527,0.25,0.677115987460815,0.42,0.5666666666666669,0.3959183673469388,0.08121921887527205,0,1,0,1,1,1
1,5,2,6,0,1,0.2627939142461964,0.35789473684210527,0.2704802259887006,0.6285266457680252,0.37,0.7000000000000002,0.3653061224489796,0.07348814568777919,0,1,0,1,1,1
1,5,1,3,0,3,0.4785615491009682,0.5684210526315789,0.3679378531073446,0.49843260188087785,0.6,0.20000000000000018,0.5877551020408163,0.15158630168365594,1,1,0,1,1,3
1,5,1,2,2,0,0.12724757952973725,0.05263157894736842,0.03884180790960452,0.7147335423197492,0.02,0.20000000000000018,0.0326530612244898,0.03563452067346237,0,0,0,2,1,0
1,5,2,0,1,3,0.37482710926694335,0.2631578947368421,0.14477401129943504,0.7272727272727273,0.29,0.16666666666666696,0.2795918367346939,0.07868514488603827,0,1,0,2,1,2
1,0,2,2,0,2,0.3443983402489627,0.30526315789473685,0.24364406779661016,0.6191222570532915,0.43,0.3666666666666667,0.3816326530612245,0.09172775168938267,0,0,0,2,1,0
1,5,1,0,0,2,0.2946058091286307,0.6,0.5932203389830508,0.48746081504702193,0.74,0.5666666666666669,0.6857142857142857,0.11022506013056925,1,1,0,3,1,1
1,4,0,3,0,1,0.5615491009681881,0.6842105263157895,0.6744350282485876,0.41065830721003144,0.89,0.4666666666666668,0.8102040816326531,0.20654850532585045,0,1,1,3,1,2
1,4,1,5,0,2,0.5145228215767637,0.6842105263157895,0.4166666666666667,0.21786833855799376,0.81,0.06666666666666687,0.7612244897959184,0.31879223456648725,0,1,1,3,1,2
1,2,1,3,0,3,0.4744121715076072,0.7368421052631579,0.6970338983050848,0.41536050156739807,1.0,0.833333333333333,0.8979591836734694,0.18054919253235602,1,1,1,3,1,3
1,0,2,0,1,2,0.6085753803596128,0.5894736842105263,0.5098870056497176,0.4608150470219437,0.81,0.1333333333333333,0.7244897959183674,0.1973141679074562,0,1,1,3,1,2
1,0,1,6,2,2,0.4218533886583679,0.29473684210526313,0.16101694915254236,0.5689655172413794,0.41,0.6333333333333333,0.3653061224489796,0.1189726262741954,0,0,1,3,1,1
1,0,1,0,3,1,0.3278008298755188,0.5894736842105263,0.5861581920903954,0.24764890282131663,0.78,0.2333333333333334,0.7061224489795918,0.22069350589852255,0,1,0,3,1,0
1,5,2,5,0,0,0.022130013831258677,0.0,0.0,0.6379310344827587,0.09,0.666666666666667,0.05510204081632653,0.024009277287824995,0,0,0,4,2,0
1,4,1,6,1,2,0.43015214384509,0.25263157894736843,0.1638418079096045,0.6630094043887149,0.45,0.9333333333333331,0.373469387755102,0.10020329859122666,0,0,1,4,2,1
1,4,0,6,3,1,0.5698478561549103,0.5578947368421052,0.4597457627118644,0.43260188087774293,0.64,0.7000000000000002,0.6081632653061224,0.1990465009735426,0,1,1,4,2,2
1,3,1,0,2,1,0.8215767634854774,0.7368421052631579,0.5522598870056498,0.41065830721003144,0.99,0.3333333333333335,0.8918367346938776,0.27831863474974233,1,1,1,4,2,3
1,3,1,5,1,2,0.8423236514522823,0.7684210526315789,0.7062146892655368,0.41222570532915365,0.94,0.16666666666666696,0.8734693877551021,0.28312908028862677,1,1,1,4,2,3
1,0,1,6,0,3,0.5394190871369295,0.6631578947368421,0.6440677966101694,0.4404388714733542,0.73,0.666666666666667,0.7040816326530612,0.18773622723628453,0,1,0,5,2,1
1,0,1,6,1,0,0.4785615491009682,0.3263157894736842,0.2252824858757062,0.5094043887147335,0.42,0.10000000000000009,0.3836734693877551,0.1481645859580804,0,0,1,5,2,1
1,3,1,6,0,0,0.5352697095435686,0.11578947368421053,0.10098870056497175,0.7648902821316617,0.19,0.3666666666666667,0.16122448979591839,0.10066143626159661,0,0,0,5,2,1
1,0,1,4,3,2,0.4923928077455048,0.24210526315789474,0.19491525423728814,0.6363636363636365,0.28,0.4333333333333331,0.2653061224489796,0.11797045012026115,0,0,1,5,2,1
1,4,0,6,2,3,0.6113416320885201,0.8315789473684211,0.7379943502824858,0.38087774294670856,1.0,0.7999999999999998,0.9346938775510205,0.23541117855915705,1,1,1,5,2,3
1,5,2,6,0,1,0.376210235131397,0.6631578947368421,0.6546610169491526,0.45611285266457685,0.81,0.033333333333333215,0.753061224489796,0.13970335585843546,1,1,0,6,2,2
1,5,1,4,0,0,0.1078838174273859,0.0,0.0,0.822884012539185,0.12,0.8666666666666667,0.07346938775510203,0.021833123353567754,0,0,0,6,2,0
1,5,1,6,0,2,0.28215767634854777,0.37894736842105264,0.20903954802259886,0.5141065830721003,0.35,0.20000000000000018,0.36122448979591837,0.1006328026571985,0,1,0,6,2,1
1,4,1,6,2,0,0.26141078838174275,0.21052631578947367,0.1574858757062147,0.6128526645768027,0.38,1.0,0.3142857142857143,0.07590768525942045,0,0,0,6,2,0
1,5,2,1,3,3,0.4149377593360996,0.3894736842105263,0.3502824858757062,0.42163009404388724,0.55,0.1333333333333333,0.4877551020408163,0.1618800824647807,0,1,0,7,3,2
1,4,1,5,0,1,0.7219917012448134,0.8105263157894737,0.536723163841808,0.3213166144200627,0.96,0.20000000000000018,0.9020408163265307,0.3070810903676555,1,1,1,7,3,3
1,3,1,5,2,1,0.7828492392807744,0.5894736842105263,0.3206214689265537,0.31034482758620696,0.74,0.9666666666666668,0.6816326530612246,0.33567174435918,0,1,1,7,3,2
1,0,2,2,0,1,0.4149377593360996,0.5368421052631579,0.3199152542372881,0.4733542319749217,0.7,0.30000000000000027,0.636734693877551,0.14399839651815372,0,1,0,8,3,1
1,0,1,6,0,3,0.5283540802213003,0.6631578947368421,0.5572033898305084,0.3652037617554859,0.93,0.30000000000000027,0.826530612244898,0.21920455846982023,0,1,0,8,3,1
1,0,2,5,3,2,0.4232365145228217,0.2631578947368421,0.23728813559322035,0.6567398119122259,0.3,0.9333333333333331,0.28571428571428575,0.10008876417363417,0,0,1,8,3,1
1,3,0,1,1,1,0.7980636237897649,0.5368421052631579,0.3679378531073446,0.21473354231974923,0.58,0.4666666666666668,0.5632653061224491,0.4392394914671859,0,1,1,8,3,2
1,5,2,1,2,1,0.1147994467496542,0.23157894736842105,0.16101694915254236,0.7633228840125392,0.4,0.20000000000000018,0.3346938775510204,0.028390218760737593,0,1,0,8,3,0
1,3,2,6,0,3,0.5864453665283542,0.5157894736842105,0.423728813559322,0.49843260188087785,0.6,0.833333333333333,0.5673469387755102,0.177499713663956,0,1,0,8,3,1
1,5,2,5,2,0,0.15629322268326412,0.0,0.0,0.7648902821316617,0.02,0.766666666666667,0.012244897959183675,0.03539113503607835,0,0,0,8,3,0
1,5,1,5,0,3,0.32503457814661135,0.35789473684210527,0.2556497175141243,0.5219435736677116,0.56,0.766666666666667,0.4816326530612245,0.10875042950406598,0,1,0,8,3,1
1,5,1,2,0,2,0.39972337482710935,0.6736842105263158,0.4145480225988701,0.28996865203761757,0.74,0.4333333333333331,0.7142857142857143,0.21997766578856948,1,1,1,9,3,2
1,0,1,6,2,0,0.41770401106500704,0.3368421052631579,0.18220338983050846,0.4733542319749217,0.48,0.766666666666667,0.42448979591836733,0.14468560302370864,0,0,1,9,3,1
1,5,1,3,2,3,0.3872752420470263,0.3263157894736842,0.2627118644067797,0.567398119122257,0.43,0.3666666666666667,0.38979591836734695,0.11182854197686405,0,1,0,9,3,2
1,4,1,1,0,0,0.4190871369294606,0.29473684210526313,0.2648305084745763,0.5376175548589341,0.32,0.9666666666666668,0.31020408163265306,0.12633146260451267,0,0,1,9,3,1
1,1,1,0,0,2,0.3443983402489627,0.3684210526315789,0.3453389830508475,0.4373040752351098,0.4,0.033333333333333215,0.3877551020408163,0.13751288512197918,0,1,0,9,3,1
1,5,2,5,3,1,0.3333333333333334,0.6210526315789473,0.568502824858757,0.4905956112852666,0.8,0.666666666666667,0.7306122448979592,0.1188294582522048,1,1,0,9,3,1
1,5,2,6,0,2,0.19502074688796683,0.3894736842105263,0.3114406779661017,0.5752351097178685,0.49,0.833333333333333,0.45102040816326533,0.06854884892910319,0,1,0,9,3,0
1,0,2,0,2,1,0.6569847856154911,0.968421052631579,0.5614406779661016,0.30877742946708464,1.0,0.8666666666666667,0.9877551020408163,0.2949261253006529,1,1,1,10,4,3
1,4,1,1,1,1,0.644536652835408,0.5684210526315789,0.4385593220338983,0.329153605015674,0.75,0.6333333333333333,0.6795918367346939,0.27652903447485977,0,1,1,11,4,3
1,0,0,1,1,0,0.496542185338866,0.3368421052631579,0.2782485875706215,0.6442006269592477,0.36,0.033333333333333215,0.3510204081632653,0.11705417477952125,0,0,1,11,4,1
1,2,1,6,1,0,0.13416320885200556,0.0,0.0,0.7413793103448276,0.1,0.16666666666666696,0.061224489795918366,0.03400240522276944,0,0,0,11,4,1
1,1,2,6,0,2,0.32503457814661135,0.3894736842105263,0.3481638418079096,0.4514106583072101,0.36,0.5333333333333332,0.37142857142857144,0.12802084526400187,0,1,0,11,4,1
1,4,0,5,2,3,0.47026279391424625,0.5157894736842105,0.4025423728813559,0.44357366771159884,0.75,0.2333333333333334,0.6591836734693878,0.16839422746535337,0,1,0,11,4,1
1,0,1,6,0,0,0.330567081604426,0.2631578947368421,0.240819209039548,0.5517241379310345,0.28,0.06666666666666687,0.27346938775510204,0.10295212461344634,0,0,0,11,4,0
1,0,1,0,2,1,0.3167358229598894,0.6631578947368421,0.4879943502824859,0.4294670846394985,0.82,0.3666666666666667,0.7591836734693878,0.13270243958309474,0,1,0,11,4,0
1,5,1,1,1,1,0.517289073305671,0.5473684210526316,0.3672316384180791,0.38087774294670856,0.63,0.7333333333333334,0.5979591836734693,0.2080660863589509,1,1,1,11,4,3
1,0,1,3,2,1,0.6639004149377594,0.5368421052631579,0.3587570621468927,0.4608150470219437,0.73,0.5666666666666669,0.6551020408163266,0.21138758446913303,0,1,1,12,4,3
1,5,1,1,1,3,0.359612724757953,0.34736842105263155,0.18926553672316385,0.5360501567398119,0.43,0.10000000000000009,0.3979591836734694,0.11321727179017295,0,1,0,12,4,2
1,5,2,0,3,2,0.19087136929460574,0.2736842105263158,0.2076271186440678,0.5172413793103448,0.41,0.7000000000000002,0.35714285714285715,0.07855629366624671,0,1,0,12,4,0
1,2,1,1,0,3,0.4121715076071923,0.6421052631578947,0.4922316384180791,0.43260188087774293,0.68,0.5666666666666669,0.6653061224489797,0.1570982705302944,1,1,1,12,4,3
1,0,2,6,0,2,0.3872752420470263,0.6210526315789473,0.4244350282485876,0.44670846394984326,0.88,0.6000000000000001,0.7795918367346939,0.14564482877104573,0,1,0,12,4,0
1,5,1,6,2,3,0.2876901798063624,0.25263157894736843,0.17372881355932204,0.6018808777429467,0.4,0.8999999999999999,0.34285714285714286,0.08333810560073303,0,1,0,12,4,1
1,4,1,2,0,2,0.6887966804979253,0.8210526315789474,0.5084745762711864,0.25548589341692796,1.0,0.30000000000000027,0.9306122448979592,0.3509477723055779,1,1,1,12,4,3
1,0,1,6,1,1,0.7233748271092668,1.0,0.7577683615819208,0.3401253918495298,1.0,0.766666666666667,1.0,0.29405280036651016,1,1,1,1,1,3
1,4,1,5,2,0,0.3941908713692947,0.25263157894736843,0.15324858757062146,0.6206896551724139,0.27,0.8666666666666667,0.26326530612244897,0.10154907799793837,0,0,1,1,1,1
1,5,0,3,0,0,0.24066390041493774,0.0,0.0,0.7100313479623825,0.14,0.10000000000000009,0.08571428571428572,0.05690928874126676,0,0,0,1,1,1
1,0,2,6,0,3,0.6154910096818811,0.7368421052631579,0.4470338983050847,0.34639498432601884,0.93,0.766666666666667,0.8551020408163266,0.256342343374184,0,1,1,1,1,2
1,5,1,5,0,1,0.32226832641770403,0.6421052631578947,0.4018361581920904,0.3871473354231975,0.78,0.3666666666666667,0.7265306122448979,0.14898064368342684,1,1,0,1,1,1
1,0,1,1,1,1,0.73582295988935,0.5473684210526316,0.4936440677966102,0.44357366771159884,0.67,1.0,0.6224489795918368,0.23780208452640023,0,1,1,1,1,3
1,2,1,5,0,1,0.351313969571231,0.29473684210526313,0.2019774011299435,0.5062695924764891,0.3,0.766666666666667,0.29795918367346935,0.11891535906539914,0,1,1,1,1,3
1,1,1,0,1,3,0.44951590594744123,0.42105263157894735,0.2874293785310734,0.4498432601880878,0.43,0.8999999999999999,0.42653061224489797,0.16070610468445767,0,1,0,1,1,3
1,5,1,0,0,3,0.376210235131397,0.22105263157894736,0.1306497175141243,0.6990595611285266,0.37,0.3999999999999999,0.3122448979591837,0.08350990722712177,0,1,0,1,1,2
1,5,1,0,2,3,0.2849239280774551,0.34736842105263155,0.260593220338983,0.5266457680250785,0.35,0.30000000000000027,0.3489795918367347,0.09834211430534877,0,1,0,1,1,1
1,5,1,5,1,3,0.41078838174273863,0.6631578947368421,0.3834745762711864,0.44357366771159884,0.85,0.8666666666666667,0.7775510204081633,0.15284618027717328,1,1,0,1,1,2
1,0,1,6,1,2,0.7786998616874135,0.8526315789473684,0.8432203389830508,0.31504702194357365,0.92,0.6333333333333333,0.8938775510204082,0.33048906196312,1,1,1,1,1,3
1,5,0,6,1,1,0.2102351313969572,0.35789473684210527,0.20268361581920905,0.4200626959247649,0.5,0.1333333333333333,0.4448979591836735,0.10686061161378994,0,1,0,1,1,0
1,5,1,0,3,1,0.35269709543568467,0.5368421052631579,0.5190677966101694,0.45768025078369906,0.56,0.2333333333333334,0.5510204081632654,0.13320352766006188,1,1,0,1,1,2
1,0,1,0,1,3,0.5892116182572613,0.6421052631578947,0.4922316384180791,0.10815047021943575,0.71,0.3999999999999999,0.6836734693877552,0.5081033100446685,0,1,1,1,1,2
1,5,1,1,1,1,0.4121715076071923,0.5894736842105263,0.5536723163841808,0.33385579937304083,0.72,0.1333333333333333,0.6693877551020408,0.19963348986370405,1,1,0,1,1,2
1,3,2,6,2,2,0.6514522821576763,0.5473684210526316,0.536723163841808,0.47021943573667707,0.76,0.2333333333333334,0.6775510204081633,0.2042721337761998,0,1,1,2,1,1
1,5,1,0,1,2,0.31811894882434305,0.4105263157894737,0.2895480225988701,0.6426332288401255,0.6,0.10000000000000009,0.5265306122448979,0.08209254380941473,0,1,0,2,1,1
1,0,1,6,1,2,0.640387275242047,0.9789473684210526,0.7033898305084746,0.23981191222570536,1.0,0.7333333333333334,0.9918367346938776,0.3476692246019929,1,1,1,2,1,2
1,2,2,0,2,0,0.14937759336099582,0.09473684210526316,0.07274011299435028,0.7601880877742948,0.14,0.3666666666666667,0.12244897959183673,0.03468961172832437,0,0,0,3,1,1
1,5,1,6,2,1,0.3374827109266943,0.5473684210526316,0.3248587570621469,0.3824451410658308,0.67,0.6333333333333333,0.6224489795918368,0.15516550223342118,1,1,0,3,1,1
1,5,2,0,0,1,0.3623789764868604,0.39999999999999997,0.22175141242937854,0.634796238244514,0.46,0.20000000000000018,0.43673469387755104,0.09232905738174323,0,1,0,3,1,2
1,5,1,5,0,3,0.3443983402489627,0.6210526315789473,0.5727401129943502,0.3855799373040752,0.82,0.8999999999999999,0.7428571428571429,0.15593860955217043,1,1,0,3,1,1
1,2,1,3,1,2,0.2987551867219918,0.021052631578947368,0.012711864406779662,0.7319749216300941,0.09,0.30000000000000027,0.06326530612244897,0.0643826594891765,0,0,1,3,1,3
1,5,2,6,1,0,0.10511756569847858,0.0,0.0,0.6536050156739812,0.0,0.5,0.0,0.038569465124269856,0,0,0,3,1,0
1,3,0,6,0,1,0.6708160442600277,0.5578947368421052,0.5338983050847458,0.47805642633228845,0.69,0.8999999999999999,0.6387755102040816,0.20587561562249457,0,1,1,3,1,1
1,5,1,2,0,2,0.2641770401106501,0.4105263157894737,0.269774011299435,0.3040752351097179,0.45,0.2333333333333334,0.4346938775510204,0.16597468789371206,0,1,0,3,1,1
1,5,0,0,1,2,0.28907330567081607,0.37894736842105264,0.3114406779661017,0.5564263322884013,0.45,0.7999999999999998,0.42244897959183675,0.09271561104111785,0,1,0,3,1,1
1,5,1,5,0,2,0.17289073305670816,0.3684210526315789,0.21822033898305085,0.47021943573667707,0.54,0.06666666666666687,0.47346938775510206,0.08434028175466728,0,1,0,4,2,0
1,5,1,2,2,1,0.31396957123098207,0.6421052631578947,0.6285310734463276,0.4639498432601881,0.89,0.30000000000000027,0.7938775510204082,0.12147806665903103,1,1,0,4,2,1
1,4,0,5,1,3,0.5338865836791147,0.7894736842105263,0.5451977401129944,0.24608150470219436,0.85,0.5,0.826530612244898,0.3007530637956706,1,1,1,4,2,2
1,5,2,3,2,2,0.41632088520055327,0.6421052631578947,0.5543785310734464,0.32758620689655177,0.74,0.9333333333333331,0.7020408163265306,0.2042291833696026,1,1,1,4,2,2
1,5,1,6,2,1,0.2351313969571231,0.34736842105263155,0.2803672316384181,0.5470219435736678,0.56,0.8999999999999999,0.47755102040816333,0.08265089909517813,0,1,0,4,2,1
1,5,2,0,1,3,0.42461964038727534,0.6736842105263158,0.5508474576271186,0.2962382445141066,0.82,0.833333333333333,0.763265306122449,0.22475947772305582,1,1,0,4,2,3
1,0,1,2,0,2,0.4080221300138313,0.7263157894736842,0.5042372881355932,0.2836990595611285,0.89,0.7333333333333334,0.826530612244898,0.22674951322872527,0,1,0,5,2,0
1,5,1,4,2,2,0.06639004149377592,0.0,0.0,0.8307210031347962,0.01,0.8666666666666667,0.006122448979591837,0.014488603825449545,0,0,0,5,2,0
1,2,2,2,0,2,0.2240663900414938,0.30526315789473685,0.2782485875706215,0.6316614420062696,0.38,0.9666666666666668,0.3510204081632653,0.06518440041232391,0,1,1,5,2,2
1,0,2,3,0,2,0.6307053941908713,0.3263157894736842,0.2245762711864407,0.677115987460815,0.42,0.033333333333333215,0.3836734693877551,0.13560875042950404,0,0,1,5,2,2
1,5,2,0,0,1,0.3900414937759337,0.5894736842105263,0.3686440677966102,0.43260188087774293,0.83,0.7333333333333334,0.736734693877551,0.15119974802428132,1,1,0,5,2,2
1,3,2,0,0,3,0.6597510373443984,0.47368421052631576,0.2620056497175141,0.45611285266457685,0.5,0.3333333333333335,0.4897959183673469,0.21236112701866916,0,1,1,5,2,1
1,3,1,5,0,2,0.6556016597510375,0.47368421052631576,0.3114406779661017,0.5266457680250785,0.7,0.9666666666666668,0.6122448979591837,0.1837991066315428,0,1,1,5,2,1
1,5,1,6,0,2,0.25449515905947445,0.0,0.0,0.7021943573667713,0.14,0.3666666666666667,0.08571428571428572,0.060517122895430084,0,0,0,6,2,1
1,0,1,0,0,3,0.5145228215767637,0.6421052631578947,0.4449152542372881,0.5877742946708464,0.83,0.833333333333333,0.7571428571428571,0.13414843660519987,0,1,0,6,2,1
1,3,1,6,0,2,0.7344398340248961,0.8631578947368421,0.7083333333333334,0.3652037617554859,0.97,0.20000000000000018,0.9285714285714286,0.2808527087389761,1,1,1,6,2,2
1,1,1,6,0,1,0.28354080221300143,0.3894736842105263,0.3877118644067797,0.5141065830721003,0.45,0.06666666666666687,0.42653061224489797,0.10094777230557782,0,1,0,6,2,1
1,3,0,0,0,0,0.4647302904564316,0.24210526315789474,0.15466101694915255,0.64576802507837,0.41,0.3666666666666667,0.3448979591836735,0.11043981216355515,0,0,0,6,2,0
1,0,2,3,1,2,0.6984785615491009,0.5684210526315789,0.3862994350282486,0.3432601880877744,0.81,0.3999999999999999,0.7163265306122448,0.2841455732447601,0,1,1,6,2,3
1,3,2,6,0,1,0.7344398340248961,0.8947368421052632,0.6730225988700564,0.19592476489028215,0.97,0.2333333333333334,0.9408163265306123,0.43689153590653995,1,1,1,6,2,2
1,0,1,6,2,0,0.3167358229598894,0.3368421052631579,0.2754237288135593,0.5595611285266457,0.33,0.766666666666667,0.33265306122448984,0.09814167907456191,0,0,0,6,2,0
1,0,1,6,1,0,0.3167358229598894,0.23157894736842105,0.23022598870056496,0.7429467084639501,0.29,0.5,0.26734693877551025,0.06602909174206849,0,0,0,6,2,0
1,0,0,6,2,2,0.5352697095435686,0.631578947368421,0.3785310734463277,0.4059561128526647,0.85,0.766666666666667,0.7653061224489797,0.20140877333638763,0,1,1,7,3,1
1,0,2,2,0,0,0.32503457814661135,0.21052631578947367,0.1362994350282486,0.4592476489028214,0.35,0.6000000000000001,0.29591836734693877,0.12565857290115684,0,0,0,7,3,0
1,4,1,0,2,2,0.5615491009681881,0.5789473684210527,0.510593220338983,0.5015673981191222,0.7,0.6000000000000001,0.653061224489796,0.17044153017981906,0,1,1,7,3,2
1,1,2,6,0,0,0.14799446749654227,0.1368421052631579,0.08121468926553672,0.6567398119122259,0.27,0.2333333333333334,0.21836734693877552,0.04652960714694766,0,0,0,7,3,0
1,4,1,6,0,0,0.25034578146611347,0.29473684210526313,0.2662429378531073,0.5877742946708464,0.41,0.3333333333333335,0.3653061224489796,0.0781267896002749,0,0,0,7,3,0
1,2,2,3,0,3,0.396957123098202,0.3263157894736842,0.2422316384180791,0.5783699059561129,0.41,0.10000000000000009,0.3775510204081633,0.11135608750429506,0,1,1,7,3,3
1,0,2,0,0,3,0.632088520055325,0.6736842105263158,0.3785310734463277,0.4184952978056427,0.77,0.0,0.7326530612244898,0.22221108693162295,0,1,1,8,3,2
1,3,2,6,0,3,0.6887966804979253,0.42105263157894735,0.2874293785310734,0.6175548589341693,0.65,0.16666666666666696,0.5612244897959184,0.1623525369373497,0,1,1,8,3,1
1,5,1,5,2,3,0.2849239280774551,0.28421052631578947,0.17584745762711865,0.5783699059561129,0.3,0.8999999999999999,0.29387755102040813,0.08730385980987289,0,1,0,8,3,1
1,5,0,5,2,3,0.2918395573997234,0.42105263157894735,0.3142655367231638,0.45297805642633243,0.44,0.6333333333333333,0.43265306122448977,0.11898694307639444,0,1,0,8,3,1
1,5,1,6,2,3,0.3195020746887967,0.5684210526315789,0.5713276836158192,0.4373040752351098,0.69,0.1333333333333333,0.6428571428571429,0.13094147291261027,1,1,0,8,3,1
1,0,1,3,0,1,0.7717842323651452,0.8842105263157894,0.5254237288135594,0.23667711598746083,1.0,0.1333333333333333,0.9551020408163267,0.402302141793609,1,1,1,8,3,3
1,0,1,0,0,0,0.34301521438450894,0.21052631578947367,0.16242937853107345,0.584639498432602,0.39,0.7333333333333334,0.32040816326530613,0.09844233192074218,0,0,0,9,3,0
1,2,1,6,2,1,0.2780082987551868,0.43157894736842106,0.23799435028248586,0.438871473354232,0.55,0.9666666666666668,0.5040816326530613,0.1195166647577597,0,1,0,9,3,3
1,3,2,6,2,2,0.7952973720608576,0.7999999999999999,0.4314971751412429,0.27429467084639503,1.0,0.833333333333333,0.9224489795918368,0.3719791547359982,1,1,1,9,3,2
1,5,1,6,2,0,0.07192254495159067,0.010526315789473684,0.0077683615819209035,0.7727272727272729,0.0,0.06666666666666687,0.004081632653061225,0.020172374298476695,0,0,0,10,4,0
1,0,1,0,2,0,0.3872752420470263,0.3157894736842105,0.2549435028248588,0.6567398119122259,0.42,0.7333333333333334,0.3795918367346939,0.09308784789829345,0,0,0,10,4,0
1,4,2,6,2,3,0.4923928077455048,0.5263157894736842,0.5042372881355932,0.481191222570533,0.53,0.4666666666666668,0.5285714285714286,0.16062020387126336,0,1,0,10,4,2
1,1,1,1,2,3,0.6569847856154911,0.7473684210526316,0.5755649717514124,0.40282131661442006,0.99,0.3999999999999999,0.8959183673469387,0.23688580918566027,1,1,1,10,4,3
1,5,1,5,0,0,0.20746887966804978,0.042105263157894736,0.03248587570621469,0.7946708463949843,0.16,0.7999999999999998,0.1142857142857143,0.040917420684915815,0,0,0,10,4,0
1,5,1,5,2,3,0.3485477178423237,0.37894736842105264,0.3439265536723164,0.6285266457680252,0.45,0.4666666666666668,0.42244897959183675,0.09075420913984654,0,1,0,10,4,2
1,5,2,5,2,1,0.3236514522821577,0.6526315789473685,0.6186440677966102,0.31034482758620696,0.92,0.1333333333333333,0.8163265306122449,0.18282556408200668,1,1,0,10,4,1
1,0,2,6,1,3,0.6127247579529738,0.5263157894736842,0.365819209039548,0.34952978056426337,0.61,0.7000000000000002,0.5775510204081632,0.2535935173519643,0,1,1,10,4,2
1,4,0,6,1,3,0.6293222683264177,0.9052631578947368,0.5416666666666666,0.27586206896551724,1.0,0.0,0.963265306122449,0.3110325277745963,1,1,1,11,4,3
1,5,2,6,0,1,0.18395573997233744,0.23157894736842105,0.163135593220339,0.634796238244514,0.23,0.833333333333333,0.2306122448979592,0.05668021990608178,0,1,0,11,4,0
1,0,2,5,2,3,0.5435684647302905,0.6526315789473685,0.4371468926553672,0.34796238244514105,0.68,0.10000000000000009,0.6693877551020408,0.23317775741610358,0,1,0,11,4,1
1,5,2,5,0,2,0.23928077455048408,0.0,0.0,0.7006269592476491,0.0,0.10000000000000009,0.0,0.05792578169740008,0,0,0,11,4,1
1,5,1,6,3,1,0.3900414937759337,0.6526315789473685,0.5451977401129944,0.43416927899686525,0.71,0.2333333333333334,0.6877551020408164,0.150655709540717,1,1,0,11,4,2
1,0,1,1,2,2,0.43430152143845097,0.29473684210526313,0.1984463276836158,0.5642633228840126,0.35,0.5,0.32857142857142857,0.12285247967014089,0,0,1,11,4,1
1,0,0,5,0,3,0.6666666666666667,0.9894736842105263,0.617231638418079,0.3072100313479624,1.0,0.833333333333333,0.9959183673469387,0.29932138357576454,1,1,1,11,4,3
1,0,2,2,2,1,0.6265560165975104,0.968421052631579,0.7005649717514124,0.23981191222570536,1.0,0.033333333333333215,0.9877551020408163,0.34228610697514605,1,1,1,11,4,2
1,4,1,6,0,1,0.4744121715076072,0.5368421052631579,0.3347457627118644,0.4639498432601881,0.61,0.30000000000000027,0.5816326530612245,0.16208051769556753,0,1,0,11,4,1
1,0,1,5,0,1,0.5905947441217152,0.8842105263157894,0.7648305084745762,0.28996865203761757,1.0,0.7000000000000002,0.9551020408163267,0.28627877677242014,1,1,1,12,4,2
1,5,0,0,3,2,0.11065006915629322,0.0,0.0,0.8244514106583074,0.0,0.10000000000000009,0.0,0.02214809300194709,0,0,0,12,4,0
1,5,1,3,1,3,0.40940525587828497,0.35789473684210527,0.3043785310734463,0.493730407523511,0.41,0.16666666666666696,0.38979591836734695,0.1363675409460543,0,1,0,12,4,2
1,5,1,4,0,1,0.1922544951590595,0.4105263157894737,0.3601694915254237,0.4373040752351098,0.62,0.3666666666666667,0.5387755102040817,0.09733993815141449,0,1,0,12,4,0
1,0,2,6,2,3,0.4785615491009682,0.631578947368421,0.4929378531073446,0.35579937304075243,0.86,0.033333333333333215,0.7714285714285715,0.20902531210628794,0,1,0,12,4,1
1,2,1,6,0,3,0.23236514522821577,0.4526315789473684,0.2641242937853107,0.609717868338558,0.67,0.2666666666666666,0.5857142857142856,0.07048161722597641,0,1,0,1,1,2
1,4,1,5,0,0,0.3278008298755188,0.22105263157894736,0.14759887005649716,0.633228840125392,0.35,0.8666666666666667,0.3,0.0857146947657771,0,0,0,1,1,0
1,5,0,2,0,0,0.06500691562932231,0.0,0.0,0.7225705329153607,0.0,0.4333333333333331,0.0,0.023551139617455058,0,0,0,1,1,0
1,5,2,1,0,2,0.4329183955739972,0.6210526315789473,0.3580508474576271,0.31504702194357365,0.8,0.833333333333333,0.7306122448979592,0.2164986828541977,1,1,1,2,1,3
1,5,2,6,0,3,0.35269709543568467,0.6421052631578947,0.4597457627118644,0.41536050156739807,0.68,0.3999999999999999,0.6653061224489797,0.14721967701294236,1,1,0,2,1,2
1,0,2,5,0,0,0.40248962655601667,0.30526315789473685,0.2111581920903955,0.5956112852664577,0.48,0.8666666666666667,0.41224489795918373,0.10863589508647349,0,0,0,2,1,0
1,0,2,6,1,0,0.2697095435684647,0.23157894736842105,0.17584745762711865,0.6896551724137931,0.18,0.16666666666666696,0.2,0.06515576680792577,0,0,0,2,1,0
1,3,1,0,2,1,0.8063623789764869,0.7999999999999999,0.7090395480225988,0.2633228840125392,1.0,0.766666666666667,0.9224489795918368,0.38688294582522054,1,1,1,2,1,3
1,5,2,0,0,3,0.280774550484094,0.4105263157894737,0.403954802259887,0.5360501567398119,0.57,0.3333333333333335,0.5081632653061224,0.09527831863474974,0,1,0,2,1,1
1,5,1,1,0,0,0.12724757952973725,0.0,0.0,0.590909090909091,0.0,0.20000000000000018,0.0,0.05154048791661896,0,0,0,3,1,0
1,0,2,5,0,3,0.6127247579529738,0.5368421052631579,0.4117231638418079,0.46708463949843265,0.66,0.8999999999999999,0.6122448979591837,0.1958252204787539,0,1,1,3,1,2
1,4,1,6,2,2,0.5228215767634854,0.29473684210526313,0.2662429378531073,0.5360501567398119,0.42,0.1333333333333333,0.37142857142857144,0.15034073989233765,0,0,1,3,1,2
1,0,1,6,2,2,0.27524204702627936,0.25263157894736843,0.22033898305084745,0.7021943573667713,0.22,0.766666666666667,0.2326530612244898,0.06435402588477838,0,0,0,3,1,0
1,1,2,5,0,0,0.280774550484094,0.14736842105263157,0.09322033898305085,0.5924764890282133,0.1,0.4333333333333331,0.11836734693877551,0.08366739205131142,0,0,0,3,1,1
1,5,1,0,0,1,0.2876901798063624,0.6842105263157895,0.4766949152542373,0.32445141065830724,0.92,0.16666666666666696,0.8285714285714286,0.16428530523422286,1,1,0,3,1,1
1,0,1,0,0,1,0.6030428769017979,0.5894736842105263,0.3608757062146893,0.5188087774294672,0.78,0.30000000000000027,0.7061224489795918,0.1743357003779636,0,1,1,3,1,2
1,0,1,2,2,1,0.5656984785615493,0.7263157894736842,0.5360169491525424,0.31661442006269597,0.79,0.3666666666666667,0.7653061224489797,0.2592486542205933,0,1,1,4,2,2
1,5,1,1,1,2,0.42047026279391425,0.34736842105263155,0.22033898305084745,0.6473354231974922,0.34,0.7000000000000002,0.34285714285714286,0.1014059099759478,0,1,1,4,2,2
1,5,1,5,2,2,0.24343015214384517,0.3894736842105263,0.2803672316384181,0.4921630094043888,0.4,0.9666666666666668,0.3959183673469388,0.09660978123926241,0,1,0,4,2,1
1,2,0,3,1,2,0.2959889349930844,0.07368421052631578,0.05296610169491525,0.8667711598746082,0.06,0.2333333333333334,0.0653061224489796,0.047503149696483796,0,0,1,4,2,3
1,5,1,2,0,3,0.27524204702627936,0.24210526315789474,0.1716101694915254,0.6175548589341693,0.21,0.20000000000000018,0.22244897959183674,0.07791203756728897,0,1,0,4,2,1
1,4,1,4,2,0,0.40248962655601667,0.16842105263157894,0.14477401129943504,0.6238244514106583,0.2,0.0,0.18775510204081633,0.10259420455846983,0,0,1,5,2,1
1,5,2,6,0,2,0.2240663900414938,0.0,0.0,0.7742946708463951,0.0,0.3333333333333335,0.0,0.04597125186118428,0,0,0,5,2,0
1,5,1,5,1,2,0.09543568464730295,0.0,0.0,0.786833855799373,0.06,0.2333333333333334,0.03673469387755102,0.022906883518497304,0,0,0,5,2,0
1,5,0,6,1,2,0.2710926694329185,0.0,0.0,0.7586206896551726,0.0,0.4333333333333331,0.0,0.05595006299392967,0,0,0,5,2,1
1,0,1,2,1,0,0.4329183955739972,0.35789473684210527,0.317090395480226,0.4921630094043888,0.46,0.30000000000000027,0.4204081632653061,0.1425380826938495,0,0,1,5,2,1
1,5,0,4,0,3,0.4190871369294606,0.35789473684210527,0.3531073446327684,0.6065830721003136,0.52,0.033333333333333215,0.4571428571428572,0.10966670484480585,0,1,0,5,2,2
1,5,1,6,0,3,0.23236514522821577,0.35789473684210527,0.3255649717514124,0.3965517241379311,0.43,0.4666666666666668,0.40204081632653066,0.12007502004352306,0,1,0,5,2,1
1,5,1,2,2,3,0.3125864453665284,0.37894736842105264,0.2365819209039548,0.4843260188087775,0.58,0.4333333333333331,0.5020408163265306,0.11545069293322642,0,1,0,5,2,1
1,4,2,6,0,2,0.5062240663900415,0.9157894736842105,0.7725988700564972,0.15360501567398122,1.0,0.666666666666667,0.9673469387755101,0.3889016149352881,1,1,1,5,2,2
1,0,1,6,0,2,0.6694329183955741,0.8526315789473684,0.847457627118644,0.2993730407523511,0.92,0.6000000000000001,0.8938775510204082,0.30622208223571185,1,1,1,5,2,3
1,3,1,6,1,2,0.9336099585062241,0.8947368421052632,0.5769774011299434,0.33542319749216304,1.0,0.3666666666666667,0.9591836734693877,0.3638901614935288,1,1,1,5,2,3
1,5,2,3,3,3,0.38865836791148006,0.29473684210526313,0.1906779661016949,0.6050156739811912,0.26,0.16666666666666696,0.27346938775510204,0.1036965983277975,0,1,0,5,2,2
1,0,1,3,3,3,0.6390041493775933,0.7368421052631579,0.7189265536723164,0.3213166144200627,0.86,0.7333333333333334,0.8122448979591838,0.2800652846180277,0,1,1,6,2,2
1,0,2,1,2,1,0.7455048409405256,0.9789473684210526,0.5614406779661016,0.0,1.0,0.8999999999999999,0.9918367346938776,1.0,1,1,1,6,2,3
1,3,1,1,1,0,0.6210235131396957,0.23157894736842105,0.18220338983050846,0.6567398119122259,0.25,0.9333333333333331,0.24285714285714285,0.13857232848470963,0,0,1,6,2,1
1,3,1,3,0,3,0.8243430152143845,0.5789473684210527,0.3156779661016949,0.4827586206896552,0.79,0.6333333333333333,0.7081632653061224,0.2417105715267438,0,1,1,6,2,3
1,5,1,6,1,2,0.37482710926694335,0.5473684210526316,0.3679378531073446,0.4827586206896552,0.6,1.0,0.5795918367346938,0.1311848585499943,1,1,1,6,2,2
1,4,1,6,3,2,0.38450899031811897,0.6,0.4279661016949153,0.4592476489028214,0.79,0.766666666666667,0.7163265306122448,0.1408200664299622,0,1,0,7,3,1
1,0,1,2,2,0,0.4232365145228217,0.3263157894736842,0.3234463276836158,0.5532915360501569,0.34,0.0,0.3346938775510204,0.12318176612071928,0,0,1,7,3,1
1,4,1,5,2,3,0.5020746887966805,0.49473684210526314,0.3382768361581921,0.43260188087774293,0.74,0.9666666666666668,0.6448979591836735,0.18102164700492496,0,1,0,7,3,2
1,5,1,1,0,0,0.22683264177040113,0.031578947368421054,0.02401129943502825,0.8573667711598747,0.12,0.8666666666666667,0.08571428571428572,0.03765318978352995,0,0,0,7,3,0
1,5,2,4,0,2,0.16597510373443985,0.4105263157894737,0.3961864406779661,0.5783699059561129,0.44,0.7333333333333334,0.42857142857142855,0.061762684686748365,0,1,0,7,3,0
1,5,0,2,2,3,0.38865836791148006,0.3368421052631579,0.2888418079096045,0.5940438871473355,0.47,0.1333333333333333,0.4183673469387755,0.1060731874928416,0,1,0,7,3,2
1,5,1,6,1,1,0.3582295988934993,0.34736842105263155,0.3100282485875706,0.6128526645768027,0.34,0.666666666666667,0.34285714285714286,0.09579372351391592,0,1,0,7,3,2
1,0,2,2,0,1,0.6791147994467497,0.8842105263157894,0.6574858757062146,0.2931034482758621,0.99,0.2666666666666666,0.9489795918367347,0.314497193906769,1,1,1,8,3,3
1,2,2,5,2,3,0.26556016597510385,0.3684210526315789,0.2542372881355932,0.6269592476489028,0.41,0.5333333333333332,0.39387755102040817,0.07431852021532472,0,1,0,8,3,2
1,0,2,5,1,1,0.6113416320885201,0.6526315789473685,0.5346045197740112,0.3542319749216301,0.74,0.7000000000000002,0.7061224489795918,0.25037223685717563,0,1,1,8,3,2
1,3,1,4,1,0,0.5892116182572613,0.10526315789473684,0.0925141242937853,0.7774294670846396,0.08,0.9333333333333331,0.08979591836734693,0.1076766693391364,0,0,1,8,3,1
1,4,0,6,1,1,0.5255878284923929,0.5263157894736842,0.3848870056497175,0.5470219435736678,0.59,0.1333333333333333,0.5653061224489797,0.1477350818921086,0,1,0,8,3,2
1,2,2,2,1,0,0.12448132780082993,0.0,0.0,0.8385579937304077,0.0,0.7999999999999998,0.0,0.023178902760279466,0,0,0,8,3,1
1,5,1,6,2,2,0.011065006915629338,0.05263157894736842,0.04307909604519774,0.7962382445141067,0.0,0.8999999999999999,0.020408163265306124,0.008017409231474051,0,0,0,8,3,0
1,5,1,0,2,1,0.47717842323651455,0.5263157894736842,0.3714689265536723,0.5705329153605017,0.57,0.16666666666666696,0.553061224489796,0.13059786965983278,1,1,0,8,3,3
1,4,1,6,0,0,0.3347164591977871,0.23157894736842105,0.1362994350282486,0.5689655172413794,0.38,0.7333333333333334,0.32244897959183677,0.10003149696483794,0,0,0,8,3,0
1,4,1,5,2,3,0.4647302904564316,0.5684210526315789,0.3283898305084746,0.4498432601880878,0.72,0.5333333333333332,0.6612244897959184,0.16464322528919945,0,1,0,9,3,1
1,0,1,5,3,2,0.45643153526970964,0.23157894736842105,0.2040960451977401,0.6316614420062696,0.27,0.9333333333333331,0.25510204081632654,0.11179990837246594,0,0,1,9,3,1
1,0,2,5,2,0,0.36791147994467505,0.22105263157894736,0.153954802259887,0.6191222570532915,0.36,0.033333333333333215,0.30612244897959184,0.09652388042606806,0,0,0,9,3,0
1,2,0,2,0,3,0.23098201936376223,0.4105263157894737,0.2584745762711864,0.5564263322884013,0.62,0.3666666666666667,0.5387755102040817,0.0798734394685603,0,1,0,9,3,2
1,5,2,6,0,3,0.3623789764868604,0.5789473684210527,0.559322033898305,0.4420062695924765,0.62,0.0,0.6040816326530613,0.14070553201236974,1,1,0,9,3,2
1,3,1,6,2,3,0.7690179806362378,0.7368421052631579,0.4201977401129943,0.34639498432601884,0.97,0.6000000000000001,0.8795918367346939,0.30393139388386214,1,1,1,9,3,2
1,0,1,6,1,2,0.8450899031811894,0.9263157894736842,0.7125706214689266,0.30564263322884017,1.0,0.5333333333333332,0.9714285714285714,0.36046844576795334,1,1,1,9,3,3
1,2,2,6,1,2,0.14799446749654227,0.0,0.0,0.8730407523510972,0.0,0.7999999999999998,0.0,0.02398064368342688,0,0,0,9,3,1
1,5,2,5,0,1,0.3872752420470263,0.6736842105263158,0.4992937853107345,0.3228840125391849,0.72,0.9666666666666668,0.7020408163265306,0.1973141679074562,1,1,0,9,3,2
1,5,1,0,2,0,0.09543568464730295,0.0,0.0,0.7210031347962382,0.04,0.30000000000000027,0.02448979591836735,0.029206276486084065,0,0,0,9,3,0
1,4,2,0,2,3,0.44260027662517293,0.5368421052631579,0.5176553672316384,0.4843260188087775,0.77,0.3333333333333335,0.6795918367346939,0.14734852823273398,0,1,0,9,3,1
1,3,2,6,0,3,0.6694329183955741,0.631578947368421,0.4872881355932203,0.2836990595611285,0.71,0.7000000000000002,0.6795918367346939,0.31879223456648725,0,1,1,10,4,1
1,4,1,5,1,2,0.48824343015214383,0.6,0.538135593220339,0.41222570532915365,0.63,0.3999999999999999,0.6183673469387755,0.1856459741152216,0,1,1,10,4,2
1,5,2,4,0,3,0.27939142461964045,0.6842105263157895,0.5713276836158192,0.32445141065830724,0.96,0.10000000000000009,0.8530612244897959,0.16160806322299853,1,1,0,10,4,1
1,4,1,6,1,2,0.6694329183955741,0.8315789473684211,0.8121468926553672,0.21943573667711602,1.0,0.666666666666667,0.9346938775510205,0.38065513686862906,1,1,1,10,4,3
1,5,0,6,2,2,0.18810511756569853,0.2631578947368421,0.22033898305084745,0.6316614420062696,0.25,0.5,0.25510204081632654,0.05798304890619631,0,1,0,11,4,0
1,0,2,1,2,1,0.773167358229599,0.9789473684210526,0.7146892655367232,0.25235109717868337,1.0,0.7000000000000002,0.9918367346938776,0.385837819264689,1,1,1,11,4,3
1,4,1,1,0,3,0.5394190871369295,0.6105263157894737,0.4724576271186441,0.44670846394984326,0.71,0.3666666666666667,0.6714285714285715,0.1852164700492498,0,1,1,12,4,2
1,5,2,3,0,2,0.3098201936376211,0.0,0.0,0.8072100313479624,0.0,0.833333333333333,0.0,0.05646546787309588,0,0,0,12,4,1
1,1,1,5,1,0,0.2627939142461964,0.010526315789473684,0.009180790960451978,0.6504702194357368,0.16,0.9666666666666668,0.10204081632653061,0.06986599473141679,0,0,0,12,4,1
1,0,1,6,2,0,0.37482710926694335,0.21052631578947367,0.1843220338983051,0.5203761755485894,0.36,0.1333333333333333,0.3020408163265306,0.12070495934028173,0,0,0,12,4,0
1,0,1,6,1,2,0.521438450899032,0.5263157894736842,0.2980225988700565,0.6128526645768027,0.56,0.4666666666666668,0.5469387755102041,0.12932367426411634,0,1,1,12,4,1
2,0,0,6,1,2,0.496542185338866,0.6842105263157895,0.4498587570621469,0.493730407523511,0.85,0.7333333333333334,0.7857142857142857,0.15744187378307184,0,1,1,1,1,1
2,5,2,6,2,2,0.14246196403872752,0.0,0.0,0.7304075235109719,0.13,0.7999999999999998,0.07959183673469387,0.03665101362959569,0,0,0,2,1,0
2,2,2,1,2,1,0.45228215767634866,0.47368421052631576,0.2733050847457627,0.5501567398119123,0.57,0.2666666666666666,0.5326530612244899,0.13046901844004122,0,1,1,3,1,3
2,5,1,1,3,3,0.3651452282157676,0.3894736842105263,0.2627118644067797,0.468652037617555,0.4,0.2666666666666666,0.3959183673469388,0.13298877562707595,0,1,0,4,2,2
2,4,1,3,1,1,0.578146611341632,0.6631578947368421,0.625,0.4184952978056427,0.85,0.3999999999999999,0.7775510204081633,0.20752204787538658,0,1,1,4,2,3
2,0,0,5,1,3,0.558782849239281,0.6210526315789473,0.5861581920903954,0.2821316614420063,0.75,0.06666666666666687,0.7000000000000001,0.28099587676096666,0,1,1,5,2,2
2,2,1,3,1,0,0.2531120331950208,0.08421052631578947,0.05155367231638418,0.8025078369905958,0.19,0.4333333333333331,0.14897959183673468,0.04764631771847441,0,0,1,5,2,2
2,4,1,6,2,0,0.41632088520055327,0.25263157894736843,0.16454802259887005,0.5062695924764891,0.22,0.8666666666666667,0.2326530612244898,0.1343488718359867,0,0,1,5,2,1
2,5,1,2,1,3,0.31535269709543573,0.39999999999999997,0.3411016949152542,0.633228840125392,0.58,0.7000000000000002,0.5102040816326531,0.08322357118314054,0,1,0,5,2,1
2,5,1,5,2,1,0.3914246196403873,0.5473684210526316,0.346045197740113,0.3730407523510972,0.74,0.0,0.6653061224489797,0.17480815485053258,1,1,0,5,2,2
2,3,0,5,0,3,0.7856154910096818,0.43157894736842106,0.4180790960451977,0.371473354231975,0.58,0.20000000000000018,0.5224489795918368,0.2920627648608407,0,1,1,6,2,2
2,1,1,1,1,1,0.5961272475795296,0.6947368421052631,0.4569209039548023,0.28996865203761757,0.77,0.8666666666666667,0.7408163265306122,0.28819722826709426,1,1,1,6,2,3
2,1,2,3,1,1,0.6514522821576763,0.7578947368421053,0.7153954802259886,0.42476489028213166,0.92,0.4333333333333331,0.8571428571428571,0.22445882487687552,1,1,1,7,3,3
2,5,1,0,0,2,0.42738589211618255,0.6210526315789473,0.3912429378531073,0.426332288401254,0.8,0.20000000000000018,0.7306122448979592,0.16346924750887643,1,1,1,8,3,3
2,5,2,5,0,0,0.1009681881051176,0.0,0.0,0.7006269592476491,0.08,0.3333333333333335,0.0489795918367347,0.03237028977207651,0,0,0,9,3,0
2,3,0,5,2,0,0.5615491009681881,0.12631578947368421,0.11228813559322035,0.7335423197492164,0.19,0.3666666666666667,0.1653061224489796,0.1109695338449204,0,0,1,9,3,1
2,3,1,5,2,1,0.6846473029045643,0.4631578947368421,0.4336158192090395,0.4827586206896552,0.52,0.4666666666666668,0.49795918367346936,0.20736456305119694,0,1,1,9,3,1
2,0,2,6,3,3,0.5947441217150762,0.6,0.547316384180791,0.4952978056426332,0.71,0.10000000000000009,0.6673469387755102,0.1806207765433513,0,1,1,10,4,2
2,0,1,5,2,1,0.5117565698478561,0.6105263157894737,0.5331920903954802,0.42319749216300945,0.81,0.3333333333333335,0.7326530612244898,0.18744989119230332,0,1,0,10,4,1
2,5,1,1,0,3,0.4370677731673583,0.4105263157894737,0.3340395480225989,0.4294670846394985,0.51,0.7000000000000002,0.4714285714285715,0.1648866109265834,0,1,0,10,4,3
2,5,2,6,2,3,0.22683264177040113,0.21052631578947367,0.11299435028248588,0.6583072100313481,0.27,0.833333333333333,0.24693877551020407,0.06163383346695683,0,1,0,10,4,0
2,4,1,3,0,0,0.46611341632088527,0.29473684210526313,0.24717514124293785,0.525078369905956,0.3,0.8666666666666667,0.29795918367346935,0.14057668079257818,0,0,1,10,4,1
2,3,2,5,2,1,0.42047026279391425,0.5684210526315789,0.384180790960452,0.4608150470219437,0.79,0.2333333333333334,0.7040816326530612,0.14946741495819493,0,1,0,10,4,0
2,5,0,5,2,1,0.33609958506224064,0.6842105263157895,0.5141242937853108,0.4623824451410658,0.73,0.833333333333333,0.7122448979591837,0.12754839079143282,1,1,0,11,4,1
2,2,1,2,3,0,0.13416320885200556,0.0,0.0,0.6567398119122259,0.04,0.8666666666666667,0.02448979591836735,0.04383804833352423,0,0,0,11,4,1
2,0,1,2,0,2,0.5131396957123098,0.6947368421052631,0.6200564971751412,0.46708463949843265,0.74,0.6333333333333333,0.7224489795918367,0.1707421830259993,0,1,1,11,4,1
2,3,1,0,2,2,0.8201936376210235,0.8210526315789474,0.7994350282485876,0.26959247648902823,0.97,0.16666666666666696,0.9122448979591837,0.38559443362730506,1,1,1,12,4,3
2,2,1,6,0,3,0.25172890733056713,0.3894736842105263,0.3036723163841808,0.5705329153605017,0.57,0.2666666666666666,0.5,0.08167735654564197,0,1,0,12,4,2
2,5,2,0,0,2,0.3872752420470263,0.6631578947368421,0.3813559322033898,0.4921630094043888,0.93,0.033333333333333215,0.826530612244898,0.1314711945939755,1,1,1,12,4,2
2,5,2,6,0,3,0.23374827109266944,0.39999999999999997,0.22951977401129944,0.5094043887147335,0.45,0.7333333333333334,0.4306122448979592,0.09031038827167563,0,1,0,1,1,1
2,4,0,5,0,0,0.301521438450899,0.18947368421052632,0.15324858757062146,0.6865203761755487,0.18,0.6000000000000001,0.1836734693877551,0.07159832779750315,0,0,0,1,1,0
2,0,2,6,2,0,0.33886583679114807,0.2631578947368421,0.18926553672316385,0.5626959247648904,0.41,0.6333333333333333,0.3530612244897959,0.10232218531668767,0,0,0,3,1,0
2,1,1,1,2,1,0.1825726141078839,0.5157894736842105,0.3086158192090395,0.4514106583072101,0.63,0.06666666666666687,0.5857142857142856,0.09124098041461458,0,1,0,4,2,0
2,1,1,6,0,1,0.14107883817427397,0.4526315789473684,0.4505649717514124,0.652037617554859,0.54,0.06666666666666687,0.5061224489795918,0.04579945023479556,0,1,0,5,2,0
2,5,0,5,0,1,0.4260027662517289,0.6842105263157895,0.4244350282485876,0.3934169278996866,0.75,0.8999999999999999,0.7244897959183674,0.17613961745504525,1,1,0,6,2,3
2,5,1,6,0,2,0.0760719225449516,0.021052631578947368,0.019067796610169493,0.7053291536050157,0.01,0.1333333333333333,0.014285714285714287,0.02728782499140993,0,0,0,7,3,0
2,5,2,1,2,3,0.5491009681881052,0.2736842105263158,0.163135593220339,0.5626959247648904,0.24,0.5,0.2530612244897959,0.14842228839766347,0,1,1,8,3,3
2,4,1,6,2,1,0.5325034578146612,0.5473684210526316,0.530367231638418,0.5987460815047023,0.57,0.5666666666666669,0.5612244897959184,0.135121979154736,0,1,1,9,3,2
2,0,1,0,0,3,0.5200553250345781,0.7263157894736842,0.5360169491525424,0.21159874608150475,0.98,0.3999999999999999,0.8816326530612245,0.3272534646661322,0,1,0,9,3,1
2,0,2,5,2,0,0.33609958506224064,0.22105263157894736,0.2175141242937853,0.6536050156739812,0.32,0.7333333333333334,0.28163265306122454,0.08368170885351049,0,0,0,9,3,0
2,5,1,6,2,3,0.33195020746887965,0.6842105263157895,0.5699152542372882,0.30250783699059564,0.82,0.3999999999999999,0.7673469387755102,0.18965467873095865,1,1,0,10,4,1
2,4,1,3,0,2,0.5103734439834027,0.18947368421052632,0.1193502824858757,0.6959247648902822,0.15,0.8999999999999999,0.1653061224489796,0.10896518153705191,0,0,1,10,4,2
2,0,1,6,2,2,0.49515905947441213,0.3684210526315789,0.3531073446327684,0.4373040752351098,0.49,0.06666666666666687,0.44285714285714284,0.17732791203756731,0,0,1,11,4,1
2,0,2,6,1,1,0.6044260027662518,0.9368421052631579,0.53954802259887,0.21159874608150475,1.0,0.6000000000000001,0.9755102040816326,0.36247279807582183,1,1,1,11,4,2
2,0,0,6,1,3,0.5795297372060859,0.6421052631578947,0.422316384180791,0.3981191222570534,0.88,0.3999999999999999,0.7877551020408163,0.21748654220593294,0,1,1,12,4,2
2,5,1,0,1,3,0.3347164591977871,0.6421052631578947,0.6426553672316384,0.2711598746081505,0.87,0.6000000000000001,0.7816326530612245,0.20832378879853397,1,1,0,2,1,1
2,5,2,6,2,0,0.0,0.0,0.0,0.6614420062695925,0.05,0.3666666666666667,0.030612244897959183,0.017280380254266398,0,0,0,2,1,0
2,5,1,0,2,0,0.06224066390041494,0.0,0.0,0.7648902821316617,0.0,0.7333333333333334,0.0,0.01918451494674149,0,0,0,2,1,0
2,4,1,1,2,2,0.8188105117565698,0.9368421052631579,0.809322033898305,0.15360501567398122,1.0,0.16666666666666696,0.9755102040816326,0.5422488832894286,1,1,1,3,1,3
2,5,1,5,0,3,0.4536652835408022,0.6631578947368421,0.4279661016949153,0.5094043887147335,0.87,0.3333333333333335,0.789795918367347,0.14228038025426643,1,1,0,5,2,3
2,2,0,1,1,3,0.4287690179806363,0.35789473684210527,0.3135593220338983,0.5282131661442007,0.45,0.5,0.4142857142857143,0.13108464093460082,0,1,1,5,2,3
2,3,1,1,2,1,1.0,0.7578947368421053,0.4456214689265537,0.31504702194357365,1.0,0.9333333333333331,0.9061224489795918,0.4034474859695339,1,1,1,6,2,3
2,0,1,6,0,2,0.5020746887966805,0.2631578947368421,0.2535310734463277,0.584639498432602,0.3,0.20000000000000018,0.28571428571428575,0.13231588592372012,0,0,1,6,2,1
2,3,1,5,0,3,0.773167358229599,0.631578947368421,0.6292372881355932,0.33385579937304083,0.75,1.0,0.7040816326530612,0.3142538082693849,0,1,1,6,2,2
2,3,2,6,0,3,0.7081604426002768,0.5789473684210527,0.3290960451977401,0.4639498432601881,0.65,0.2666666666666666,0.6224489795918368,0.22123754438208687,0,1,1,6,2,2
2,5,2,1,0,3,0.4619640387275243,0.6631578947368421,0.4435028248587571,0.38871473354231983,0.91,0.5333333333333332,0.8142857142857144,0.1884377505440385,1,1,0,7,3,3
2,0,1,5,0,2,0.6625172890733058,0.968421052631579,0.740819209039548,0.22100313479623823,1.0,0.3333333333333335,0.9877551020408163,0.37608807696712865,1,1,1,9,3,3
2,4,1,6,1,3,0.44260027662517293,0.5789473684210527,0.5240112994350282,0.3761755485893417,0.82,0.8999999999999999,0.7265306122448979,0.18846638414843664,0,1,0,10,4,1
2,4,2,1,0,2,0.6832641770401107,0.9157894736842105,0.4943502824858757,0.2492163009404389,1.0,0.3666666666666667,0.9673469387755101,0.35492784331691674,1,1,1,1,1,3
2,5,1,6,0,1,0.3831258644536653,0.5789473684210527,0.4752824858757062,0.42163009404388724,0.64,0.3999999999999999,0.6163265306122448,0.15326136754094605,1,1,0,1,1,2
2,4,1,1,2,1,0.7233748271092668,0.8210526315789474,0.7627118644067796,0.3510971786833857,0.92,0.6000000000000001,0.8816326530612245,0.2866366968273967,1,1,1,2,1,3
2,5,2,5,1,0,0.25172890733056713,0.0,0.0,0.890282131661442,0.0,0.8666666666666667,0.0,0.038340396289084866,0,0,0,3,1,1
2,5,2,5,0,1,0.28354080221300143,0.631578947368421,0.3432203389830508,0.2272727272727273,0.81,0.1333333333333333,0.7408163265306122,0.21724315656854887,1,1,0,3,1,1
2,0,1,3,0,3,0.6929460580912863,0.5684210526315789,0.4018361581920904,0.45297805642633243,0.68,0.7999999999999998,0.636734693877551,0.22226835414041923,0,1,1,4,2,3
2,5,2,6,1,3,0.3195020746887967,0.25263157894736843,0.19491525423728814,0.523510971786834,0.44,0.30000000000000027,0.3673469387755102,0.10707536364677585,0,1,0,7,3,1
2,4,1,5,0,0,0.37067773167358226,0.30526315789473685,0.2245762711864407,0.468652037617555,0.5,0.033333333333333215,0.42448979591836733,0.13437750544038485,0,0,0,7,3,1
2,3,2,6,0,2,0.7413554633471646,0.7894736842105263,0.4322033898305085,0.30564263322884017,1.0,0.9333333333333331,0.9183673469387755,0.32560703241324024,1,1,1,7,3,2
2,4,1,6,2,1,0.6113416320885201,0.9263157894736842,0.8389830508474576,0.2962382445141066,1.0,0.3333333333333335,0.9714285714285714,0.2887699003550567,1,1,1,8,3,3
2,3,1,3,1,3,0.8713692946058091,0.5473684210526316,0.4894067796610169,0.371473354231975,0.67,0.06666666666666687,0.6224489795918368,0.3174178215553774,0,1,1,8,3,3
2,4,1,6,0,1,0.5435684647302905,0.6421052631578947,0.4745762711864407,0.4294670846394985,0.73,0.16666666666666696,0.6959183673469388,0.1933770473027145,0,1,1,9,3,2
2,4,1,0,0,1,0.5809128630705396,0.9368421052631579,0.5035310734463276,0.10188087774294674,1.0,0.16666666666666696,0.9755102040816326,0.5161064024739435,1,1,1,9,3,3
2,2,1,3,0,1,0.4674965421853389,0.7368421052631579,0.6588983050847458,0.45297805642633243,0.88,0.833333333333333,0.8244897959183675,0.16422803802542663,1,1,1,10,4,3
2,0,0,6,0,2,0.6486860304287692,0.9052631578947368,0.673728813559322,0.15517241379310343,0.99,0.766666666666667,0.9571428571428571,0.4563337532928645,1,1,1,10,4,2
2,4,1,6,0,1,0.5006915629322268,0.6631578947368421,0.3629943502824859,0.5015673981191222,0.85,0.5666666666666669,0.7775510204081633,0.15589565914557324,0,1,0,11,4,2
2,3,1,6,0,2,0.8658367911479945,0.7684210526315789,0.711864406779661,0.2993730407523511,0.95,0.0,0.8795918367346939,0.373110182109724,1,1,1,12,4,3
2,0,0,0,0,0,0.3831258644536653,0.30526315789473685,0.3064971751412429,0.5141065830721003,0.27,0.3666666666666667,0.2836734693877551,0.12432711029664416,0,0,0,12,4,0
3,0,1,1,0,1,0.7662517289073307,0.8842105263157894,0.5254237288135594,0.25078369905956116,1.0,0.3999999999999999,0.9551020408163267,0.38486427671515294,1,1,1,2,1,3
3,0,2,3,0,1,0.5380359612724759,0.5578947368421052,0.507768361581921,0.44514106583072105,0.71,0.6000000000000001,0.6510204081632653,0.1854741724888329,0,1,0,3,1,1
3,0,1,5,2,3,0.5338865836791147,0.5578947368421052,0.3326271186440678,0.4592476489028214,0.79,0.5666666666666669,0.7000000000000001,0.17891707708166305,0,1,0,3,1,1
3,0,2,6,0,3,0.6224066390041494,0.7052631578947368,0.4936440677966102,0.39184952978056425,0.79,0.666666666666667,0.7571428571428571,0.232805520558928,0,1,1,3,1,2
3,1,1,5,1,3,0.44813278008298757,0.39999999999999997,0.23163841807909605,0.6206896551724139,0.49,0.5666666666666669,0.45510204081632655,0.11251574848241898,0,1,0,3,1,3
3,2,1,4,0,0,0.07053941908713696,0.0,0.0,0.7742946708463951,0.0,0.8666666666666667,0.0,0.019800137441301116,0,0,0,3,1,0
3,0,0,6,2,3,0.627939142461964,0.7052631578947368,0.6800847457627118,0.33385579937304083,0.87,0.8666666666666667,0.8061224489795918,0.2681393883862101,0,1,1,3,1,2
3,5,2,6,0,3,0.32503457814661135,0.22105263157894736,0.2062146892655367,0.7351097178683388,0.35,0.833333333333333,0.3,0.06860611613789945,0,1,0,4,2,1
3,0,2,5,0,3,0.5767634854771786,0.6631578947368421,0.3622881355932203,0.3871473354231975,0.73,0.2333333333333334,0.7040816326530612,0.22215381972282672,0,1,1,4,2,2
3,5,1,2,2,3,0.43015214384509,0.631578947368421,0.346045197740113,0.2445141065830721,0.67,0.7000000000000002,0.6551020408163266,0.26219791547359983,1,1,0,5,2,3
3,4,1,6,0,0,0.20055325034578148,0.24210526315789474,0.1553672316384181,0.5956112852664577,0.34,0.9666666666666668,0.3020408163265306,0.06622952697285535,0,0,0,5,2,0
3,5,1,2,0,2,0.3983402489626556,0.5789473684210527,0.567090395480226,0.46551724137931044,0.74,0.7333333333333334,0.6775510204081633,0.1423233306608636,1,1,1,5,2,2
3,0,0,1,3,1,0.739972337482711,0.8947368421052632,0.5070621468926554,0.26645768025078376,1.0,0.766666666666667,0.9591836734693877,0.3594233192074218,1,1,1,6,2,3
3,2,1,1,2,1,0.3900414937759337,0.7157894736842105,0.6426553672316384,0.41379310344827597,0.94,0.10000000000000009,0.8530612244897959,0.15802886267323335,1,1,1,6,2,3
3,4,0,5,0,2,0.35269709543568467,0.18947368421052632,0.1059322033898305,0.7570532915360502,0.3,0.4666666666666668,0.2571428571428572,0.07032413240178674,0,0,0,6,2,1
3,0,2,4,2,2,0.4398340248962656,0.5368421052631579,0.4117231638418079,0.42163009404388724,0.56,0.6000000000000001,0.5510204081632654,0.1686232963005383,0,1,1,6,2,1
3,5,1,5,0,2,0.18672199170124487,0.0,0.0,0.7382445141065832,0.06,1.0,0.03673469387755102,0.04365192990493644,0,0,0,6,2,0
3,4,1,0,0,3,0.5615491009681881,0.5263157894736842,0.4865819209039548,0.426332288401254,0.62,0.6000000000000001,0.5836734693877551,0.19954758905050973,0,1,1,7,3,2
3,5,0,6,0,2,0.401106500691563,0.6105263157894737,0.5162429378531074,0.38871473354231983,0.81,0.16666666666666696,0.7326530612244898,0.17098556866338338,1,1,1,7,3,2
3,5,2,2,2,3,0.22268326417704015,0.3157894736842105,0.23022598870056496,0.6144200626959249,0.37,0.2666666666666666,0.3489795918367347,0.06770415759935862,0,1,0,7,3,0
3,0,1,6,2,2,0.5698478561549103,0.7157894736842105,0.5331920903954802,0.23981191222570536,0.83,0.5,0.7857142857142857,0.32022391478639334,0,1,1,7,3,2
3,0,1,0,1,0,0.3582295988934993,0.24210526315789474,0.13983050847457626,0.5987460815047023,0.19,0.3999999999999999,0.21020408163265306,0.0986857175581262,0,0,0,8,3,0
3,4,2,5,0,0,0.31535269709543573,0.3157894736842105,0.2033898305084746,0.5642633228840126,0.35,0.20000000000000018,0.33673469387755106,0.09682453327224831,0,0,0,8,3,0
3,0,1,4,2,1,0.5463347164591978,0.8842105263157894,0.7040960451977402,0.31504702194357365,1.0,0.6333333333333333,0.9551020408163267,0.2538941701981446,1,1,0,9,3,1
3,5,1,1,0,3,0.29737206085753803,0.39999999999999997,0.3149717514124294,0.5736677115987461,0.43,0.6000000000000001,0.4183673469387755,0.0909403275684343,0,1,0,9,3,1
3,1,1,5,1,0,0.1715076071922545,0.10526315789473684,0.09180790960451977,0.7147335423197492,0.2,0.8666666666666667,0.163265306122449,0.04369488031153361,0,0,0,9,3,0
3,5,2,1,0,2,0.3347164591977871,0.0,0.0,0.633228840125392,0.0,0.033333333333333215,0.0,0.08710342457908603,0,0,0,9,3,1
3,5,1,6,1,2,0.42738589211618255,0.5789473684210527,0.481638418079096,0.5203761755485894,0.72,0.5333333333333332,0.6653061224489797,0.13293150841827972,1,1,1,9,3,3
3,0,0,3,2,0,0.5297372060857539,0.3157894736842105,0.23022598870056496,0.5752351097178685,0.31,0.7999999999999998,0.3122448979591837,0.14071984881456878,0,0,1,9,3,1
3,5,1,6,0,1,0.351313969571231,0.6,0.5635593220338984,0.384012539184953,0.7,0.5,0.6612244897959184,0.15855858435459858,1,1,0,9,3,2
3,1,1,5,0,0,0.009681881051175678,0.12631578947368421,0.10310734463276836,0.6896551724137931,0.16,0.7999999999999998,0.14693877551020407,0.016492956133318068,0,0,0,10,4,0
3,4,1,4,0,1,0.6127247579529738,0.8210526315789474,0.5713276836158192,0.28526645768025083,0.94,0.5666666666666669,0.8938775510204082,0.2975890505096782,1,1,1,10,4,3
3,5,2,5,0,1,0.2240663900414938,0.35789473684210527,0.24293785310734464,0.6081504702194358,0.37,0.7333333333333334,0.3653061224489796,0.06903562020387126,0,1,0,10,4,0
3,3,2,0,0,1,0.6763485477178424,0.43157894736842106,0.3714689265536723,0.5470219435736678,0.64,0.16666666666666696,0.5591836734693878,0.18150841827969305,0,1,1,10,4,1
3,5,0,5,2,1,0.4218533886583679,0.6210526315789473,0.4759887005649717,0.3824451410658308,0.72,0.7333333333333334,0.6816326530612246,0.17963291719161611,1,1,0,11,4,2
3,5,1,5,2,1,0.3623789764868604,0.6421052631578947,0.4378531073446328,0.31347962382445144,0.86,0.833333333333333,0.7755102040816326,0.19406425380826942,1,1,0,11,4,2
3,3,1,5,1,1,0.8976486860304289,0.8315789473684211,0.7323446327683616,0.20062695924764895,0.99,0.2666666666666666,0.9285714285714286,0.5007731073187494,1,1,1,11,4,3
3,5,2,0,1,0,0.16597510373443985,0.05263157894736842,0.052259887005649715,0.9106583072100316,0.07,0.6000000000000001,0.06326530612244897,0.02365135723284846,0,0,0,12,4,0
3,5,2,6,0,2,0.3914246196403873,0.5789473684210527,0.4307909604519774,0.46708463949843265,0.6,0.2666666666666666,0.5918367346938775,0.14008990951781014,1,1,1,12,4,2
3,2,0,2,3,1,0.2669432918395574,0.42105263157894735,0.22951977401129944,0.5078369905956113,0.52,0.5,0.4816326530612245,0.09851391593173751,0,1,0,12,4,2
3,5,1,6,0,1,0.37897648686030433,0.5578947368421052,0.3213276836158192,0.5658307210031348,0.73,0.033333333333333215,0.663265306122449,0.11038254495475892,1,1,0,2,1,2
3,4,0,6,1,3,0.6002766251728908,0.8842105263157894,0.5127118644067796,0.18495297805642635,1.0,0.7000000000000002,0.9551020408163267,0.39192246019928995,1,1,1,2,1,3
3,3,1,6,0,3,0.7468879668049793,0.4421052631578947,0.2860169491525424,0.5141065830721003,0.45,0.7999999999999998,0.4469387755102041,0.20971251861184287,0,1,1,3,1,2
3,0,1,3,0,2,0.8561549100968189,1.0,0.990819209039548,0.1786833855799373,1.0,0.6333333333333333,1.0,0.5166218073531096,1,1,1,3,1,3
3,5,1,6,2,1,0.24757952973720615,0.631578947368421,0.5296610169491526,0.31347962382445144,0.73,0.10000000000000009,0.6918367346938776,0.15611041117855917,1,1,0,3,1,1
3,5,2,0,3,3,0.28215767634854777,0.42105263157894735,0.307909604519774,0.47962382445141066,0.6,0.3666666666666667,0.5306122448979592,0.109222883976635,0,1,0,3,1,1
3,5,1,2,2,0,0.05255878284923926,0.0,0.0,0.8213166144200628,0.0,0.1333333333333333,0.0,0.012971022792349102,0,0,0,3,1,0
3,4,1,5,0,1,0.5435684647302905,0.8947368421052632,0.8298022598870056,0.31191222570532917,1.0,0.3666666666666667,0.9591836734693877,0.2550108807696713,1,1,1,4,2,2
3,5,2,6,1,1,0.330567081604426,0.6210526315789473,0.442090395480226,0.3965517241379311,0.65,0.2333333333333334,0.6387755102040816,0.14784961630970106,1,1,0,4,2,1
3,0,0,5,1,1,0.5988934993084369,0.9368421052631579,0.8199152542372882,0.06739811912225704,1.0,0.833333333333333,0.9755102040816326,0.6097096552514031,1,1,1,5,2,2
3,5,2,0,1,0,0.06085753803596128,0.0,0.0,0.7648902821316617,0.11,0.10000000000000009,0.0673469387755102,0.01895544611155653,0,0,0,5,2,0
3,5,1,1,2,1,0.3485477178423237,0.3368421052631579,0.3269774011299435,0.6724137931034484,0.54,0.5333333333333332,0.4612244897959184,0.08282270072156682,0,1,0,5,2,2
3,1,2,6,0,1,0.3651452282157676,0.5157894736842105,0.5162429378531074,0.5768025078369907,0.6,0.5333333333333332,0.5673469387755102,0.10488489291031956,0,1,0,6,2,2
3,5,1,3,0,0,0.1922544951590595,0.0,0.0,0.6551724137931036,0.12,0.30000000000000027,0.07346938775510203,0.05536307410376819,0,0,0,6,2,0
3,4,2,2,0,2,0.6514522821576763,0.9052631578947368,0.8693502824858758,0.20062695924764895,1.0,0.033333333333333215,0.963265306122449,0.3950292062764861,1,1,1,7,3,3
3,3,1,6,1,0,0.5421853388658369,0.17894736842105263,0.1271186440677966,0.6739811912225706,0.29,0.766666666666667,0.24693877551020407,0.11945939754896347,0,0,0,8,3,1
3,0,2,0,2,3,0.6694329183955741,0.6,0.4646892655367232,0.493730407523511,0.62,0.1333333333333333,0.6122448979591837,0.19926125300652847,0,1,1,8,3,3
3,5,2,3,2,1,0.48409405255878285,0.5368421052631579,0.4766949152542373,0.31347962382445144,0.78,0.7000000000000002,0.6857142857142857,0.23432310159202846,1,1,0,8,3,3
3,3,1,6,3,1,0.8464730290456433,0.8315789473684211,0.5720338983050848,0.38871473354231983,0.98,0.7999999999999998,0.9224489795918368,0.29869144427900585,1,1,1,8,3,3
3,3,2,6,1,3,0.8450899031811894,0.8842105263157894,0.7916666666666666,0.2993730407523511,1.0,0.766666666666667,0.9551020408163267,0.366037681823388,1,1,1,9,3,3
3,5,2,6,2,2,0.36099585062240674,0.6210526315789473,0.5925141242937854,0.3949843260188088,0.72,0.1333333333333333,0.6816326530612246,0.15705532012369716,1,1,1,9,3,2
3,5,2,2,2,3,0.3374827109266943,0.3368421052631579,0.3241525423728814,0.5438871473354232,0.35,0.7000000000000002,0.3448979591836735,0.10631657313022565,0,1,0,10,4,1
3,0,1,0,2,2,0.5338865836791147,0.8842105263157894,0.4971751412429378,0.3761755485893417,1.0,0.3999999999999999,0.9551020408163267,0.21522448745848133,1,1,1,10,4,1
3,0,1,6,0,2,0.45643153526970964,0.6947368421052631,0.653954802259887,0.4623824451410658,0.94,0.5666666666666669,0.8448979591836735,0.15807181307983048,0,1,1,10,4,1
3,5,2,5,2,1,0.25172890733056713,0.5684210526315789,0.3290960451977401,0.5454545454545456,0.59,0.1333333333333333,0.5816326530612245,0.08670255411751233,1,1,0,10,4,1
3,4,1,0,1,0,0.3623789764868604,0.28421052631578947,0.2196327683615819,0.6645768025078371,0.38,0.033333333333333215,0.34285714285714286,0.08684572213950291,0,0,0,10,4,1
3,0,1,6,1,1,0.69432918395574,0.5263157894736842,0.3538135593220339,0.4592476489028214,0.58,0.4333333333333331,0.5591836734693878,0.21982018096437983,0,1,1,10,4,3
3,5,2,0,2,2,0.301521438450899,0.21052631578947367,0.18361581920903955,0.5971786833855799,0.16,0.766666666666667,0.17959183673469387,0.08713205818348414,0,1,0,10,4,1
3,5,1,0,0,3,0.23789764868603053,0.37894736842105264,0.3305084745762712,0.4514106583072101,0.55,0.9666666666666668,0.4836734693877551,0.1055291490092773,0,1,0,11,4,1
3,5,1,6,2,1,0.42738589211618255,0.6736842105263158,0.6313559322033898,0.40125391849529785,0.92,0.666666666666667,0.8244897959183675,0.17329057381743218,1,1,0,11,4,3
3,2,0,0,0,2,0.1147994467496542,0.0,0.0,0.7523510971786833,0.14,0.5666666666666669,0.08571428571428572,0.029478295727866227,0,0,0,11,4,1
3,5,2,4,0,3,0.4356846473029046,0.3894736842105263,0.385593220338983,0.44357366771159884,0.52,0.4666666666666668,0.46938775510204084,0.15934600847554692,0,1,0,12,4,3
3,5,1,3,3,0,0.18118948824343023,0.0,0.0,0.7460815047021945,0.0,0.2333333333333334,0.0,0.041762112014660416,0,0,0,12,4,0
3,5,1,4,0,0,0.14522821576763484,0.05263157894736842,0.04025423728813559,0.7507836990595613,0.07,0.8666666666666667,0.06326530612244897,0.03494731416790746,0,0,0,12,4,0
3,1,1,6,2,3,0.31535269709543573,0.3368421052631579,0.2274011299435028,0.609717868338558,0.51,0.4333333333333331,0.44285714285714284,0.0875901958538541,0,1,0,12,4,1
3,1,1,0,1,2,0.22959889349930845,0.1368421052631579,0.096045197740113,0.6802507836990597,0.22,0.5666666666666669,0.18775510204081633,0.05897090825793151,0,0,0,1,1,0
3,3,2,2,0,3,0.7150760719225451,0.5263157894736842,0.3940677966101695,0.3542319749216301,0.7,0.833333333333333,0.6326530612244898,0.2820410033214982,0,1,1,1,1,2
3,4,1,6,1,1,0.6417704011065009,0.8842105263157894,0.510593220338983,0.2633228840125392,1.0,0.5333333333333332,0.9551020408163267,0.326265605314397,1,1,1,1,1,3
3,5,1,6,0,0,0.11203319502074688,0.0,0.0,0.7115987460815048,0.01,0.3999999999999999,0.006122448979591837,0.0332149811018211,0,0,0,2,1,0
3,4,2,5,0,1,0.2572614107883818,0.5473684210526316,0.413135593220339,0.426332288401254,0.61,0.1333333333333333,0.5857142857142856,0.1177270644828771,0,1,0,2,1,0
3,0,2,0,2,0,0.4080221300138313,0.2631578947368421,0.2620056497175141,0.5172413793103448,0.33,0.8666666666666667,0.3040816326530612,0.12929504065971825,0,0,0,3,1,0
3,0,1,5,2,2,0.6984785615491009,0.968421052631579,0.940677966101695,0.2319749216300941,1.0,0.9333333333333331,0.9877551020408163,0.37857920054976524,1,1,1,4,2,3
3,0,1,1,0,2,0.6224066390041494,0.6105263157894737,0.4752824858757062,0.46708463949843265,0.63,0.8666666666666667,0.6224489795918368,0.19825907685259425,0,1,1,4,2,2
3,4,1,6,2,2,0.4993084370677731,0.2736842105263158,0.21822033898305085,0.652037617554859,0.42,0.16666666666666696,0.36326530612244895,0.11589451380139733,0,0,1,5,2,2
3,0,1,6,2,1,0.632088520055325,0.8842105263157894,0.4752824858757062,0.22100313479623823,1.0,0.20000000000000018,0.9551020408163267,0.363689726262742,1,1,1,5,2,2
3,4,1,5,2,1,0.479944674965422,0.6631578947368421,0.3961864406779661,0.2429467084639499,0.72,0.9333333333333331,0.6979591836734694,0.28264230901385873,0,1,0,5,2,1
3,4,1,0,1,1,0.280774550484094,0.47368421052631576,0.2817796610169492,0.384012539184953,0.63,0.766666666666667,0.5693877551020409,0.13815714122093692,0,1,0,5,2,0
3,5,0,5,1,1,0.42047026279391425,0.6210526315789473,0.3439265536723164,0.4498432601880878,0.81,0.6000000000000001,0.736734693877551,0.15318978352995077,1,1,0,5,2,2
3,4,1,1,1,2,0.7676348547717842,0.8421052631578947,0.4851694915254237,0.33855799373040757,0.97,0.5,0.9204081632653062,0.30907112587332497,1,1,1,5,2,3
3,5,1,2,0,0,0.01659751037344398,0.010526315789473684,0.005649717514124294,0.6708463949843262,0.0,0.1333333333333333,0.004081632653061225,0.01957106860611614,0,0,0,6,2,0
3,0,0,5,2,2,0.29737206085753803,0.3684210526315789,0.2252824858757062,0.5,0.39,0.9666666666666668,0.3816326530612245,0.1076766693391364,0,0,0,6,2,0
3,5,2,4,2,2,0.31396957123098207,0.29473684210526313,0.2740112994350282,0.5721003134796239,0.47,0.7999999999999998,0.40204081632653066,0.09484881456877793,0,1,0,7,3,1
3,5,1,5,0,3,0.2572614107883818,0.3157894736842105,0.2831920903954802,0.40282131661442006,0.46,0.3666666666666667,0.40408163265306124,0.12505726720879623,0,1,0,7,3,1
3,2,1,3,0,3,0.42461964038727534,0.34736842105263155,0.2923728813559322,0.7115987460815048,0.41,0.9666666666666668,0.38571428571428573,0.09026743786507847,0,1,1,7,3,3
3,3,1,2,2,3,0.731673582295989,0.8842105263157894,0.8707627118644068,0.29467084639498436,0.98,0.5333333333333332,0.942857142857143,0.3313194364906655,1,1,1,7,3,2
3,0,1,6,2,1,0.3623789764868604,0.6210526315789473,0.6179378531073446,0.3981191222570534,0.78,0.2333333333333334,0.7183673469387755,0.15623926239835073,0,1,0,7,3,0
3,5,1,6,0,0,0.06777316735822958,0.021052631578947368,0.016242937853107344,0.7507836990595613,0.15,0.033333333333333215,0.1,0.021403619287595932,0,0,0,7,3,0
3,0,1,0,0,1,0.636237897648686,0.8947368421052632,0.6624293785310734,0.24137931034482757,1.0,0.5,0.9591836734693877,0.3445195281181996,1,1,1,7,3,2
3,1,0,6,1,0,0.15905947441217155,0.09473684210526316,0.05861581920903955,0.7100313479623825,0.1,0.6000000000000001,0.0979591836734694,0.04197686404764632,0,0,0,8,3,0
3,0,1,1,0,0,0.4785615491009682,0.35789473684210527,0.3467514124293785,0.5360501567398119,0.42,0.7999999999999998,0.3959183673469388,0.14027602794639787,0,0,1,8,3,1
3,3,1,0,2,1,0.5712309820193637,0.5052631578947369,0.4286723163841808,0.5454545454545456,0.54,0.7999999999999998,0.5265306122448979,0.15842973313480702,0,1,0,8,3,1
3,3,1,5,2,1,0.7869986168741356,0.7368421052631579,0.4639830508474576,0.4639498432601881,0.88,0.30000000000000027,0.8244897959183675,0.24119516664757762,1,1,1,8,3,2
3,1,1,5,0,2,0.23098201936376223,0.07368421052631578,0.046610169491525424,0.5721003134796239,0.12,0.0,0.10204081632653061,0.07688122780895658,0,0,0,9,3,0
3,3,1,5,0,0,0.5131396957123098,0.16842105263157894,0.14689265536723164,0.6614420062695925,0.15,0.2333333333333334,0.15714285714285714,0.11656740350475318,0,0,0,9,3,0
3,0,1,5,0,2,0.5076071922544954,0.23157894736842105,0.21680790960451976,0.6849529780564263,0.27,0.20000000000000018,0.25510204081632654,0.11062593059214292,0,0,1,10,4,1
3,0,1,6,2,1,0.6251728907330567,0.6526315789473685,0.4413841807909604,0.4169278996865204,0.87,0.30000000000000027,0.7857142857142857,0.22108005955789717,0,1,1,10,4,2
3,4,1,4,1,2,0.6666666666666667,0.8105263157894737,0.567090395480226,0.3072100313479624,1.0,0.5333333333333332,0.926530612244898,0.29932138357576454,1,1,1,10,4,3
3,0,1,1,0,0,0.4716459197786998,0.23157894736842105,0.2062146892655367,0.5470219435736678,0.3,0.16666666666666696,0.27346938775510204,0.1356373840339022,0,0,1,10,4,1
3,0,1,0,3,0,0.3056708160442601,0.25263157894736843,0.2252824858757062,0.7037617554858935,0.42,0.3666666666666667,0.3551020408163265,0.06972282670942619,0,0,0,11,4,0
3,3,2,0,2,0,0.6044260027662518,0.14736842105263157,0.14336158192090395,0.7084639498432603,0.19,0.766666666666667,0.17346938775510207,0.12375443820868172,0,0,1,11,4,1
3,0,2,4,0,1,0.5836791147994469,0.8842105263157894,0.5826271186440678,0.2884012539184953,1.0,0.9666666666666668,0.9551020408163267,0.28504753178330094,1,1,1,11,4,2
3,5,1,0,2,3,0.34993084370677735,0.21052631578947367,0.21045197740112995,0.6755485893416928,0.18,0.8999999999999999,0.19183673469387755,0.08253636467758561,0,1,0,12,4,2
3,5,1,6,0,3,0.32088520055325037,0.28421052631578947,0.2634180790960452,0.6786833855799375,0.38,0.6000000000000001,0.34285714285714286,0.07650899095178103,0,1,0,12,4,1
3,0,1,6,0,3,0.5767634854771786,0.6736842105263158,0.6137005649717514,0.34796238244514105,0.95,0.2666666666666666,0.8428571428571429,0.2434285877906311,0,1,1,12,4,2
3,0,1,2,2,1,0.7067773167358229,0.8421052631578947,0.7146892655367232,0.2836990595611285,1.0,0.3333333333333335,0.9387755102040817,0.33193505898522513,1,1,1,12,4,3
3,0,2,2,1,3,0.7192254495159061,0.9578947368421052,0.7471751412429378,0.18025078369905956,1.0,0.833333333333333,0.9836734693877551,0.45190986141335476,1,1,1,1,1,3
3,5,1,1,1,3,0.44121715076071927,0.22105263157894736,0.2196327683615819,0.6410658307210033,0.26,0.30000000000000027,0.24489795918367346,0.10677471080059557,0,1,0,2,1,3
3,0,2,6,2,3,0.6016597510373445,0.9789473684210526,0.730225988700565,0.30250783699059564,1.0,0.2333333333333334,0.9918367346938776,0.2808956591455733,1,1,1,2,1,2
3,5,0,6,2,3,0.41355463347164595,0.3157894736842105,0.1716101694915254,0.47805642633228845,0.32,0.3999999999999999,0.3183673469387755,0.1421658458366739,0,1,0,2,1,2
3,4,0,0,0,3,0.4868603042876903,0.6421052631578947,0.5642655367231638,0.45297805642633243,0.86,0.16666666666666696,0.7755102040816326,0.1692102851906998,0,1,0,3,1,2
3,3,2,6,0,0,0.4329183955739972,0.12631578947368421,0.07274011299435028,0.6724137931034484,0.14,0.5,0.1346938775510204,0.09892910319551025,0,0,0,3,1,0
3,1,1,6,0,1,0.40248962655601667,0.3894736842105263,0.2528248587570621,0.5109717868338559,0.56,0.766666666666667,0.49387755102040815,0.12973886152788916,0,1,0,3,1,2
3,4,2,1,0,1,0.6168741355463347,0.6736842105263158,0.5783898305084746,0.42163009404388724,0.83,0.7333333333333334,0.7693877551020408,0.21659890046959113,0,1,1,3,1,3
3,5,1,5,1,3,0.31535269709543573,0.37894736842105264,0.375,0.5313479623824453,0.56,0.033333333333333215,0.4897959183673469,0.1042406368113618,0,1,0,4,2,1
3,0,1,6,1,0,0.42047026279391425,0.2631578947368421,0.22951977401129944,0.567398119122257,0.38,0.4333333333333331,0.3346938775510204,0.11905852708738977,0,0,1,4,2,1
3,5,0,6,2,0,0.04149377593360998,0.05263157894736842,0.0480225988700565,0.6489028213166146,0.02,0.7000000000000002,0.0326530612244898,0.026657885694651245,0,0,0,4,2,0
3,4,0,6,0,3,0.47717842323651455,0.631578947368421,0.5628531073446328,0.4200626959247649,0.82,0.7000000000000002,0.746938775510204,0.179375214752033,0,1,0,4,2,1
3,0,0,4,0,1,0.3734439834024897,0.6736842105263158,0.4025423728813559,0.3746081504702195,0.85,0.666666666666667,0.7816326530612245,0.16883804833352423,0,1,0,4,2,0
3,5,1,5,1,0,0.0760719225449516,0.0,0.0,0.7742946708463951,0.1,0.6000000000000001,0.061224489795918366,0.020730729584240062,0,0,0,5,2,0
3,5,1,5,2,0,0.02766251728907332,0.0,0.0,0.6959247648902822,0.14,0.10000000000000009,0.08571428571428572,0.019256098957736806,0,0,0,5,2,0
3,4,2,0,1,0,0.26556016597510385,0.23157894736842105,0.1362994350282486,0.5595611285266457,0.23,0.6333333333333333,0.2306122448979592,0.08687435574390105,0,0,0,5,2,0
3,5,1,0,0,1,0.2558782849239281,0.3894736842105263,0.21610169491525424,0.6974921630094044,0.5,0.3666666666666667,0.4571428571428572,0.06144771503836903,0,1,0,5,2,1
3,5,2,5,0,3,0.25034578146611347,0.4105263157894737,0.3898305084745763,0.45454545454545453,0.6,0.3333333333333335,0.5265306122448979,0.10787710456992326,0,1,0,5,2,1
3,5,1,6,0,3,0.2849239280774551,0.22105263157894736,0.17231638418079095,0.5031347962382446,0.35,0.10000000000000009,0.3,0.10392566716298247,0,1,0,6,2,1
3,0,2,6,2,0,0.28630705394190875,0.28421052631578947,0.2528248587570621,0.6661442006269593,0.31,0.16666666666666696,0.3,0.07192761424808154,0,0,0,6,2,0
3,4,1,0,0,3,0.632088520055325,0.8736842105263157,0.8425141242937854,0.18025078369905956,1.0,0.9333333333333331,0.9510204081632654,0.4123525369373497,1,1,1,6,2,3
3,5,1,6,2,3,0.31396957123098207,0.2736842105263158,0.18926553672316385,0.69435736677116,0.3,0.3999999999999999,0.2897959183673469,0.07270072156683084,0,1,0,7,3,1
3,0,1,5,0,1,0.6113416320885201,1.0,1.0,0.19278996865203762,1.0,0.0,1.0,0.3871406482648036,1,1,1,7,3,2
3,4,1,6,0,3,0.40663900414937765,0.4842105263157895,0.4498587570621469,0.34639498432601884,0.49,0.7333333333333334,0.4877551020408163,0.19161608063223,0,1,0,7,3,1
3,4,1,2,1,1,0.6030428769017979,0.8736842105263157,0.8269774011299434,0.2836990595611285,1.0,0.16666666666666696,0.9510204081632654,0.29541289657542097,1,1,1,8,3,3
3,5,1,6,2,3,0.2351313969571231,0.24210526315789474,0.2175141242937853,0.4952978056426332,0.26,0.5,0.2530612244897959,0.0938609552170427,0,1,0,8,3,1
3,0,2,6,2,3,0.6030428769017979,0.7368421052631579,0.4463276836158192,0.20689655172413796,0.85,1.0,0.8061224489795918,0.3670971251861185,0,1,1,8,3,2
3,0,2,4,2,2,0.5933609958506225,0.5263157894736842,0.432909604519774,0.5768025078369907,0.66,0.3333333333333335,0.6081632653061224,0.15399152445309816,0,1,1,8,3,2
3,0,0,6,2,3,0.681881051175657,0.7263157894736842,0.4350282485875706,0.2774294670846395,0.89,0.5333333333333332,0.826530612244898,0.3284990264574505,0,1,1,8,3,3
3,5,1,6,1,1,0.380359612724758,0.6526315789473685,0.6038135593220338,0.4294670846394985,0.81,0.5333333333333332,0.7489795918367347,0.14972511739777805,1,1,0,8,3,2
3,4,1,6,2,0,0.26832641770401106,0.22105263157894736,0.17937853107344634,0.7711598746081505,0.33,0.16666666666666696,0.2877551020408163,0.05390276027946399,0,0,0,9,3,0
3,2,1,0,0,3,0.2531120331950208,0.28421052631578947,0.2521186440677966,0.6394984326018809,0.32,0.5333333333333332,0.30612244897959184,0.06973714351162526,0,1,0,9,3,2
3,5,1,4,0,0,0.10650069156293224,0.0,0.0,0.9702194357366773,0.05,0.3666666666666667,0.030612244897959183,0.010737601649295617,0,0,0,9,3,0
3,4,2,6,2,2,0.4854771784232365,0.9473684210526315,0.71045197740113,0.30564263322884017,1.0,1.0,0.9795918367346939,0.2396060016034819,1,1,1,10,4,2
3,3,1,6,1,0,0.5297372060857539,0.19999999999999998,0.1348870056497175,0.6003134796238245,0.32,0.033333333333333215,0.27346938775510204,0.13414843660519987,0,0,0,10,4,1
3,5,1,3,0,3,0.372060857538036,0.39999999999999997,0.3848870056497175,0.5658307210031348,0.62,0.5,0.5346938775510205,0.10886496392165844,0,1,0,10,4,2
3,4,1,5,0,0,0.3333333333333334,0.23157894736842105,0.1553672316384181,0.9278996865203764,0.37,1.0,0.3163265306122449,0.04687321039972511,0,0,0,11,4,0
3,0,2,6,2,1,0.5408022130013832,0.5789473684210527,0.4230225988700565,0.4169278996865204,0.71,0.7999999999999998,0.6591836734693878,0.19803000801740922,0,1,0,11,4,1
3,5,0,6,0,0,0.02766251728907332,0.0,0.0,0.7084639498432603,0.1,0.7000000000000002,0.061224489795918366,0.01809643797961287,0,0,0,12,4,0
3,1,1,0,3,0,0.16874135546334718,0.010526315789473684,0.007062146892655367,0.7836990595611286,0.0,0.033333333333333215,0.004081632653061225,0.03556293666246707,0,0,0,12,4,0
3,3,0,2,0,0,0.4937759336099586,0.14736842105263157,0.10663841807909605,0.6755485893416928,0.08,0.833333333333333,0.10612244897959183,0.1099100904821899,0,0,0,12,4,0
3,4,0,1,3,2,0.40248962655601667,0.28421052631578947,0.2266949152542373,0.7413793103448276,0.26,0.06666666666666687,0.2693877551020408,0.08139102050166074,0,0,1,12,4,1
4,2,1,6,1,2,0.41632088520055327,0.6947368421052631,0.4555084745762712,0.329153605015674,0.86,0.3999999999999999,0.7959183673469388,0.20339880884205708,1,1,1,1,1,3
4,0,2,3,2,2,0.6348547717842326,0.5263157894736842,0.4879943502824859,0.4482758620689656,0.54,0.7999999999999998,0.5346938775510205,0.2093545985568664,0,1,1,1,1,2
4,0,0,6,1,0,0.376210235131397,0.21052631578947367,0.1426553672316384,0.5815047021943573,0.32,0.16666666666666696,0.2775510204081633,0.10620203871263316,0,0,0,1,1,0
4,5,0,6,3,0,0.15905947441217155,0.0,0.0,0.7570532915360502,0.11,0.5,0.0673469387755102,0.03669396403619288,0,0,0,2,1,0
4,5,0,1,1,0,0.21161825726141076,0.0,0.0,0.8119122257053293,0.0,0.7000000000000002,0.0,0.03978639331119001,0,0,0,2,1,0
4,4,1,0,0,3,0.4674965421853389,0.6736842105263158,0.6016949152542372,0.34952978056426337,0.73,0.6000000000000001,0.7081632653061224,0.20885351047989925,0,1,0,2,1,1
4,0,1,0,0,0,0.38450899031811897,0.2631578947368421,0.240819209039548,0.652037617554859,0.32,0.9333333333333331,0.29795918367346935,0.09343145115107089,0,0,0,2,1,0
4,4,1,6,1,3,0.6708160442600277,0.8631578947368421,0.5437853107344632,0.20062695924764895,1.0,0.10000000000000009,0.9469387755102041,0.4033472683541404,1,1,1,3,1,3
4,0,1,6,0,3,0.5919778699861686,0.7052631578947368,0.6603107344632768,0.45768025078369906,0.93,0.2666666666666666,0.8428571428571429,0.19435058985225062,0,1,1,4,2,2
4,4,1,1,0,0,0.45228215767634866,0.30526315789473685,0.3057909604519774,0.6755485893416928,0.3,0.4666666666666668,0.3020408163265306,0.1020215324705074,0,0,1,6,2,1
4,5,1,0,2,0,0.08437067773167362,0.042105263157894736,0.02401129943502825,0.7601880877742948,0.1,0.4333333333333331,0.07755102040816327,0.023436605199862556,0,0,0,7,3,0
4,0,1,4,0,1,0.6500691562932226,0.9894736842105263,0.5557909604519774,0.10344827586206895,1.0,0.9333333333333331,0.9959183673469387,0.5528719505211317,1,1,1,7,3,2
4,5,1,6,2,3,0.41632088520055327,0.21052631578947367,0.16454802259887005,0.6692789968652038,0.32,0.7333333333333334,0.2775510204081633,0.09635207879967932,0,1,0,7,3,2
4,5,2,6,0,2,0.09681881051175661,0.021052631578947368,0.016242937853107344,0.7319749216300941,0.03,0.9666666666666668,0.026530612244897958,0.028332951551941363,0,0,0,10,4,0
4,4,1,6,0,2,0.5892116182572613,0.8210526315789474,0.4950564971751412,0.13636363636363635,0.95,0.6000000000000001,0.9,0.4567059901500401,1,1,1,10,4,3
4,4,1,1,3,1,0.6417704011065009,0.6736842105263158,0.452683615819209,0.4294670846394985,0.94,0.1333333333333333,0.836734693877551,0.21964837933799108,0,1,1,11,4,3
4,5,1,6,0,0,0.017980636237897696,0.031578947368421054,0.018361581920903956,0.7915360501567399,0.0,0.9666666666666668,0.012244897959183675,0.009520673462375437,0,0,0,11,4,0
4,5,1,6,2,3,0.280774550484094,0.39999999999999997,0.3403954802259887,0.5360501567398119,0.46,0.30000000000000027,0.43673469387755104,0.09527831863474974,0,1,0,2,1,1
4,0,1,0,0,1,0.5228215767634854,0.5263157894736842,0.4413841807909604,0.41065830721003144,0.76,0.1333333333333333,0.6693877551020408,0.19585385408315203,0,1,0,4,2,1
4,0,1,6,3,0,0.30705394190871377,0.29473684210526313,0.2274011299435028,0.7163009404388716,0.43,0.3999999999999999,0.3775510204081633,0.06811934486313136,0,0,0,5,2,0
4,4,1,2,2,2,0.5864453665283542,0.8210526315789474,0.547316384180791,0.30564263322884017,0.89,0.10000000000000009,0.863265306122449,0.27353682281525604,1,1,1,7,3,3
4,5,1,6,1,1,0.16597510373443985,0.3684210526315789,0.22033898305084745,0.6112852664576802,0.44,0.6000000000000001,0.41224489795918373,0.056551368686290224,0,1,0,7,3,0
4,5,1,6,2,3,0.28630705394190875,0.35789473684210527,0.3545197740112994,0.45297805642633243,0.5,0.9333333333333331,0.4448979591836735,0.11756957965868746,0,1,0,8,3,1
4,0,1,5,0,1,0.6597510373443984,0.968421052631579,0.8721751412429378,0.22570532915360503,1.0,1.0,0.9877551020408163,0.36984595120833813,1,1,1,9,3,3
4,3,0,6,0,3,0.8464730290456433,0.7999999999999999,0.6094632768361582,0.22100313479623823,0.98,0.30000000000000027,0.9102040816326531,0.45106517008361013,1,1,1,10,4,3
4,0,1,0,0,3,0.5809128630705396,0.6947368421052631,0.3870056497175141,0.3855799373040752,0.86,0.06666666666666687,0.7959183673469388,0.22414385522849617,0,1,1,11,4,2
4,5,2,1,0,0,0.19363762102351317,0.0,0.0,0.7946708463949843,0.13,0.8999999999999999,0.07959183673469387,0.03861241553086703,0,0,0,11,4,0
4,0,1,6,0,0,0.326417704011065,0.3157894736842105,0.20056497175141244,0.5517241379310345,0.49,0.1333333333333333,0.42244897959183675,0.10203584927270647,0,0,0,11,4,0
4,2,2,5,1,0,0.11756569847856152,0.0,0.0,0.6849529780564263,0.0,0.20000000000000018,0.0,0.037223685717558117,0,0,0,11,4,1
4,5,1,6,1,3,0.34301521438450894,0.39999999999999997,0.2584745762711864,0.5595611285266457,0.54,0.20000000000000018,0.4857142857142857,0.10393998396518152,0,1,0,11,4,1
4,4,2,6,1,1,0.6583679114799446,0.6631578947368421,0.4117231638418079,0.30877742946708464,0.83,0.06666666666666687,0.7653061224489797,0.2953842629710228,0,1,1,2,1,3
4,0,2,5,0,0,0.4038727524204703,0.22105263157894736,0.1694915254237288,0.5313479623824453,0.33,0.7333333333333334,0.2877551020408163,0.12451322872523195,0,0,0,2,1,0
4,5,0,5,0,3,0.3554633471645921,0.5368421052631579,0.4286723163841808,0.42319749216300945,0.69,0.9666666666666668,0.6306122448979592,0.14521532470507387,1,1,0,2,1,2
4,0,2,1,2,3,0.6998616874135546,0.6210526315789473,0.5769774011299434,0.32601880877742956,0.79,0.9333333333333331,0.7244897959183674,0.2964866567403505,0,1,1,2,1,3
4,5,1,5,0,1,0.4398340248962656,0.5894736842105263,0.4851694915254237,0.4420062695924765,0.82,0.6000000000000001,0.7306122448979592,0.16100675753063798,1,1,0,3,1,3
4,3,1,6,1,1,0.8229598893499308,0.7578947368421053,0.568502824858757,0.31818181818181823,0.82,0.0,0.7959183673469388,0.342500859008132,1,1,1,3,1,3
4,5,1,0,1,1,0.37067773167358226,0.34736842105263155,0.3425141242937853,0.35579937304075243,0.33,0.4666666666666668,0.33673469387755106,0.17618256786164244,0,1,0,3,1,2
4,5,1,6,1,2,0.2351313969571231,0.3684210526315789,0.3298022598870056,0.4482758620689656,0.51,0.8999999999999999,0.45510204081632655,0.10564368342686976,0,1,0,3,1,1
4,3,2,1,1,3,0.8686030428769018,0.49473684210526314,0.4399717514124294,0.5517241379310345,0.5,0.2666666666666666,0.49795918367346936,0.22272649181078918,0,1,1,4,2,3
4,3,1,6,0,2,0.8174273858921162,0.8105263157894737,0.681497175141243,0.3746081504702195,0.88,0.4666666666666668,0.8530612244897959,0.2993929675867599,1,1,1,5,2,3
4,5,1,3,1,2,0.32918395573997233,0.23157894736842105,0.1998587570621469,0.5830721003134798,0.24,0.20000000000000018,0.23673469387755103,0.09582235711831406,0,1,0,5,2,1
4,4,2,6,2,2,0.6680497925311204,0.9157894736842105,0.8665254237288136,0.21316614420062696,1.0,0.8999999999999999,0.9673469387755101,0.38721223227579893,1,1,1,7,3,3
4,4,2,6,2,2,0.5933609958506225,0.8526315789473684,0.7718926553672316,0.329153605015674,1.0,0.8666666666666667,0.942857142857143,0.2601362959569351,1,1,1,7,3,3
4,0,1,6,1,2,0.6431535269709543,0.9789473684210526,0.6942090395480226,0.19122257053291536,1.0,0.3666666666666667,0.9918367346938776,0.40306093231015927,1,1,1,7,3,2
4,0,1,4,2,2,0.632088520055325,0.968421052631579,0.5522598870056498,0.2445141065830721,1.0,0.20000000000000018,0.9877551020408163,0.3398952010079029,1,1,1,7,3,2
4,3,1,5,0,3,0.6970954356846475,0.4842105263157895,0.3672316384180791,0.5282131661442007,0.5,0.3999999999999999,0.49387755102040815,0.19280437521475208,0,1,1,7,3,2
4,4,1,6,0,3,0.5601659751037344,0.9368421052631579,0.536723163841808,0.21943573667711602,1.0,0.7333333333333334,0.9755102040816326,0.33595808040316116,1,1,1,8,3,2
4,5,0,5,2,3,0.30428769017980645,0.6631578947368421,0.6483050847457628,0.3965517241379311,0.77,0.06666666666666687,0.7285714285714285,0.14041919596838853,1,1,0,8,3,1
4,4,2,0,2,1,0.5200553250345781,0.8421052631578947,0.5805084745762712,0.3730407523510972,1.0,0.666666666666667,0.9387755102040817,0.21273336387584468,1,1,0,8,3,2
4,4,1,1,0,2,0.6348547717842326,0.6736842105263158,0.586864406779661,0.3510971786833857,0.88,0.16666666666666696,0.8,0.2594490894513802,0,1,1,9,3,3
4,0,2,1,0,2,0.5905947441217152,0.5368421052631579,0.5204802259887006,0.3965517241379311,0.71,0.5666666666666669,0.6428571428571429,0.22138071240407742,0,1,1,10,4,2
4,3,2,1,2,2,0.6334716459197787,0.15789473684210525,0.1405367231638418,0.5501567398119123,0.24,1.0,0.20816326530612245,0.1708853510479899,0,0,1,11,4,1
4,4,1,5,2,2,0.5961272475795296,0.8947368421052632,0.6024011299435028,0.3448275862068965,0.96,0.033333333333333215,0.9346938775510205,0.2512885121979155,1,1,1,11,4,3
4,5,2,5,2,0,0.14799446749654227,0.0,0.0,0.677115987460815,0.0,0.10000000000000009,0.0,0.0439239491467186,0,0,0,11,4,0
4,0,2,6,2,0,0.3941908713692947,0.3684210526315789,0.3679378531073446,0.6065830721003136,0.54,0.06666666666666687,0.47346938775510206,0.10451265605314396,0,0,0,11,4,0
4,0,1,0,0,3,0.5311203319502076,0.6526315789473685,0.3792372881355932,0.44670846394984326,0.92,0.7333333333333334,0.8163265306122449,0.1830546329171916,0,1,0,12,4,1
4,0,1,0,0,3,0.5228215767634854,0.6947368421052631,0.6913841807909604,0.32445141065830724,0.76,0.666666666666667,0.7346938775510204,0.240350475317833,0,1,0,1,1,1
4,4,0,1,1,3,0.6680497925311204,0.5157894736842105,0.4307909604519774,0.4592476489028214,0.75,0.7000000000000002,0.6591836734693878,0.21311991753521936,0,1,1,2,1,3
4,5,2,3,0,0,0.2489626556016598,0.0,0.0,0.84012539184953,0.05,0.7000000000000002,0.030612244897959183,0.04289313938838622,0,0,0,2,1,1
4,0,1,5,2,2,0.36791147994467505,0.3263157894736842,0.317090395480226,0.5517241379310345,0.49,0.5,0.42653061224489797,0.11127018669110068,0,0,0,2,1,0
4,0,1,5,0,1,0.7441217150760719,0.8421052631578947,0.6320621468926554,0.2382445141065831,1.0,0.666666666666667,0.9387755102040817,0.3897463062650327,1,1,1,2,1,3
4,5,1,0,1,2,0.2738589211618257,0.22105263157894736,0.16666666666666666,0.47805642633228845,0.37,0.7000000000000002,0.3122448979591837,0.10757645172374299,0,1,0,3,1,1
4,0,1,5,0,2,0.6929460580912863,0.9894736842105263,0.6137005649717514,0.15830721003134796,1.0,0.7999999999999998,0.9959183673469387,0.47288397663497883,1,1,1,5,2,3
4,0,1,0,0,3,0.5684647302904564,0.6,0.3509887005649717,0.5062695924764891,0.61,0.2666666666666666,0.6061224489795918,0.17047016378421714,0,1,1,5,2,2
4,4,2,5,0,0,0.359612724757953,0.21052631578947367,0.1306497175141243,0.41065830721003144,0.27,0.9666666666666668,0.24693877551020407,0.1507988775627076,0,0,0,6,2,1
4,1,0,5,1,0,0.2213001383125865,0.15789473684210525,0.14124293785310735,0.6645768025078371,0.12,0.9666666666666668,0.1346938775510204,0.05964379796128737,0,0,0,7,3,0
4,5,1,1,0,2,0.33195020746887965,0.42105263157894735,0.4117231638418079,0.5940438871473355,0.57,0.6333333333333333,0.5122448979591837,0.09414729126102393,0,1,0,8,3,1
4,5,1,6,0,1,0.401106500691563,0.6210526315789473,0.594632768361582,0.2836990595611285,0.87,0.3666666666666667,0.7734693877551021,0.22431565685488492,1,1,0,9,3,2
4,3,1,3,2,1,0.7690179806362378,0.5368421052631579,0.4025423728813559,0.5015673981191222,0.7,0.4333333333333331,0.636734693877551,0.22003493299736576,0,1,1,9,3,2
4,3,0,2,0,3,0.8063623789764869,0.8526315789473684,0.6122881355932204,0.3213166144200627,1.0,0.9666666666666668,0.942857142857143,0.3345407169854542,1,1,1,10,4,3
4,0,1,2,0,2,0.6970954356846475,0.9894736842105263,0.6327683615819208,0.16300940438871475,1.0,0.16666666666666696,0.9959183673469387,0.4674579086015348,1,1,1,10,4,3
4,0,0,3,0,1,0.8077455048409405,0.9473684210526315,0.8848870056497176,0.20846394984326022,1.0,0.10000000000000009,0.9795918367346939,0.4514803573473829,1,1,1,12,4,3
4,5,2,0,2,2,0.13139695712309823,0.0,0.0,0.7476489028213167,0.0,0.9666666666666668,0.0,0.03285706104684458,0,0,0,12,4,0
5,5,1,1,2,2,0.3236514522821577,0.010526315789473684,0.007062146892655367,0.6128526645768027,0.11,0.833333333333333,0.07142857142857144,0.08869258962318179,0,0,0,4,2,1
5,5,1,6,2,3,0.27524204702627936,0.35789473684210527,0.2902542372881356,0.4733542319749217,0.52,0.833333333333333,0.4571428571428572,0.10915129996563967,0,1,0,4,2,1
5,3,1,6,1,3,0.7607192254495159,0.4526315789473684,0.3347457627118644,0.42319749216300945,0.51,0.06666666666666687,0.4877551020408163,0.25473886152788916,0,1,1,5,2,2
5,4,1,6,0,0,0.29322268326417716,0.3157894736842105,0.18714689265536724,0.5172413793103448,0.29,0.20000000000000018,0.3,0.10247967014087732,0,0,0,5,2,0
5,0,1,0,2,2,0.5573997233748271,0.35789473684210527,0.3418079096045198,0.584639498432602,0.48,0.20000000000000018,0.43265306122448977,0.14409861413354713,0,0,1,6,2,2
5,4,1,5,2,3,0.5089903181189488,0.5052631578947369,0.4399717514124294,0.4404388714733542,0.66,0.9333333333333331,0.6,0.17973313480700953,0,1,0,6,2,2
5,4,1,1,2,3,0.582295988934993,0.6105263157894737,0.5543785310734464,0.4843260188087775,0.66,0.6000000000000001,0.6408163265306123,0.18160863589508647,0,1,1,6,2,3
5,5,1,1,0,0,0.2351313969571231,0.0,0.0,0.8605015673981193,0.03,0.5666666666666669,0.01836734693877551,0.0386553659374642,0,0,0,6,2,1
5,4,1,0,0,2,0.6251728907330567,0.8947368421052632,0.623587570621469,0.18652037617554856,1.0,0.5333333333333332,0.9591836734693877,0.4010708968044898,1,1,1,6,2,3
5,5,0,1,0,0,0.3195020746887967,0.0,0.0,0.7633228840125392,0.0,0.8666666666666667,0.0,0.06370976978582064,0,0,0,6,2,1
5,5,2,6,0,3,0.34301521438450894,0.25263157894736843,0.1461864406779661,0.7272727272727273,0.42,0.9333333333333331,0.3551020408163265,0.07297274080861298,0,1,0,8,3,1
5,4,0,6,0,3,0.5560165975103735,0.5368421052631579,0.5084745762711864,0.5172413793103448,0.68,0.4666666666666668,0.6244897959183674,0.1638844347726492,0,1,1,9,3,2
5,5,1,0,0,2,0.4647302904564316,0.5789473684210527,0.3580508474576271,0.3401253918495298,0.64,0.8666666666666667,0.6163265306122448,0.21293379910663157,1,1,1,10,4,3
5,5,1,4,2,0,0.18118948824343023,0.0,0.0,0.8244514106583074,0.0,0.6333333333333333,0.0,0.03357290115679762,0,0,0,10,4,0
5,0,1,6,2,2,0.6348547717842326,0.8421052631578947,0.7266949152542372,0.33542319749216304,1.0,0.766666666666667,0.9387755102040817,0.26931336616653306,1,1,1,11,4,2
5,4,1,5,0,2,0.4688796680497926,0.6,0.3382768361581921,0.36833855799373044,0.71,0.766666666666667,0.6673469387755102,0.19989119230328717,0,1,1,11,4,1
5,0,1,1,0,0,0.49515905947441213,0.35789473684210527,0.2923728813559322,0.6238244514106583,0.48,0.10000000000000009,0.43265306122448977,0.12136353224143857,0,0,1,11,4,1
5,0,2,5,2,2,0.4937759336099586,0.6,0.3347457627118644,0.3730407523510972,0.64,0.033333333333333215,0.6244897959183674,0.2049879738861528,0,1,1,11,4,1
5,5,2,6,2,3,0.3098201936376211,0.3263157894736842,0.2817796610169492,0.5188087774294672,0.48,0.16666666666666696,0.4204081632653061,0.10597296987744816,0,1,0,2,1,1
5,5,2,2,0,1,0.4121715076071923,0.6105263157894737,0.4293785310734463,0.43416927899686525,0.83,0.3666666666666667,0.7448979591836735,0.15652559844233194,1,1,0,3,1,2
5,5,1,2,0,1,0.22959889349930845,0.28421052631578947,0.20127118644067796,0.6379310344827587,0.38,0.9333333333333331,0.34285714285714286,0.06531325163211545,0,1,0,3,1,0
5,0,1,5,0,1,0.6376210235131397,0.8421052631578947,0.6313559322033898,0.23981191222570536,1.0,0.4333333333333331,0.9387755102040817,0.34659546443706335,1,1,1,5,2,2
5,4,1,6,0,3,0.48409405255878285,0.4842105263157895,0.3135593220338983,0.4905956112852666,0.54,0.8666666666666667,0.5183673469387755,0.1554518382774024,0,1,0,6,2,1
5,4,2,5,2,0,0.2351313969571231,0.18947368421052632,0.1885593220338983,0.5344827586206897,0.14,0.5333333333333332,0.15918367346938775,0.08521360668880996,0,0,0,7,3,0
5,0,1,2,1,0,0.4619640387275243,0.35789473684210527,0.2796610169491525,0.49843260188087785,0.4,0.666666666666667,0.3836734693877551,0.14760623067231704,0,0,1,7,3,1
5,5,1,6,1,3,0.3167358229598894,0.3368421052631579,0.2252824858757062,0.4921630094043888,0.41,0.766666666666667,0.3816326530612245,0.11437693276829687,0,1,0,9,3,1
5,0,1,6,2,3,0.6694329183955741,0.6842105263157895,0.5953389830508474,0.2711598746081505,0.81,0.10000000000000009,0.7612244897959184,0.3294725690069866,0,1,1,10,4,3
5,0,2,6,1,2,0.2351313969571231,0.35789473684210527,0.2478813559322034,0.47021943573667707,0.37,0.6333333333333333,0.3653061224489796,0.0999312793494445,0,0,0,10,4,0
5,0,1,6,2,2,0.44813278008298757,0.34736842105263155,0.2443502824858757,0.4639498432601881,0.32,0.5333333333333332,0.3306122448979592,0.1554375214752033,0,0,1,11,4,1
5,2,2,0,0,2,0.1894882434301522,0.0,0.0,0.7037617554858935,0.0,0.3999999999999999,0.0,0.04833352422402931,0,0,0,12,4,1
5,0,1,6,0,3,0.4578146611341633,0.9578947368421052,0.5692090395480226,0.12382445141065829,1.0,0.30000000000000027,0.9836734693877551,0.40752777459626627,1,1,0,12,4,1
5,5,2,6,0,0,0.11756569847856152,0.010526315789473684,0.009887005649717513,0.9012539184952979,0.0,0.1333333333333333,0.004081632653061225,0.017122895430076737,0,0,0,1,1,0
5,1,1,6,1,0,0.21576763485477185,0.09473684210526316,0.06426553672316385,0.6269592476489028,0.1,0.7000000000000002,0.0979591836734694,0.06426812507158401,0,0,0,1,1,0
5,0,1,0,0,0,0.32918395573997233,0.24210526315789474,0.17796610169491525,0.64576802507837,0.26,0.2666666666666666,0.2530612244897959,0.08372465926010765,0,0,0,1,1,0
5,0,1,5,0,0,0.37482710926694335,0.2736842105263158,0.2033898305084746,0.6473354231974922,0.3,0.7000000000000002,0.2897959183673469,0.09242927499713664,0,0,0,1,1,0
5,4,1,5,0,1,0.5366528354080222,0.8210526315789474,0.5911016949152542,0.25078369905956116,1.0,0.9666666666666668,0.9306122448979592,0.2978038025426641,1,1,1,4,2,2
5,0,1,0,1,2,0.5864453665283542,0.22105263157894736,0.1673728813559322,0.6677115987460815,0.36,0.3333333333333335,0.30612244897959184,0.1293093574619173,0,0,1,6,2,2
5,5,2,4,3,0,0.10650069156293224,0.042105263157894736,0.03248587570621469,0.7460815047021945,0.18,0.0,0.12653061224489795,0.028647921200320697,0,0,0,6,2,0
5,2,2,5,0,3,0.3098201936376211,0.2631578947368421,0.16242937853107345,0.5893416927899686,0.27,0.666666666666667,0.26734693877551025,0.09042492268926815,0,1,0,7,3,3
5,5,0,6,0,2,0.3900414937759337,0.6631578947368421,0.6024011299435028,0.31191222570532917,0.69,0.30000000000000027,0.6795918367346939,0.2040716985454129,1,1,1,7,3,2
5,4,1,0,0,3,0.521438450899032,0.9052631578947368,0.7019774011299434,0.13949843260188088,1.0,0.10000000000000009,0.963265306122449,0.4168336960256558,1,1,0,9,3,2
5,5,2,5,2,0,0.12448132780082993,0.0,0.0,0.8448275862068968,0.1,0.9333333333333331,0.061224489795918366,0.022649181078914213,0,0,0,10,4,0
5,4,1,5,2,1,0.36099585062240674,0.6736842105263158,0.4562146892655367,0.4090909090909091,0.77,0.10000000000000009,0.7326530612244898,0.1517581033100447,0,1,0,10,4,1
5,1,1,6,0,2,0.2876901798063624,0.031578947368421054,0.026836158192090395,0.6489028213166146,0.03,0.3333333333333335,0.030612244897959183,0.07500572672087961,0,0,0,12,4,1
5,3,1,6,0,1,0.6459197786998618,0.4526315789473684,0.3990112994350282,0.4294670846394985,0.57,0.4666666666666668,0.5244897959183674,0.22075077310731878,0,1,1,1,1,1
5,3,1,6,2,3,0.6210235131396957,0.6210526315789473,0.4074858757062147,0.35579937304075243,0.73,0.5333333333333332,0.6877551020408164,0.2523909059672432,0,1,0,1,1,1
5,0,1,1,0,0,0.41770401106500704,0.21052631578947367,0.13983050847457626,0.5564263322884013,0.21,0.5666666666666669,0.21020408163265306,0.12116309701065171,0,0,1,1,1,1
5,0,0,2,0,2,0.4785615491009682,0.3368421052631579,0.22387005649717515,0.5109717868338559,0.38,0.6000000000000001,0.36326530612244895,0.14767781468331237,0,0,1,3,1,1
5,5,1,2,0,0,0.1604426002766252,0.0,0.0,0.7398119122257054,0.13,0.06666666666666687,0.07959183673469387,0.038812850761653875,0,0,0,5,2,0
5,5,2,2,2,0,0.17289073305670816,0.0,0.0,0.7774294670846396,0.12,0.5666666666666669,0.07346938775510203,0.03692303287137784,0,0,0,5,2,0
5,3,2,6,0,0,0.43015214384509,0.19999999999999998,0.11511299435028248,0.7335423197492164,0.17,0.7333333333333334,0.18163265306122447,0.08756156224945598,0,0,0,5,2,0
5,3,1,3,3,3,0.8063623789764869,0.5578947368421052,0.327683615819209,0.5721003134796239,0.61,0.5333333333333332,0.5897959183673469,0.2014803573473829,0,1,1,7,3,3
5,0,2,6,2,2,0.4896265560165976,0.5578947368421052,0.3022598870056497,0.43416927899686525,0.65,0.5,0.6142857142857143,0.1770845264001833,0,1,1,7,3,1
5,3,1,5,0,1,0.8146611341632088,0.7789473684210526,0.7358757062146892,0.3416927899686521,0.9,0.1333333333333333,0.8530612244897959,0.32152674378650786,1,1,1,8,3,3
5,5,1,5,0,2,0.21300138312586442,0.22105263157894736,0.1716101694915254,0.5470219435736678,0.19,0.7000000000000002,0.20204081632653062,0.07769728553430306,0,1,0,9,3,0
5,3,1,1,1,3,0.8575380359612725,0.5684210526315789,0.3912429378531073,0.4278996865203762,0.77,0.4333333333333331,0.6918367346938776,0.27823273393654796,0,1,1,9,3,3
5,5,1,1,0,1,0.4854771784232365,0.6210526315789473,0.5515536723163842,0.41222570532915365,0.88,0.9333333333333331,0.7795918367346939,0.1848871835986714,1,1,1,11,4,3
5,0,1,2,1,2,0.49515905947441213,0.5578947368421052,0.5543785310734464,0.438871473354232,0.63,0.4333333333333331,0.6020408163265306,0.17671228954300766,0,1,1,12,4,1
5,0,1,5,0,1,0.6265560165975104,0.8947368421052632,0.7754237288135594,0.21786833855799376,1.0,0.10000000000000009,0.9591836734693877,0.3648064368342688,1,1,1,12,4,2
6,4,1,5,1,3,0.5006915629322268,0.6,0.4088983050847458,0.38087774294670856,0.67,0.8666666666666667,0.6428571428571429,0.20324132401786738,0,1,0,1,1,2
6,4,1,0,2,1,0.4398340248962656,0.5578947368421052,0.4314971751412429,0.468652037617555,0.74,0.7000000000000002,0.6693877551020408,0.1517581033100447,0,1,0,2,1,1
6,0,1,0,1,1,0.7053941908713692,0.8736842105263157,0.6073446327683616,0.2492163009404389,1.0,0.06666666666666687,0.9510204081632654,0.36334612300996455,1,1,1,2,1,3
6,5,1,5,1,0,0.09958506224066394,0.0,0.0,0.8087774294670846,0.0,0.4333333333333331,0.0,0.02167563852937808,0,0,0,2,1,0
6,3,0,3,0,0,0.5643153526970954,0.22105263157894736,0.1927966101694915,0.786833855799373,0.31,0.0,0.2755102040816327,0.10182109723972053,0,0,1,2,1,1
6,0,2,3,2,0,0.6431535269709543,0.28421052631578947,0.1998587570621469,0.6739811912225706,0.42,0.2333333333333334,0.3673469387755102,0.13870117970450124,0,0,1,3,1,2
6,0,1,5,1,2,0.7040110650069158,0.8736842105263157,0.4745762711864407,0.18025078369905956,1.0,0.4333333333333331,0.9510204081632654,0.4449948459512084,1,1,1,3,1,3
6,5,2,1,0,0,0.15905947441217155,0.0,0.0,0.7836990595611286,0.0,0.3333333333333335,0.0,0.03393082121177414,0,0,0,3,1,0
6,1,0,5,0,1,0.19502074688796683,0.5052631578947369,0.4872881355932203,0.4200626959247649,0.61,0.16666666666666696,0.5693877551020409,0.10272305577826137,0,1,0,3,1,0
6,5,1,1,1,1,0.475795297372061,0.2631578947368421,0.2443502824858757,0.3761755485893417,0.37,0.033333333333333215,0.32857142857142857,0.19820180964379797,0,1,0,3,1,3
6,2,0,0,0,1,0.1756569847856156,0.34736842105263155,0.3411016949152542,0.609717868338558,0.5,0.9333333333333331,0.44081632653061226,0.05878478982934372,0,1,0,4,2,1
6,5,1,6,0,0,0.14384508990318118,0.0,0.0,0.863636363636364,0.11,0.4333333333333331,0.0673469387755102,0.024109494903218426,0,0,0,4,2,0
6,5,1,6,0,2,0.32918395573997233,0.5578947368421052,0.3622881355932203,0.4200626959247649,0.71,0.833333333333333,0.6510204081632653,0.13917363417707018,1,1,0,4,2,1
6,4,0,6,0,0,0.31120331950207475,0.30526315789473685,0.2782485875706215,0.6222570532915361,0.32,0.8666666666666667,0.3142857142857143,0.08438323216126449,0,0,0,4,2,0
6,0,1,5,0,1,0.2987551867219918,0.631578947368421,0.5127118644067796,0.4592476489028214,0.85,0.16666666666666696,0.7653061224489797,0.11895830947199633,0,1,0,4,2,0
6,3,1,6,0,1,0.479944674965422,0.5263157894736842,0.4929378531073446,0.4639498432601881,0.67,0.10000000000000009,0.6142857142857143,0.16348356431107552,0,1,0,4,2,0
6,4,2,6,2,0,0.3554633471645921,0.28421052631578947,0.2577683615819209,0.69435736677116,0.24,0.833333333333333,0.2571428571428572,0.08043179475432367,0,0,0,4,2,1
6,0,1,4,0,1,0.5947441217150762,0.9263157894736842,0.8227401129943502,0.1896551724137931,1.0,0.4333333333333331,0.9714285714285714,0.38364734852823273,1,1,1,4,2,2
6,3,1,1,1,2,0.8423236514522823,0.4421052631578947,0.3481638418079096,0.7147335423197492,0.5,0.30000000000000027,0.47755102040816333,0.16571698545412894,0,1,1,5,2,3
6,4,2,3,2,0,0.44813278008298757,0.28421052631578947,0.2033898305084746,0.677115987460815,0.31,0.6333333333333333,0.3,0.10093345550337877,0,0,1,5,2,1
6,4,2,6,1,1,0.3900414937759337,0.4842105263157895,0.3538135593220339,0.3981191222570534,0.68,0.30000000000000027,0.6040816326530613,0.1640419195968389,0,1,0,5,2,1
6,1,0,1,0,3,0.49100968188105126,0.3368421052631579,0.2266949152542373,0.5,0.38,0.9666666666666668,0.36326530612244895,0.15407742526629253,0,1,1,5,2,3
6,0,1,5,3,3,0.6500691562932226,0.5578947368421052,0.3820621468926554,0.45768025078369906,0.69,0.6000000000000001,0.6387755102040816,0.2091971137326767,0,1,1,5,2,2
6,0,0,6,2,0,0.42738589211618255,0.21052631578947367,0.17796610169491525,0.7100313479623825,0.28,0.16666666666666696,0.2530612244897959,0.09105486198602682,0,0,1,5,2,1
6,5,0,6,0,0,0.0318118948824343,0.0,0.0,0.8291536050156743,0.0,0.16666666666666696,0.0,0.00903390218760737,0,0,0,6,2,0
6,0,2,0,3,3,0.6210235131396957,0.7263157894736842,0.5444915254237288,0.3934169278996866,0.79,0.5,0.7653061224489797,0.2316029091742069,0,1,1,6,2,2
6,0,0,5,0,3,0.6998616874135546,0.7157894736842105,0.5254237288135594,0.33542319749216304,0.93,0.7333333333333334,0.846938775510204,0.28988661092658347,0,1,1,6,2,3
6,5,1,5,1,1,0.38589211618257263,0.35789473684210527,0.3001412429378531,0.5329153605015675,0.56,0.5,0.4816326530612245,0.11998911923032872,0,1,0,6,2,2
6,5,2,1,2,2,0.2738589211618257,0.042105263157894736,0.026836158192090395,0.6222570532915361,0.04,0.16666666666666696,0.04081632653061225,0.0768096437979613,0,0,0,6,2,1
6,3,2,0,1,2,0.7095435684647302,0.17894736842105263,0.14336158192090395,0.7335423197492164,0.36,0.1333333333333333,0.2897959183673469,0.13734108349559043,0,0,1,7,3,2
6,4,1,1,0,2,0.35408022130013833,0.2736842105263158,0.18573446327683615,0.48746081504702193,0.32,0.30000000000000027,0.3020408163265306,0.1247422975604169,0,0,0,7,3,1
6,0,1,1,1,3,0.6929460580912863,0.6947368421052631,0.5331920903954802,0.3652037617554859,0.8,0.3666666666666667,0.7591836734693878,0.26844004123239035,0,1,1,7,3,3
6,5,0,0,0,2,0.4287690179806363,0.6631578947368421,0.567090395480226,0.4733542319749217,0.76,0.7999999999999998,0.7224489795918367,0.1474487458481274,1,1,1,8,3,3
6,4,2,5,1,1,0.5048409405255878,0.6526315789473685,0.5317796610169492,0.3448275862068965,0.9,0.4333333333333331,0.8040816326530613,0.22291261023937697,0,1,0,8,3,2
6,5,0,5,1,1,0.2710926694329185,0.29473684210526313,0.2775423728813559,0.493730407523511,0.43,0.9666666666666668,0.3775510204081633,0.10292349100904823,0,1,0,9,3,1
6,4,1,6,1,2,0.5131396957123098,0.5473684210526316,0.3601694915254237,0.5752351097178685,0.76,0.3666666666666667,0.6775510204081633,0.13714064826480354,0,1,1,9,3,2
6,3,1,5,1,2,0.7621023513139695,0.11578947368421053,0.07203389830508475,0.6786833855799375,0.25,0.666666666666667,0.1979591836734694,0.1601477493986943,0,0,1,10,4,2
6,0,1,6,0,2,0.6957123098201936,0.8421052631578947,0.6186440677966102,0.24608150470219436,0.98,0.7999999999999998,0.926530612244898,0.3628020845264002,1,1,1,10,4,3
6,0,1,5,0,3,0.677731673582296,0.9263157894736842,0.6454802259887006,0.1347962382445141,1.0,0.666666666666667,0.9714285714285714,0.5053544840224489,1,1,1,10,4,3
6,3,1,1,0,2,0.95850622406639,0.8105263157894737,0.5677966101694916,0.371473354231975,1.0,0.5,0.926530612244898,0.3431880655136869,1,1,1,10,4,3
6,0,1,5,3,1,0.401106500691563,0.5578947368421052,0.4809322033898305,0.4294670846394985,0.61,0.8666666666666667,0.5897959183673469,0.1552657198488146,0,1,0,11,4,0
6,0,0,0,0,1,0.6500691562932226,0.9052631578947368,0.7662429378531074,0.28996865203761757,1.0,0.7999999999999998,0.963265306122449,0.30693792234566486,1,1,1,11,4,2
6,5,1,2,0,3,0.3734439834024897,0.37894736842105264,0.259180790960452,0.6050156739811912,0.39,0.033333333333333215,0.38571428571428573,0.10054690184400415,0,1,0,12,4,2
6,2,1,4,0,3,0.31396957123098207,0.4421052631578947,0.2994350282485876,0.5109717868338559,0.58,0.06666666666666687,0.5265306122448979,0.10887928072385751,0,1,0,12,4,3
6,5,1,3,0,2,0.20608575380359612,0.0,0.0,0.6536050156739812,0.0,0.8666666666666667,0.0,0.05829801855457564,0,0,0,1,1,0
6,5,0,6,0,3,0.2558782849239281,0.34736842105263155,0.2725988700564972,0.5329153605015675,0.49,0.16666666666666696,0.4346938775510204,0.09028175466727752,0,1,0,1,1,1
6,5,1,5,0,0,0.006915629322268357,0.031578947368421054,0.019774011299435026,0.6990595611285266,0.09,0.9666666666666668,0.0673469387755102,0.015118543122208214,0,0,0,1,1,0
6,0,2,1,0,2,0.6348547717842326,0.5473684210526316,0.393361581920904,0.42163009404388724,0.62,0.9333333333333331,0.5918367346938775,0.22146661321727185,0,1,1,1,1,2
6,5,2,0,0,0,0.1466113416320886,0.0,0.0,0.713166144200627,0.15,0.9666666666666668,0.09183673469387756,0.03934257244301913,0,0,0,2,1,0
6,0,1,6,2,3,0.6293222683264177,0.9473684210526315,0.6603107344632768,0.1739811912225705,1.0,0.2666666666666666,0.9795918367346939,0.4195538884434773,1,1,1,2,1,2
6,0,1,0,3,3,0.5892116182572613,0.5789473684210527,0.3806497175141243,0.29467084639498436,0.68,0.6333333333333333,0.6408163265306123,0.2823273393654793,0,1,1,2,1,2
6,3,0,6,2,1,0.8091286307053942,0.8315789473684211,0.6878531073446328,0.22100313479623823,1.0,0.3666666666666667,0.9346938775510205,0.43584640934600855,1,1,1,3,1,3
6,4,1,5,0,2,0.47302904564315357,0.49473684210526314,0.4201977401129943,0.4482758620689656,0.72,0.7999999999999998,0.6326530612244898,0.16736341770702096,0,1,1,3,1,1
6,0,2,2,0,0,0.4827109266943293,0.2631578947368421,0.2612994350282486,0.609717868338558,0.22,0.7333333333333334,0.23673469387755103,0.12209368915359066,0,0,1,4,2,1
6,5,1,5,0,0,0.21576763485477185,0.0,0.0,0.7163009404388716,0.06,0.833333333333333,0.03673469387755102,0.05154048791661896,0,0,0,5,2,0
6,4,1,2,2,3,0.5905947441217152,0.9052631578947368,0.5833333333333334,0.32758620689655177,1.0,0.5666666666666669,0.963265306122449,0.26025083037452756,1,1,1,5,2,3
6,0,1,5,0,2,0.4578146611341633,0.23157894736842105,0.1716101694915254,0.5768025078369907,0.35,0.5333333333333332,0.3040816326530612,0.1248281983736113,0,0,1,5,2,1
6,5,2,5,2,0,0.1258644536652836,0.05263157894736842,0.03954802259887005,0.7115987460815048,0.15,0.833333333333333,0.11224489795918367,0.0357347382888558,0,0,0,6,2,0
6,0,1,6,2,0,0.3734439834024897,0.22105263157894736,0.18714689265536724,0.7476489028213167,0.18,0.7333333333333334,0.1959183673469388,0.07532069636925896,0,0,0,7,3,0
6,5,1,1,0,0,0.2600276625172891,0.05263157894736842,0.04449152542372881,0.7727272727272729,0.04,0.3666666666666667,0.044897959183673466,0.05229927843316917,0,0,0,7,3,1
6,5,1,3,0,1,0.3983402489626556,0.23157894736842105,0.1673728813559322,0.634796238244514,0.33,0.7999999999999998,0.29183673469387755,0.09951609208567176,0,1,0,7,3,2
6,5,1,5,0,1,0.36099585062240674,0.39999999999999997,0.298728813559322,0.5893416927899686,0.45,0.766666666666667,0.4306122448979592,0.1012484251517581,0,1,0,7,3,2
6,5,2,1,0,0,0.24066390041493774,0.0,0.0,0.8667711598746082,0.0,0.9666666666666668,0.0,0.03889875157484825,0,0,0,8,3,1
6,2,1,0,2,3,0.25172890733056713,0.3157894736842105,0.2853107344632768,0.7523510971786833,0.37,0.16666666666666696,0.3489795918367347,0.05337303859809872,0,1,0,8,3,2
6,5,1,4,1,3,0.32226832641770403,0.29473684210526313,0.192090395480226,0.7225705329153607,0.34,0.7999999999999998,0.32244897959183677,0.06995189554461116,0,1,0,8,3,1
6,0,2,6,2,2,0.3692946058091287,0.3684210526315789,0.2598870056497175,0.4921630094043888,0.51,0.8666666666666667,0.45510204081632655,0.127118886725461,0,0,0,8,3,0
6,5,1,5,0,3,0.22959889349930845,0.3263157894736842,0.18149717514124294,0.5642633228840126,0.31,0.666666666666667,0.3163265306122449,0.07805520558927957,0,1,0,8,3,0
6,5,2,5,2,3,0.3098201936376211,0.42105263157894735,0.3135593220338983,0.5360501567398119,0.63,0.9666666666666668,0.5489795918367347,0.10187836444851676,0,1,0,8,3,1
6,4,1,5,0,1,0.521438450899032,0.6105263157894737,0.5903954802259886,0.41536050156739807,0.67,0.7333333333333334,0.6469387755102041,0.19341999770931168,0,1,0,8,3,2
6,4,1,5,1,3,0.6639004149377594,0.8947368421052632,0.5409604519774012,0.2789968652037618,1.0,0.6333333333333333,0.9591836734693877,0.3207536364677586,1,1,1,8,3,3
6,5,2,5,1,0,0.0,0.0,0.0,0.7413793103448276,0.15,0.833333333333333,0.09183673469387756,0.010293780781124737,0,0,0,8,3,0
6,3,0,6,2,0,0.5159059474412171,0.22105263157894736,0.19562146892655366,0.6238244514106583,0.26,0.16666666666666696,0.24489795918367346,0.12555835528576337,0,0,0,8,3,0
6,5,1,1,0,2,0.39972337482710935,0.0,0.0,0.6614420062695925,0.07,0.1333333333333333,0.04285714285714286,0.09461974573359296,0,0,1,9,3,2
6,2,1,6,2,1,0.2710926694329185,0.2631578947368421,0.1850282485875706,0.5893416927899686,0.27,0.4333333333333331,0.26734693877551025,0.08222139502920627,0,1,0,9,3,3
6,0,1,6,1,0,0.4080221300138313,0.24210526315789474,0.2266949152542373,0.5266457680250785,0.43,0.30000000000000027,0.35714285714285715,0.12673233306608633,0,0,0,9,3,0
6,5,1,6,2,3,0.26556016597510385,0.2631578947368421,0.24505649717514125,0.5579937304075235,0.25,0.8666666666666667,0.25510204081632654,0.08718932539228037,0,1,0,9,3,1
6,0,2,2,1,1,0.44951590594744123,0.6105263157894737,0.3742937853107345,0.5062695924764891,0.65,0.7333333333333334,0.6346938775510205,0.14223742984766924,0,1,0,10,4,1
6,0,1,1,0,3,0.6625172890733058,0.6842105263157895,0.3884180790960452,0.384012539184953,0.88,0.4333333333333331,0.8040816326530613,0.24853968617569583,0,1,1,10,4,3
6,5,1,6,0,0,0.10511756569847858,0.0,0.0,0.7147335423197492,0.07,0.033333333333333215,0.04285714285714286,0.031611499255526296,0,0,0,10,4,0
6,4,2,5,0,1,0.6071922544951591,0.7894736842105263,0.6822033898305084,0.2492163009404389,0.98,0.3333333333333335,0.9061224489795918,0.32597926927041576,1,1,1,10,4,3
6,4,0,6,0,0,0.38589211618257263,0.30526315789473685,0.3008474576271186,0.6896551724137931,0.45,0.8999999999999999,0.39387755102040817,0.08690298934829917,0,0,0,10,4,1
6,5,1,0,0,1,0.29045643153526973,0.24210526315789474,0.2231638418079096,0.590909090909091,0.24,0.5666666666666669,0.24081632653061225,0.08601534761195738,0,1,0,10,4,1
6,5,2,0,2,2,0.1147994467496542,0.010526315789473684,0.00847457627118644,0.7398119122257054,0.01,0.30000000000000027,0.010204081632653062,0.030738174321383566,0,0,0,10,4,0
6,3,1,3,2,1,0.9847856154910097,0.7368421052631579,0.4879943502824859,0.36833855799373044,0.97,0.4666666666666668,0.8795918367346939,0.353338678272821,1,1,1,11,4,3
6,4,1,2,1,0,0.3125864453665284,0.30526315789473685,0.1751412429378531,0.5141065830721003,0.31,0.5333333333333332,0.3081632653061224,0.1077625701523308,0,0,0,11,4,0
6,5,2,5,2,2,0.26556016597510385,0.21052631578947367,0.13135593220338984,0.8009404388714734,0.24,0.5333333333333332,0.2285714285714286,0.049894055663726955,0,1,0,11,4,1
6,0,1,5,0,2,0.34716459197787003,0.2631578947368421,0.1906779661016949,0.633228840125392,0.45,0.033333333333333215,0.3775510204081633,0.08959454816172262,0,0,0,12,4,0
6,5,1,0,0,2,0.34301521438450894,0.5473684210526316,0.4265536723163842,0.3510971786833857,0.63,0.16666666666666696,0.5979591836734693,0.16981159088306036,1,1,0,12,4,1
6,4,2,0,2,0,0.23928077455048408,0.28421052631578947,0.21257062146892655,0.634796238244514,0.34,0.3999999999999999,0.3183673469387755,0.06773279120375673,0,0,0,12,4,0
6,5,2,0,2,3,0.34716459197787003,0.3684210526315789,0.2019774011299435,0.45768025078369906,0.55,0.8999999999999999,0.47959183673469385,0.13178616424235484,0,1,0,12,4,2
6,5,1,6,2,2,0.3623789764868604,0.0,0.0,0.9012539184952979,0.12,0.9333333333333331,0.07346938775510203,0.05396002748826022,0,0,1,12,4,2
6,5,1,6,1,3,0.34578146611341637,0.22105263157894736,0.1864406779661017,0.6551724137931036,0.41,0.2666666666666666,0.33673469387755106,0.08529950750200437,0,1,0,12,4,1
6,5,2,6,0,2,0.14799446749654227,0.0,0.0,0.761755485893417,0.0,0.8999999999999999,0.0,0.03428874126675066,0,0,0,1,1,0
6,0,1,0,0,2,0.6044260027662518,0.6421052631578947,0.3573446327683616,0.45297805642633243,0.66,0.5,0.653061224489796,0.1994760050395144,0,1,1,1,1,2
6,2,1,6,0,3,0.40248962655601667,0.6421052631578947,0.4682203389830508,0.31661442006269597,0.83,0.7333333333333334,0.7571428571428571,0.2056179131829115,1,1,1,2,1,3
6,1,1,6,1,1,0.401106500691563,0.42105263157894735,0.2577683615819209,0.6159874608150471,0.42,0.10000000000000009,0.4204081632653061,0.10393998396518152,0,1,0,2,1,2
6,0,0,3,0,2,0.7869986168741356,0.8842105263157894,0.6299435028248588,0.2163009404388715,1.0,0.5,0.9551020408163267,0.4326823960600161,1,1,1,3,1,3
6,4,1,5,2,3,0.5795297372060859,0.8210526315789474,0.4604519774011299,0.4310344827586207,1.0,0.3999999999999999,0.9306122448979592,0.20231073187492843,1,1,1,3,1,3
6,5,0,0,2,0,0.035961272475795336,0.0,0.0,0.8291536050156743,0.0,0.3999999999999999,0.0,0.00970679189096324,0,0,0,3,1,0
6,4,1,5,1,1,0.4854771784232365,0.6421052631578947,0.5402542372881356,0.6206896551724139,0.76,0.0,0.7142857142857143,0.12011797045012025,0,1,0,4,2,2
6,0,2,6,0,2,0.6459197786998618,0.9789473684210526,0.690677966101695,0.2288401253918495,1.0,0.2333333333333334,0.9918367346938776,0.36098385064711946,1,1,1,4,2,2
6,5,1,5,0,2,0.2171507607192255,0.28421052631578947,0.1786723163841808,0.39028213166144204,0.24,0.2333333333333334,0.2571428571428572,0.11774138128507618,0,1,0,4,2,0
6,4,0,5,1,3,0.5463347164591978,0.5789473684210527,0.5557909604519774,0.45297805642633243,0.73,0.5666666666666669,0.6714285714285715,0.18452926354369492,0,1,1,5,2,2
6,5,1,5,1,3,0.3485477178423237,0.25263157894736843,0.20692090395480225,0.6489028213166146,0.43,1.0,0.36122448979591837,0.08696025655709543,0,1,0,5,2,2
6,0,1,5,0,0,0.39280774550484093,0.24210526315789474,0.221045197740113,0.5862068965517242,0.24,0.8999999999999999,0.24081632653061225,0.10869316229526975,0,0,0,5,2,0
6,1,2,5,0,2,0.4605809128630705,0.6421052631578947,0.5338983050847458,0.36050156739811906,0.88,1.0,0.7877551020408163,0.20122265490779978,1,1,1,5,2,3
6,5,1,0,0,2,0.12033195020746895,0.010526315789473684,0.009180790960451978,0.8119122257053293,0.0,0.7333333333333334,0.004081632653061225,0.024811018210972396,0,0,0,5,2,0
6,5,1,6,0,3,0.280774550484094,0.3368421052631579,0.2704802259887006,0.6394984326018809,0.34,0.833333333333333,0.33877551020408164,0.07523479555606462,0,1,0,5,2,1
6,3,2,5,2,3,0.6749654218533887,0.43157894736842106,0.3877118644067797,0.5376175548589341,0.63,0.16666666666666696,0.553061224489796,0.1844147291261024,0,1,1,5,2,1
6,5,1,5,1,2,0.3125864453665284,0.0,0.0,0.6833855799373041,0.05,0.3999999999999999,0.030612244897959183,0.07417535219333408,0,0,0,6,2,1
6,5,1,5,1,3,0.39557399723374836,0.3368421052631579,0.20692090395480225,0.5203761755485894,0.37,0.0,0.35714285714285715,0.12554403848356432,0,1,0,6,2,2
6,5,0,5,2,0,0.09266943291839563,0.0,0.0,0.7601880877742948,0.03,0.7333333333333334,0.01836734693877551,0.02486828541976864,0,0,0,6,2,0
6,5,1,1,2,0,0.1825726141078839,0.042105263157894736,0.04025423728813559,0.7037617554858935,0.0,0.6333333333333333,0.0163265306122449,0.047059328828312916,0,0,0,6,2,0
6,3,2,6,0,1,0.640387275242047,0.5157894736842105,0.452683615819209,0.31034482758620696,0.58,0.666666666666667,0.5551020408163266,0.2882544954758905,0,1,1,6,2,1
6,0,1,0,1,1,0.6141078838174274,0.7263157894736842,0.5600282485875706,0.34639498432601884,0.84,0.666666666666667,0.7959183673469388,0.2559128393082121,0,1,1,6,2,2
6,5,1,6,2,2,0.31535269709543573,0.05263157894736842,0.0423728813559322,0.719435736677116,0.0,0.5333333333333332,0.020408163265306124,0.06916447142366282,0,0,0,6,2,1
6,3,2,2,0,0,0.41770401106500704,0.18947368421052632,0.10310734463276836,0.6144200626959249,0.32,0.7999999999999998,0.2693877551020408,0.1076766693391364,0,0,0,7,3,0
6,4,1,5,2,3,0.5255878284923929,0.9473684210526315,0.509180790960452,0.17711598746081508,1.0,0.8999999999999999,0.9795918367346939,0.3677700148894743,1,1,0,7,3,2
6,5,1,6,2,2,0.19778699861687415,0.29473684210526313,0.1786723163841808,0.5470219435736678,0.39,0.06666666666666687,0.3530612244897959,0.07428988661092657,0,1,0,7,3,0
6,5,1,6,2,2,0.15629322268326412,0.0,0.0,0.8416927899686522,0.02,0.4666666666666668,0.012244897959183675,0.027975031496964828,0,0,0,8,3,0
6,0,0,4,1,1,0.7012448132780082,0.9157894736842105,0.7923728813559322,0.26175548589341696,1.0,0.4333333333333331,0.9673469387755101,0.34963062650326426,1,1,1,8,3,3
6,0,1,0,0,3,0.6016597510373445,0.5894736842105263,0.519774011299435,0.481191222570533,0.75,0.30000000000000027,0.6877551020408164,0.18755010880769674,0,1,1,8,3,2
6,5,2,0,1,0,0.15076071922544948,0.010526315789473684,0.009180790960451978,0.822884012539185,0.0,0.20000000000000018,0.004081632653061225,0.0287910892223113,0,0,0,9,3,0
6,0,2,6,0,0,0.4218533886583679,0.22105263157894736,0.2040960451977401,0.7147335423197492,0.34,0.5333333333333332,0.29387755102040813,0.08923662810674605,0,0,1,9,3,1
6,0,1,5,0,2,0.5131396957123098,0.631578947368421,0.5070621468926554,0.22570532915360503,0.7,0.16666666666666696,0.6734693877551021,0.3108034589394113,0,1,1,9,3,1
6,4,1,2,2,0,0.28215767634854777,0.15789473684210525,0.08968926553672317,0.7225705329153607,0.33,0.833333333333333,0.26326530612244897,0.0627075936318864,0,0,0,10,4,0
6,5,1,6,1,0,0.24343015214384517,0.0,0.0,0.7272727272727273,0.0,0.833333333333333,0.0,0.05511968846638414,0,0,0,10,4,1
6,5,0,2,2,1,0.3914246196403873,0.5263157894736842,0.3121468926553672,0.426332288401254,0.65,0.8999999999999999,0.6020408163265306,0.15380540602451037,1,1,0,10,4,2
6,5,1,5,0,1,0.401106500691563,0.6421052631578947,0.5896892655367232,0.3401253918495298,0.8,0.3666666666666667,0.7387755102040816,0.19297617684114077,1,1,0,10,4,2
6,0,1,2,0,3,0.6030428769017979,0.6210526315789473,0.5812146892655368,0.48902821316614425,0.77,0.10000000000000009,0.7122448979591837,0.18494445080746763,0,1,1,10,4,2
6,5,1,4,0,3,0.2627939142461964,0.42105263157894735,0.3580508474576271,0.4905956112852666,0.44,0.833333333333333,0.43265306122448977,0.1016779292177299,0,1,0,10,4,1
6,0,0,0,2,1,0.372060857538036,0.631578947368421,0.3651129943502825,0.5548589341692791,0.79,0.20000000000000018,0.7285714285714285,0.1114419883174894,0,1,0,11,4,0
6,0,1,6,0,3,0.5573997233748271,0.7157894736842105,0.6716101694915254,0.2774294670846395,0.79,0.7333333333333334,0.7612244897959184,0.2840596724315657,0,1,1,11,4,2
6,4,1,0,3,0,0.34578146611341637,0.29473684210526313,0.2627118644067797,0.5736677115987461,0.5,0.8666666666666667,0.4204081632653061,0.10139159317374873,0,0,0,11,4,0
6,3,1,6,1,2,0.6210235131396957,0.5684210526315789,0.3672316384180791,0.5219435736677116,0.79,0.033333333333333215,0.7040816326530612,0.17744244645515977,0,1,1,12,4,1
6,5,2,6,0,2,0.2531120331950208,0.34736842105263155,0.2966101694915254,0.3996865203761755,0.32,0.7000000000000002,0.3306122448979592,0.12491409918680564,0,1,0,12,4,1
6,4,1,0,0,0,0.372060857538036,0.15789473684210525,0.13135593220338984,0.7335423197492164,0.3,0.7333333333333334,0.24489795918367346,0.077210514259535,0,0,0,12,4,1
6,1,2,6,0,0,0.22268326417704015,0.1368421052631579,0.08050847457627118,0.890282131661442,0.09,0.3999999999999999,0.10816326530612244,0.03391650440957507,0,0,0,12,4,0
6,5,1,5,0,2,0.39972337482710935,0.6421052631578947,0.5028248587570622,0.31504702194357365,0.86,0.3333333333333335,0.7755102040816326,0.20556064597411522,1,1,1,1,1,2
6,2,1,1,2,0,0.1853388658367911,0.08421052631578947,0.07627118644067797,0.7539184952978057,0.21,0.06666666666666687,0.16122448979591839,0.04160462719047074,0,0,0,1,1,1
6,0,0,1,1,0,0.5255878284923929,0.3157894736842105,0.2923728813559322,0.6269592476489028,0.37,0.6333333333333333,0.3489795918367347,0.12677528347268352,0,0,1,2,1,1
6,0,1,6,2,0,0.3443983402489627,0.24210526315789474,0.16101694915254236,0.603448275862069,0.43,0.2333333333333334,0.35714285714285715,0.09483449776657886,0,0,0,2,1,0
6,4,0,0,0,3,0.48409405255878285,0.6210526315789473,0.547316384180791,0.2633228840125392,0.85,0.5666666666666669,0.7612244897959184,0.2681823387928073,0,1,0,2,1,1
6,3,2,6,0,1,0.6583679114799446,0.5789473684210527,0.4943502824858757,0.371473354231975,0.7,0.9666666666666668,0.653061224489796,0.2544238918795098,0,1,1,2,1,1
6,5,1,5,2,2,0.19502074688796683,0.30526315789473685,0.2838983050847458,0.5877742946708464,0.37,0.6000000000000001,0.3448979591836735,0.066387011797045,0,1,0,2,1,0
6,1,2,6,2,1,0.3692946058091287,0.6736842105263158,0.3700564971751412,0.5062695924764891,0.93,0.7000000000000002,0.8306122448979592,0.12319608292291835,1,1,0,2,1,2
6,4,1,1,0,3,0.6749654218533887,0.6421052631578947,0.4653954802259887,0.26175548589341696,0.67,0.20000000000000018,0.6591836734693878,0.339923834612301,0,1,1,2,1,3
6,2,1,5,0,1,0.3554633471645921,0.6421052631578947,0.3764124293785311,0.3934169278996866,0.87,0.8999999999999999,0.7816326530612245,0.15608177757416103,1,1,1,3,1,3
6,3,1,5,0,2,0.5615491009681881,0.12631578947368421,0.1172316384180791,0.6959247648902822,0.21,0.20000000000000018,0.17755102040816326,0.11847153819722829,0,0,1,3,1,1
6,5,2,0,2,0,0.011065006915629338,0.0,0.0,0.9200626959247651,0.08,0.8666666666666667,0.0489795918367347,0.0,0,0,0,3,1,0
6,5,1,0,3,2,0.08852005532503454,0.0,0.0,0.7272727272727273,0.14,0.3333333333333335,0.08571428571428572,0.027316458595808044,0,0,0,3,1,0
6,5,0,6,1,1,0.15905947441217155,0.3894736842105263,0.3036723163841808,0.4905956112852666,0.37,0.4666666666666668,0.3775510204081633,0.07648035734738289,0,1,0,4,2,0
6,5,1,6,2,0,0.0691562932226833,0.042105263157894736,0.04096045197740113,0.755485893416928,0.0,0.20000000000000018,0.0163265306122449,0.02121750085900813,0,0,0,4,2,0
6,0,1,6,2,1,0.32503457814661135,0.6105263157894737,0.5677966101694916,0.3228840125391849,0.7,0.2666666666666666,0.6653061224489797,0.17711316000458138,0,1,0,4,2,0
6,0,1,6,1,2,0.7123098201936375,0.968421052631579,0.8418079096045198,0.31661442006269597,1.0,0.10000000000000009,0.9877551020408163,0.30742469362043295,1,1,1,4,2,3
6,0,1,0,2,2,0.32088520055325037,0.23157894736842105,0.153954802259887,0.6144200626959249,0.34,0.5,0.29795918367346935,0.08783358149123814,0,0,0,5,2,0
6,3,1,2,2,0,0.5131396957123098,0.2631578947368421,0.2549435028248588,0.7210031347962382,0.36,0.06666666666666687,0.32244897959183677,0.10465582407513459,0,0,0,6,2,0
6,5,1,5,0,3,0.376210235131397,0.5368421052631579,0.5028248587570622,0.4843260188087775,0.78,0.8666666666666667,0.6857142857142857,0.13107032413240177,1,1,0,6,2,2
6,4,2,6,0,2,0.41770401106500704,0.21052631578947367,0.17937853107344634,0.6379310344827587,0.27,0.10000000000000009,0.24693877551020407,0.10275168938265948,0,0,1,6,2,1
6,4,1,5,3,2,0.35269709543568467,0.15789473684210525,0.09957627118644068,0.6630094043887149,0.22,0.3999999999999999,0.1959183673469388,0.08524224029320814,0,0,0,6,2,1
6,0,1,3,0,3,0.6874135546334716,0.631578947368421,0.6278248587570622,0.3620689655172414,0.71,0.06666666666666687,0.6795918367346939,0.2687120604741725,0,1,1,7,3,3
6,2,1,4,0,3,0.3734439834024897,0.3368421052631579,0.2563559322033898,0.6598746081504703,0.37,0.3333333333333335,0.35714285714285715,0.08982361699690757,0,1,1,7,3,3
6,0,1,5,2,1,0.5809128630705396,0.6631578947368421,0.6122881355932204,0.32445141065830724,0.85,0.3666666666666667,0.7775510204081633,0.25913411980300083,0,1,1,7,3,2
6,4,2,6,2,2,0.4287690179806363,0.5473684210526316,0.4491525423728814,0.5501567398119123,0.71,0.9666666666666668,0.6469387755102041,0.12522906883518498,0,1,1,8,3,1
6,0,1,6,1,3,0.5656984785615493,0.6,0.4258474576271186,0.4090909090909091,0.71,0.7333333333333334,0.6673469387755102,0.20840968961172834,0,1,1,8,3,2
6,0,1,0,0,0,0.405255878284924,0.3263157894736842,0.2796610169491525,0.5940438871473355,0.42,0.3999999999999999,0.3836734693877551,0.10956648722941244,0,0,0,8,3,0
6,0,0,5,0,0,0.39557399723374836,0.2631578947368421,0.21045197740112995,0.567398119122257,0.28,0.4666666666666668,0.27346938775510204,0.11363245905394571,0,0,0,8,3,0
6,0,2,6,2,2,0.5283540802213003,0.23157894736842105,0.17584745762711865,0.567398119122257,0.21,0.833333333333333,0.21836734693877552,0.14256671629824763,0,0,1,8,3,1
6,3,1,6,0,3,0.7662517289073307,0.4842105263157895,0.260593220338983,0.525078369905956,0.59,0.16666666666666696,0.5489795918367347,0.2099272706448288,0,1,1,8,3,2
6,0,1,6,1,3,0.7510373443983402,0.8736842105263157,0.7330508474576272,0.23981191222570536,1.0,0.8999999999999999,0.9510204081632654,0.3907341656167679,1,1,1,8,3,3
6,3,1,1,0,3,0.8174273858921162,0.49473684210526314,0.4837570621468927,0.4623824451410658,0.64,0.0,0.5836734693877551,0.24965639674722262,0,1,1,9,3,3
6,3,1,6,0,0,0.5186721991701246,0.17894736842105263,0.1694915254237288,0.6238244514106583,0.35,0.3333333333333335,0.2836734693877551,0.12611671057152674,0,0,0,9,3,0
6,5,2,6,2,1,0.3623789764868604,0.5894736842105263,0.3813559322033898,0.31504702194357365,0.65,0.1333333333333333,0.6265306122448979,0.19324819608292293,1,1,0,9,3,2
6,3,1,6,2,3,0.673582295988935,0.5789473684210527,0.3968926553672316,0.3855799373040752,0.67,0.0,0.6346938775510205,0.2508590081319437,0,1,1,9,3,1
6,5,0,2,0,1,0.33886583679114807,0.6842105263157895,0.4632768361581921,0.1833855799373041,0.9,0.7000000000000002,0.8163265306122449,0.2762570152330776,1,1,0,10,4,1
6,4,1,4,0,3,0.41632088520055327,0.6842105263157895,0.5677966101694916,0.36990595611285265,0.72,0.9666666666666668,0.7061224489795918,0.18355572099415873,0,1,0,10,4,1
6,3,0,6,0,1,0.773167358229599,0.8421052631578947,0.8163841807909604,0.17554858934169282,0.92,0.16666666666666696,0.889795918367347,0.48359294467987635,1,1,1,10,4,2
6,5,1,5,1,1,0.37067773167358226,0.6526315789473685,0.4456214689265537,0.47648902821316624,0.75,0.10000000000000009,0.7122448979591837,0.13201523307753982,1,1,0,10,4,2
6,5,1,1,1,0,0.280774550484094,0.031578947368421054,0.024717514124293787,0.8714733542319753,0.01,0.9666666666666668,0.01836734693877551,0.0446541060588707,0,0,0,11,4,1
6,5,2,6,0,1,0.3900414937759337,0.5578947368421052,0.5204802259887006,0.5470219435736678,0.67,0.4666666666666668,0.6265306122448979,0.11735482762570153,1,1,0,11,4,2
6,0,1,5,2,0,0.4536652835408022,0.24210526315789474,0.21610169491525424,0.634796238244514,0.27,0.2333333333333334,0.25918367346938775,0.11058298018554576,0,0,1,11,4,1
6,0,2,6,1,2,0.6583679114799446,0.8842105263157894,0.8799435028248588,0.2335423197492163,0.99,0.1333333333333333,0.9489795918367347,0.36104111785591575,1,1,1,11,4,3
6,1,1,0,0,3,0.4923928077455048,0.7263157894736842,0.4491525423728814,0.39184952978056425,0.8,0.833333333333333,0.7714285714285715,0.19573931966555952,1,1,1,11,4,3
6,2,2,5,1,3,0.2987551867219918,0.3684210526315789,0.3495762711864407,0.609717868338558,0.37,0.10000000000000009,0.3693877551020408,0.08416848012827856,0,1,0,12,4,3
6,5,2,5,2,3,0.2738589211618257,0.30526315789473685,0.1843220338983051,0.6112852664576802,0.29,0.7000000000000002,0.29591836734693877,0.07875672889703357,0,1,0,12,4,1
7,0,2,6,0,3,0.6500691562932226,0.8842105263157894,0.6306497175141242,0.13636363636363635,1.0,0.833333333333333,0.9551020408163267,0.48820295498797395,1,1,1,1,1,2
7,5,1,6,2,1,0.06362378976486865,0.42105263157894735,0.3199152542372881,0.5721003134796239,0.57,0.9666666666666668,0.5122448979591837,0.04063108464093461,0,1,0,3,1,0
7,5,1,5,1,1,0.30013831258644547,0.3368421052631579,0.2951977401129943,0.5815047021943573,0.54,0.6000000000000001,0.4612244897959184,0.08993815141450005,0,1,0,3,1,1
7,3,1,5,0,3,0.686030428769018,0.42105263157894735,0.3764124293785311,0.5564263322884013,0.56,0.3666666666666667,0.5061224489795918,0.18052055892795787,0,1,1,4,2,1
7,5,1,0,0,3,0.29322268326417716,0.37894736842105264,0.2803672316384181,0.4482758620689656,0.57,0.7000000000000002,0.4959183673469388,0.1207192761424808,0,1,0,5,2,1
7,0,2,0,2,1,0.6307053941908713,0.9894736842105263,0.8848870056497176,0.1896551724137931,1.0,0.8666666666666667,0.9959183673469387,0.3995533157713893,1,1,1,5,2,2
7,5,2,0,0,0,0.10373443983402492,0.0,0.0,0.8385579937304077,0.1,0.06666666666666687,0.061224489795918366,0.01985740465009736,0,0,0,6,2,0
7,0,0,1,1,1,0.8893499308437067,0.9368421052631579,0.7959039548022598,0.22570532915360503,1.0,0.6333333333333333,0.9755102040816326,0.46233249341427096,1,1,1,6,2,3
7,0,1,6,1,3,0.6071922544951591,0.5789473684210527,0.3792372881355932,0.3746081504702195,0.72,0.5333333333333332,0.6653061224489797,0.23757301569121525,0,1,1,6,2,2
7,0,2,5,0,2,0.5532503457814661,0.2736842105263158,0.1694915254237288,0.6065830721003136,0.32,0.5,0.3020408163265306,0.13744130111098385,0,0,1,7,3,1
7,0,1,6,0,1,0.5892116182572613,0.6105263157894737,0.4293785310734463,0.34796238244514105,0.83,0.6333333333333333,0.7448979591836735,0.24727980758217843,0,1,1,7,3,2
7,5,2,6,1,2,0.41770401106500704,0.0,0.0,0.7351097178683388,0.12,0.2333333333333334,0.07346938775510203,0.0850990722712175,0,0,1,8,3,2
7,0,2,3,0,2,0.8616874135546335,0.8736842105263157,0.6991525423728814,0.10501567398119122,1.0,0.3999999999999999,0.9510204081632654,0.671143053487573,1,1,1,9,3,3
7,5,1,5,0,1,0.27247579529737215,0.5263157894736842,0.5268361581920904,0.3949843260188088,0.67,0.9666666666666668,0.6142857142857143,0.1319436490665445,1,1,0,9,3,1
7,4,1,6,0,3,0.48132780082987553,0.5368421052631579,0.5268361581920904,0.384012539184953,0.74,0.7000000000000002,0.6612244897959184,0.19615450692933228,0,1,0,10,4,1
7,5,1,6,0,3,0.32088520055325037,0.3894736842105263,0.24152542372881355,0.5015673981191222,0.47,0.06666666666666687,0.4387755102040816,0.1129023021417936,0,1,0,11,4,1
7,5,1,2,2,1,0.43015214384509,0.5263157894736842,0.3785310734463277,0.3981191222570534,0.75,0.766666666666667,0.663265306122449,0.17536651013629595,1,1,0,11,4,3
7,5,1,3,3,3,0.4467496542185339,0.3263157894736842,0.278954802259887,0.5830721003134798,0.4,0.7000000000000002,0.37142857142857144,0.1209053945710686,0,1,0,11,4,3
7,0,2,1,0,2,0.6486860304287692,0.6842105263157895,0.3926553672316384,0.26175548589341696,0.91,0.3666666666666667,0.8224489795918368,0.33020272591913874,0,1,1,11,4,2
7,4,1,3,0,0,0.45504840940525587,0.16842105263157894,0.13912429378531074,0.6849529780564263,0.16,0.9666666666666668,0.163265306122449,0.10073302027259191,0,0,1,1,1,1
7,0,2,0,2,3,0.6984785615491009,0.8736842105263157,0.7690677966101694,0.1677115987460815,1.0,0.06666666666666687,0.9510204081632654,0.46087217958996685,1,1,1,2,1,3
7,5,1,4,2,2,0.22268326417704015,0.30526315789473685,0.2040960451977401,0.6316614420062696,0.41,0.4666666666666668,0.3693877551020408,0.06491238117054175,0,1,0,5,2,0
7,4,2,1,3,1,0.4260027662517289,0.5368421052631579,0.4018361581920904,0.4623824451410658,0.66,0.5,0.6122448979591837,0.1503550566945367,0,1,0,5,2,1
7,5,1,0,1,2,0.4868603042876903,0.5684210526315789,0.4435028248587571,0.5,0.58,0.833333333333333,0.5755102040816326,0.15308956591455736,1,1,1,5,2,3
7,5,1,6,2,1,0.4038727524204703,0.6842105263157895,0.3799435028248588,0.42476489028213166,0.73,0.5333333333333332,0.7122448979591837,0.15772820982705305,1,1,0,6,2,2
7,3,1,0,1,0,0.517289073305671,0.16842105263157894,0.1426553672316384,0.7006269592476491,0.32,0.6333333333333333,0.2612244897959184,0.10932310159202842,0,0,0,6,2,0
7,3,1,2,0,1,0.7593360995850624,0.7894736842105263,0.5840395480225988,0.23040752351097182,0.88,0.4333333333333331,0.8448979591836735,0.4045069293322644,1,1,1,7,3,2
7,4,0,5,2,0,0.36376210235131395,0.22105263157894736,0.16596045197740114,0.7899686520376177,0.32,0.7000000000000002,0.28163265306122454,0.06764689039056236,0,0,0,7,3,1
7,5,1,6,0,2,0.1009681881051176,0.3368421052631579,0.2838983050847458,0.5830721003134798,0.3,0.6333333333333333,0.3142857142857143,0.04711659603710916,0,1,0,10,4,0
7,5,2,0,0,3,0.26141078838174275,0.2631578947368421,0.16242937853107345,0.4733542319749217,0.38,0.6333333333333333,0.3346938775510204,0.10570095063566602,0,1,0,10,4,1
7,3,0,5,0,2,0.640387275242047,0.24210526315789474,0.17796610169491525,0.6645768025078371,0.43,0.5666666666666669,0.35714285714285715,0.14043351277058758,0,0,1,12,4,1
7,5,1,6,0,3,0.27939142461964045,0.35789473684210527,0.2153954802259887,0.5376175548589341,0.54,0.5666666666666669,0.46938775510204084,0.09461974573359296,0,1,0,12,4,1
7,0,2,6,2,2,0.4993084370677731,0.6526315789473685,0.4251412429378531,0.3620689655172414,0.68,0.833333333333333,0.6693877551020408,0.21210342457908604,0,1,1,3,1,1
7,0,2,4,0,1,0.5546334716459198,0.6105263157894737,0.5416666666666666,0.4858934169278997,0.81,0.5,0.7326530612244898,0.17426411636696826,0,1,1,5,2,2
7,5,1,1,1,0,0.22959889349930845,0.0,0.0,0.6755485893416928,0.14,0.9333333333333331,0.08571428571428572,0.05964379796128737,0,0,0,7,3,0
7,5,1,6,1,3,0.34301521438450894,0.3263157894736842,0.3163841807909604,0.6238244514106583,0.49,0.3666666666666667,0.42653061224489797,0.09053945710686061,0,1,0,8,3,1
7,5,1,1,0,3,0.45504840940525587,0.30526315789473685,0.2930790960451977,0.6081504702194358,0.5,0.16666666666666696,0.42448979591836733,0.11675352193334097,0,1,0,9,3,3
7,0,1,5,0,1,0.5560165975103735,0.6,0.5600282485875706,0.3542319749216301,0.67,0.16666666666666696,0.6428571428571429,0.2334784102622839,0,1,1,10,4,2
7,0,2,6,0,1,0.6099585062240662,0.7263157894736842,0.4166666666666667,0.14263322884012536,0.91,0.6333333333333333,0.8387755102040816,0.4570495934028176,0,1,1,11,4,2
7,0,1,6,2,0,0.3665283540802214,0.3157894736842105,0.1765536723163842,0.633228840125392,0.52,0.8999999999999999,0.44081632653061226,0.09346008475546903,0,0,0,12,4,0
7,5,0,6,1,3,0.4232365145228217,0.5368421052631579,0.4427966101694915,0.47962382445141066,0.75,0.8666666666666667,0.6673469387755102,0.144069980529149,1,1,0,12,4,3
7,0,1,5,2,1,0.5601659751037344,0.6526315789473685,0.6440677966101694,0.3871473354231975,0.72,0.3999999999999999,0.6938775510204083,0.21737200778834043,0,1,1,12,4,2
7,4,1,6,0,1,0.5242047026279393,0.8736842105263157,0.547316384180791,0.34639498432601884,1.0,0.3666666666666667,0.9510204081632654,0.2280523422288398,1,1,0,1,1,2
7,5,2,0,0,2,0.23928077455048408,0.3894736842105263,0.2309322033898305,0.44514106583072105,0.52,0.6000000000000001,0.46938775510204084,0.10757645172374299,0,1,0,1,1,1
7,5,1,5,2,3,0.24481327800829883,0.42105263157894735,0.2584745762711864,0.4608150470219437,0.52,0.2666666666666666,0.4816326530612245,0.10479899209712519,0,1,0,7,3,1
7,0,2,1,0,1,0.7496542185338866,0.9052631578947368,0.5783898305084746,0.26802507836990597,1.0,0.2333333333333334,0.963265306122449,0.36147062192188756,1,1,1,10,4,3
7,1,1,0,0,0,0.16874135546334718,0.09473684210526316,0.08050847457627118,0.7288401253918495,0.1,0.6000000000000001,0.0979591836734694,0.041533043179475426,0,0,0,10,4,0
7,5,1,0,3,2,0.23374827109266944,0.28421052631578947,0.1843220338983051,0.6269592476489028,0.33,0.3666666666666667,0.3122448979591837,0.06789027602794641,0,1,0,11,4,1
7,3,2,0,1,0,0.6127247579529738,0.18947368421052632,0.11511299435028248,0.6598746081504703,0.31,0.666666666666667,0.26326530612244897,0.1362100561218646,0,0,1,12,4,1
