ID_Registro,Ciudad,Fecha,Hora,Latitud,Longitud,Tipo_Zona,Tipo_Sensor,Fuente_Principal_Ruido,Nivel_Ruido_dB,Clasificacion_Normativa,Indice_Movilidad,Flujo_Vehicular_veh_h,Velocidad_Promedio_kmh,Saturacion_Transporte,Condicion_Climatica,Calidad_Señal_Sensor,Observaciones,Franja_Horaria,Es_Hora_Pico,Supera_Limite_Normativo,Indice_Congestion,Ratio_Ruido_Velocidad,Es_Diurno,Mes,Trimestre
COL-0630,Barranquilla,2022-02-03,16,10.9225,-74.833,Hospitalaria,Sensor_Móvil,Construcción,62.6,Crítico,41,611,41.0,0.48,Despejado,0.72,Moto dañada transitando,Tarde,0,1,0.452,1.5268,1,2,1
COL-0181,Barranquilla,2022-02-23,16,10.9573,-74.8025,Residencial,Sensor_Fijo,Comercio,44.6,Bajo,36,395,46.6,0.42,Nublado,0.97,Semáforo averiado,Tarde,0,0,0.396,0.9571,1,2,1
COL-0886,Barranquilla,2022-02-28,19,10.9859,-74.8049,Residencial,Sensor_Fijo,Construcción,66.6,Crítico,54,441,40.7,0.78,Despejado,0.8,Medición estándar,Noche,1,1,0.684,1.6364,1,2,1
COL-0744,Barranquilla,2022-03-08,5,10.9864,-74.7975,Hospitalaria,Sensor_Móvil,Comercio,33.6,Bajo,0,0,65.6,0.0,Nublado,0.94,Moto dañada transitando,Madrugada,0,0,0.0,0.5122,0,3,1
COL-0478,Barranquilla,2022-03-19,9,10.939,-74.8248,Residencial,Sensor_Fijo,Transporte_Público,66.9,Crítico,58,740,35.3,0.82,Despejado,0.73,Evento especial cercano,Mañana,1,1,0.724,1.8952,1,3,1
COL-0986,Barranquilla,2022-04-03,14,10.9727,-74.8002,Industrial,Sensor_Ciudadano,Comercio,81.6,Alto,44,545,46.2,0.6,Despejado,0.81,Medición estándar,Tarde,0,1,0.536,1.7662,1,4,2
COL-0390,Barranquilla,2022-05-07,5,10.979,-74.8233,Comercial,Sensor_Ciudadano,Eventos,48.1,Bajo,35,347,47.2,0.49,Nublado,0.83,Alta afluencia peatonal,Madrugada,0,0,0.434,1.0191,0,5,2
COL-0571,Barranquilla,2022-06-12,11,11.002,-74.7693,Residencial,Sensor_Móvil,Construcción,52.3,Moderado,24,255,54.8,0.29,Lluvioso,0.91,Mercado informal,Mañana,0,0,0.27,0.9544,1,6,2
COL-0551,Barranquilla,2022-06-17,6,10.9979,-74.7883,Residencial,Sensor_Ciudadano,Tráfico_Vehicular,32.4,Bajo,20,249,51.0,0.23,Despejado,0.88,Operación normal,Mañana,0,0,0.218,0.6353,1,6,2
COL-0532,Barranquilla,2022-06-21,1,10.9977,-74.8448,Comercial,Sensor_Fijo,Transporte_Público,54.5,Bajo,22,255,53.6,0.29,Despejado,0.85,Mercado informal,Madrugada,0,0,0.262,1.0168,0,6,2
COL-0372,Barranquilla,2022-07-04,8,10.9455,-74.7913,Industrial,Sensor_Móvil,Comercio,88.5,Crítico,74,853,31.4,0.84,Lluvioso,0.8,Semáforo averiado,Mañana,1,1,0.8,2.8185,1,7,3
COL-0960,Barranquilla,2022-07-04,20,10.9263,-74.7571,Industrial,Sensor_Fijo,Comercio,74.2,Moderado,57,612,44.4,0.72,Nublado,0.77,Semáforo averiado,Noche,0,1,0.66,1.6712,1,7,3
COL-0539,Barranquilla,2022-07-07,2,10.9559,-74.7846,Hospitalaria,Sensor_Fijo,Transporte_Público,42.9,Moderado,9,98,54.5,0.26,Lluvioso,0.9,Evento especial cercano,Madrugada,0,0,0.192,0.7872,0,7,3
COL-0326,Barranquilla,2022-07-30,21,10.9385,-74.8125,Residencial,Sensor_Fijo,Tráfico_Vehicular,52.6,Moderado,27,368,52.8,0.45,Lluvioso,0.84,Mercado informal,Noche,0,0,0.378,0.9962,1,7,3
COL-0580,Barranquilla,2022-08-16,15,10.9537,-74.7978,Residencial,Sensor_Fijo,Transporte_Público,52.5,Moderado,26,304,58.7,0.25,Ventoso,0.94,Moto dañada transitando,Tarde,0,0,0.254,0.8944,1,8,3
COL-0058,Barranquilla,2022-08-21,22,10.9775,-74.7815,Residencial,Sensor_Fijo,Mixta,53.2,Moderado,0,0,55.7,0.12,Despejado,0.95,Moto dañada transitando,Noche,0,0,0.072,0.9551,0,8,3
COL-0148,Barranquilla,2022-09-08,21,10.9696,-74.8067,Residencial,Sensor_Ciudadano,Tráfico_Vehicular,49.1,Moderado,28,340,50.2,0.37,Despejado,0.94,Operación normal,Noche,0,0,0.334,0.9781,1,9,3
COL-0849,Barranquilla,2022-09-12,15,11.009,-74.8014,Residencial,Sensor_Fijo,Transporte_Público,52.1,Moderado,32,412,42.9,0.37,Lluvioso,0.84,Obra en construcción,Tarde,0,0,0.35,1.2145,1,9,3
COL-0441,Barranquilla,2022-09-22,6,10.9181,-74.8459,Residencial,Sensor_Móvil,Eventos,34.2,Bajo,30,425,44.7,0.43,Nublado,0.81,Semáforo averiado,Mañana,0,0,0.378,0.7651,1,9,3
COL-0819,Barranquilla,2022-09-23,16,10.935,-74.8291,Comercial,Sensor_Ciudadano,Tráfico_Vehicular,60.6,Moderado,59,736,37.4,0.84,Nublado,0.84,Festival o concierto,Tarde,0,0,0.74,1.6203,1,9,3
COL-0218,Barranquilla,2022-11-15,5,10.9321,-74.7594,Residencial,Sensor_Ciudadano,Transporte_Público,35.6,Bajo,0,0,55.9,0.09,Lluvioso,0.79,Festival o concierto,Madrugada,0,0,0.054,0.6369,0,11,4
COL-0041,Barranquilla,2022-12-24,16,10.9872,-74.7483,Residencial,Sensor_Móvil,Tráfico_Vehicular,46.3,Bajo,28,282,48.7,0.32,Lluvioso,0.83,Mercado informal,Tarde,0,0,0.304,0.9507,1,12,4
COL-0697,Barranquilla,2023-01-05,20,10.9151,-74.7955,Residencial,Sensor_Fijo,Tráfico_Vehicular,40.1,Bajo,33,493,50.5,0.46,Despejado,0.72,Medición estándar,Noche,0,0,0.408,0.7941,1,1,1
COL-0951,Barranquilla,2023-01-24,19,10.991,-74.785,Residencial,Sensor_Fijo,Transporte_Público,57.1,Alto,56,642,42.1,0.65,Despejado,0.85,Operación normal,Noche,1,1,0.614,1.3563,1,1,1
COL-0468,Barranquilla,2023-01-29,19,10.9398,-74.8372,Residencial,Sensor_Fijo,Comercio,55.7,Alto,62,544,30.8,0.77,Lluvioso,0.77,Operación normal,Noche,1,1,0.71,1.8084,1,1,1
COL-0863,Barranquilla,2023-02-07,20,10.9253,-74.8216,Comercial,Sensor_Fijo,Construcción,68.6,Moderado,69,604,27.8,0.86,Nublado,0.9,Moto dañada transitando,Noche,0,1,0.792,2.4676,1,2,1
COL-0919,Barranquilla,2023-02-22,14,10.9822,-74.8093,Comercial,Sensor_Móvil,Transporte_Público,60.5,Moderado,53,670,38.8,0.78,Despejado,0.7,Mercado informal,Tarde,0,0,0.68,1.5593,1,2,1
COL-0857,Barranquilla,2023-04-07,15,11.0076,-74.7742,Residencial,Sensor_Ciudadano,Tráfico_Vehicular,51.6,Moderado,26,296,52.1,0.39,Despejado,0.72,Medición estándar,Tarde,0,0,0.338,0.9904,1,4,2
COL-0469,Barranquilla,2023-04-09,21,10.9491,-74.7683,Hospitalaria,Sensor_Fijo,Tráfico_Vehicular,40.7,Moderado,33,395,49.3,0.41,Nublado,0.78,Alta afluencia peatonal,Noche,0,0,0.378,0.8256,1,4,2
COL-0269,Barranquilla,2023-04-17,3,10.9561,-74.8382,Industrial,Sensor_Móvil,Tráfico_Vehicular,67.8,Bajo,22,302,46.3,0.24,Nublado,0.87,Moto dañada transitando,Madrugada,0,0,0.232,1.4644,0,4,2
COL-0549,Barranquilla,2023-04-28,9,10.9261,-74.7691,Residencial,Sensor_Ciudadano,Construcción,64.3,Crítico,64,904,32.1,0.9,Despejado,0.99,Festival o concierto,Mañana,1,0,0.796,2.0031,1,4,2
COL-0496,Barranquilla,2023-05-02,10,11.0123,-74.7859,Residencial,Sensor_Fijo,Comercio,47.0,Moderado,20,227,51.8,0.29,Despejado,0.73,Semáforo averiado,Mañana,0,0,0.254,0.9073,1,5,2
COL-0022,Barranquilla,2023-05-14,22,10.959,-74.7463,Hospitalaria,Sensor_Fijo,Comercio,42.0,Moderado,2,22,64.7,0.0,Despejado,0.93,Operación normal,Noche,0,0,0.008,0.6491,0,5,2
COL-0399,Barranquilla,2023-05-23,12,10.9547,-74.755,Mixta,Sensor_Fijo,Tráfico_Vehicular,67.5,Alto,48,566,43.0,0.65,Despejado,0.94,Obra en construcción,Tarde,0,0,0.582,1.5698,1,5,2
COL-0573,Barranquilla,2023-06-09,8,10.9694,-74.749,Residencial,Sensor_Fijo,Tráfico_Vehicular,50.7,Moderado,56,567,35.0,0.78,Despejado,0.7,Semáforo averiado,Mañana,1,0,0.692,1.4486,1,6,2
COL-0691,Barranquilla,2023-07-01,7,10.9596,-74.8308,Comercial,Sensor_Fijo,Comercio,79.8,Crítico,83,892,25.1,1.0,Despejado,0.95,Mercado informal,Mañana,1,1,0.932,3.1793,1,7,3
COL-0224,Barranquilla,2023-07-12,9,10.9865,-74.7473,Hospitalaria,Sensor_Móvil,Tráfico_Vehicular,50.5,Crítico,55,479,39.4,0.67,Nublado,0.89,Mercado informal,Mañana,1,0,0.622,1.2817,1,7,3
COL-0677,Barranquilla,2023-07-14,4,10.9768,-74.8066,Residencial,Sensor_Ciudadano,Tráfico_Vehicular,42.6,Bajo,0,0,58.7,0.11,Nublado,0.86,Mercado informal,Madrugada,0,0,0.066,0.7257,0,7,3
COL-0602,Barranquilla,2023-08-20,7,10.9687,-74.7527,Comercial,Sensor_Fijo,Eventos,81.6,Crítico,89,976,31.6,1.0,Despejado,0.86,Semáforo averiado,Mañana,1,1,0.956,2.5823,1,8,3
COL-0103,Barranquilla,2023-08-27,16,10.9368,-74.7514,Mixta,Sensor_Móvil,Comercio,65.1,Alto,61,752,37.9,0.68,Lluvioso,0.96,Obra en construcción,Tarde,0,0,0.652,1.7177,1,8,3
COL-0904,Barranquilla,2023-09-11,12,10.9961,-74.8242,Industrial,Sensor_Móvil,Transporte_Público,76.4,Moderado,58,782,30.0,0.75,Despejado,0.83,Alta afluencia peatonal,Tarde,0,1,0.682,2.5467,1,9,3
COL-0246,Barranquilla,2023-09-24,23,10.9957,-74.8169,Comercial,Sensor_Móvil,Mixta,62.6,Moderado,30,370,34.7,0.39,Despejado,0.83,Evento especial cercano,Noche,0,1,0.354,1.804,0,9,3
COL-0823,Barranquilla,2023-09-26,2,10.919,-74.7857,Residencial,Sensor_Ciudadano,Transporte_Público,35.0,Bajo,0,0,59.6,0.0,Despejado,0.97,Mercado informal,Madrugada,0,0,0.0,0.5872,0,9,3
COL-0281,Barranquilla,2023-10-04,10,10.9951,-74.7572,Educativa,Sensor_Móvil,Tráfico_Vehicular,55.9,Alto,30,291,56.9,0.45,Despejado,0.71,Moto dañada transitando,Mañana,0,0,0.39,0.9824,1,10,4
COL-0932,Barranquilla,2023-10-16,4,11.001,-74.81,Residencial,Sensor_Móvil,Transporte_Público,35.9,Bajo,1,13,64.3,0.05,Despejado,0.75,Semáforo averiado,Madrugada,0,0,0.034,0.5583,0,10,4
COL-0032,Barranquilla,2023-11-04,19,10.9992,-74.7601,Comercial,Sensor_Fijo,Tráfico_Vehicular,79.0,Crítico,81,1125,33.4,1.0,Nublado,0.76,Festival o concierto,Noche,1,1,0.924,2.3653,1,11,4
COL-0920,Barranquilla,2023-11-28,9,10.927,-74.8069,Mixta,Sensor_Fijo,Tráfico_Vehicular,74.2,Crítico,90,776,35.1,1.0,Nublado,0.97,Medición estándar,Mañana,1,1,0.96,2.114,1,11,4
COL-0273,Barranquilla,2023-12-27,10,10.9822,-74.8291,Hospitalaria,Sensor_Fijo,Comercio,43.6,Moderado,30,392,41.6,0.4,Ventoso,0.93,Obra en construcción,Mañana,0,0,0.36,1.0481,1,12,4
COL-0006,Barranquilla,2024-01-05,3,10.9473,-74.8177,Comercial,Sensor_Fijo,Tráfico_Vehicular,60.3,Moderado,33,336,39.2,0.35,Despejado,0.73,Obra en construcción,Madrugada,0,1,0.342,1.5383,0,1,1
COL-0741,Barranquilla,2024-01-12,12,10.9257,-74.752,Mixta,Sensor_Móvil,Industrial,73.9,Crítico,62,667,36.0,0.86,Nublado,0.73,Alta afluencia peatonal,Tarde,0,1,0.764,2.0528,1,1,1
COL-0985,Barranquilla,2024-01-20,12,11.0021,-74.7814,Residencial,Sensor_Fijo,Mixta,52.0,Moderado,38,419,39.0,0.44,Nublado,0.75,Moto dañada transitando,Tarde,0,0,0.416,1.3333,1,1,1
COL-0756,Barranquilla,2024-01-22,23,11.0038,-74.8438,Residencial,Sensor_Ciudadano,Industrial,51.9,Moderado,1,10,58.0,0.13,Nublado,0.81,Evento especial cercano,Noche,0,0,0.082,0.8948,0,1,1
COL-0368,Barranquilla,2024-01-26,9,10.9614,-74.8298,Industrial,Sensor_Ciudadano,Tráfico_Vehicular,94.2,Crítico,79,944,30.2,1.0,Despejado,0.91,Alta afluencia peatonal,Mañana,1,1,0.916,3.1192,1,1,1
COL-0525,Barranquilla,2024-01-31,2,10.9895,-74.7958,Hospitalaria,Sensor_Fijo,Transporte_Público,39.7,Moderado,4,57,64.3,0.0,Despejado,0.72,Moto dañada transitando,Madrugada,0,0,0.016,0.6174,0,1,1
COL-0447,Barranquilla,2024-02-11,19,10.9947,-74.7909,Residencial,Sensor_Móvil,Mixta,59.5,Alto,54,676,40.5,0.63,Despejado,0.88,Festival o concierto,Noche,1,1,0.594,1.4691,1,2,1
COL-0266,Barranquilla,2024-02-18,2,11.0114,-74.827,Residencial,Sensor_Fijo,Construcción,53.6,Moderado,2,25,62.6,0.0,Nublado,0.9,Mercado informal,Madrugada,0,0,0.008,0.8562,0,2,1
COL-0424,Barranquilla,2024-03-02,17,10.9523,-74.8256,Comercial,Sensor_Móvil,Industrial,87.7,Crítico,84,891,22.9,1.0,Despejado,0.87,Obra en construcción,Tarde,1,1,0.936,3.8297,1,3,1
COL-0961,Barranquilla,2024-03-16,19,10.9391,-74.7891,Mixta,Sensor_Ciudadano,Tráfico_Vehicular,73.4,Crítico,88,1121,17.0,1.0,Despejado,0.84,Alta afluencia peatonal,Noche,1,1,0.952,4.3176,1,3,1
COL-0249,Barranquilla,2024-03-20,8,10.9707,-74.7584,Residencial,Sensor_Móvil,Mixta,51.4,Moderado,54,497,34.5,0.74,Despejado,0.73,Alta afluencia peatonal,Mañana,1,0,0.66,1.4899,1,3,1
COL-0546,Barranquilla,2024-03-22,15,10.9877,-74.822,Residencial,Sensor_Fijo,Transporte_Público,58.4,Alto,38,560,54.2,0.53,Nublado,0.75,Alta afluencia peatonal,Tarde,0,0,0.47,1.0775,1,3,1
COL-0681,Barranquilla,2024-03-30,16,10.9819,-74.8232,Industrial,Sensor_Fijo,Comercio,76.6,Moderado,47,549,40.1,0.71,Despejado,0.89,Festival o concierto,Tarde,0,1,0.614,1.9102,1,3,1
COL-0908,Barranquilla,2024-04-11,6,11.0108,-74.8261,Comercial,Sensor_Fijo,Transporte_Público,58.4,Bajo,67,999,41.2,0.89,Lluvioso,0.99,Operación normal,Mañana,0,0,0.802,1.4175,1,4,2
COL-0693,Barranquilla,2024-05-19,7,10.9832,-74.7795,Industrial,Sensor_Fijo,Transporte_Público,82.2,Alto,75,743,30.7,0.98,Despejado,0.94,Evento especial cercano,Mañana,1,1,0.888,2.6775,1,5,2
COL-0712,Barranquilla,2024-06-28,15,11.0099,-74.7985,Comercial,Sensor_Móvil,Tráfico_Vehicular,72.7,Alto,57,740,44.7,0.85,Despejado,0.87,Semáforo averiado,Tarde,0,1,0.738,1.6264,1,6,2
COL-0707,Barranquilla,2024-07-02,20,10.9542,-74.7743,Residencial,Sensor_Fijo,Comercio,52.5,Moderado,32,264,46.9,0.45,Despejado,0.87,Festival o concierto,Noche,0,0,0.398,1.1194,1,7,3
COL-0535,Barranquilla,2024-07-09,21,10.9724,-74.7975,Residencial,Sensor_Móvil,Tráfico_Vehicular,43.2,Bajo,24,270,52.6,0.29,Despejado,0.97,Mercado informal,Noche,0,0,0.27,0.8213,1,7,3
COL-0835,Barranquilla,2024-07-10,2,10.9181,-74.8028,Residencial,Sensor_Fijo,Construcción,53.0,Moderado,1,9,75.1,0.0,Despejado,0.91,Operación normal,Madrugada,0,0,0.004,0.7057,0,7,3
COL-0381,Barranquilla,2024-07-10,22,10.9801,-74.77,Hospitalaria,Sensor_Fijo,Tráfico_Vehicular,43.1,Moderado,5,64,50.7,0.21,Despejado,0.96,Evento especial cercano,Noche,0,0,0.146,0.8501,0,7,3
COL-0783,Barranquilla,2024-07-14,21,10.9711,-74.8177,Residencial,Sensor_Ciudadano,Comercio,47.1,Moderado,32,372,49.5,0.42,Nublado,0.93,Evento especial cercano,Noche,0,0,0.38,0.9515,1,7,3
COL-0377,Barranquilla,2024-08-05,2,11.0096,-74.8294,Educativa,Sensor_Fijo,Tráfico_Vehicular,45.2,Bajo,3,31,59.4,0.0,Lluvioso,0.71,Medición estándar,Madrugada,0,0,0.012,0.7609,0,8,3
COL-0361,Barranquilla,2024-11-05,13,10.967,-74.837,Comercial,Sensor_Fijo,Tráfico_Vehicular,67.1,Moderado,54,485,38.2,0.64,Despejado,0.74,Festival o concierto,Tarde,0,0,0.6,1.7565,1,11,4
COL-0619,Barranquilla,2024-11-05,23,10.967,-74.8276,Hospitalaria,Sensor_Fijo,Comercio,40.5,Moderado,3,26,52.1,0.11,Despejado,0.8,Mercado informal,Noche,0,0,0.078,0.7774,0,11,4
COL-0234,Barranquilla,2024-11-15,20,11.0032,-74.8057,Mixta,Sensor_Ciudadano,Transporte_Público,66.4,Alto,60,529,24.4,0.88,Nublado,0.73,Operación normal,Noche,0,1,0.768,2.7213,1,11,4
COL-0727,Barranquilla,2024-11-16,2,10.979,-74.7488,Comercial,Sensor_Ciudadano,Tráfico_Vehicular,57.0,Bajo,35,291,41.9,0.54,Nublado,0.73,Operación normal,Madrugada,0,0,0.464,1.3604,0,11,4
COL-0929,Barranquilla,2024-11-20,7,10.9263,-74.7682,Residencial,Sensor_Móvil,Tráfico_Vehicular,64.4,Crítico,52,539,36.1,0.66,Lluvioso,0.86,Evento especial cercano,Mañana,1,0,0.604,1.7839,1,11,4
COL-0690,Barranquilla,2024-11-29,18,10.9771,-74.7576,Comercial,Sensor_Fijo,Industrial,82.8,Crítico,85,1095,24.2,1.0,Lluvioso,0.89,Medición estándar,Noche,1,1,0.94,3.4215,1,11,4
COL-0617,Barranquilla,2024-12-13,14,10.9384,-74.7784,Comercial,Sensor_Fijo,Comercio,69.1,Moderado,66,764,34.6,0.77,Nublado,0.98,Festival o concierto,Tarde,0,0,0.726,1.9971,1,12,4
COL-0102,Barranquilla,2024-12-22,4,10.9338,-74.7648,Mixta,Sensor_Fijo,Tráfico_Vehicular,52.2,Bajo,29,233,60.1,0.48,Nublado,0.78,Festival o concierto,Madrugada,0,0,0.404,0.8686,0,12,4
COL-0643,Barranquilla,2025-01-23,0,10.9533,-74.8072,Residencial,Sensor_Ciudadano,Transporte_Público,43.4,Bajo,0,0,66.6,0.05,Nublado,0.71,Evento especial cercano,Madrugada,0,0,0.03,0.6517,0,1,1
COL-0814,Barranquilla,2025-02-08,5,10.9729,-74.7465,Mixta,Sensor_Fijo,Transporte_Público,55.1,Bajo,24,192,48.9,0.44,Nublado,0.79,Evento especial cercano,Madrugada,0,0,0.36,1.1268,0,2,1
COL-0168,Barranquilla,2025-02-13,8,11.0015,-74.8038,Residencial,Sensor_Fijo,Tráfico_Vehicular,52.6,Moderado,62,702,37.6,0.76,Nublado,0.85,Medición estándar,Mañana,1,0,0.704,1.3989,1,2,1
COL-0768,Barranquilla,2025-02-24,19,10.921,-74.7924,Residencial,Sensor_Fijo,Tráfico_Vehicular,65.1,Crítico,59,555,37.5,0.72,Ventoso,0.94,Semáforo averiado,Noche,1,1,0.668,1.736,1,2,1
COL-0989,Barranquilla,2025-03-13,22,10.988,-74.7821,Industrial,Sensor_Fijo,Industrial,83.5,Alto,10,101,59.1,0.24,Despejado,0.88,Operación normal,Noche,0,1,0.184,1.4129,0,3,1
COL-0064,Barranquilla,2025-04-30,20,10.9701,-74.7677,Comercial,Sensor_Fijo,Tráfico_Vehicular,65.0,Moderado,68,937,27.1,0.94,Nublado,0.88,Medición estándar,Noche,0,1,0.836,2.3985,1,4,2
COL-0374,Barranquilla,2025-05-01,23,10.9402,-74.7906,Residencial,Sensor_Ciudadano,Construcción,40.9,Bajo,0,0,57.4,0.1,Nublado,1.0,Semáforo averiado,Noche,0,0,0.06,0.7125,0,5,2
COL-0921,Barranquilla,2025-05-27,22,10.9546,-74.7484,Mixta,Sensor_Móvil,Transporte_Público,62.3,Moderado,20,282,53.3,0.23,Lluvioso,0.85,Festival o concierto,Noche,0,1,0.218,1.1689,0,5,2
COL-0732,Barranquilla,2025-05-29,21,11.0071,-74.8155,Residencial,Sensor_Fijo,Tráfico_Vehicular,44.8,Bajo,20,207,51.3,0.31,Lluvioso,0.75,Mercado informal,Noche,0,0,0.266,0.8733,1,5,2
COL-0182,Barranquilla,2025-06-01,7,10.9391,-74.7539,Mixta,Sensor_Fijo,Tráfico_Vehicular,71.3,Alto,76,901,29.4,0.93,Despejado,0.92,Alta afluencia peatonal,Mañana,1,1,0.862,2.4252,1,6,2
COL-0820,Barranquilla,2025-06-07,13,10.9756,-74.7483,Residencial,Sensor_Fijo,Eventos,49.1,Moderado,38,322,49.6,0.55,Nublado,0.73,Medición estándar,Tarde,0,0,0.482,0.9899,1,6,2
COL-0373,Barranquilla,2025-06-13,0,10.9169,-74.7576,Residencial,Sensor_Fijo,Tráfico_Vehicular,34.4,Bajo,0,0,57.6,0.12,Despejado,0.92,Moto dañada transitando,Madrugada,0,0,0.072,0.5972,0,6,2
COL-0605,Barranquilla,2025-06-13,7,10.9224,-74.7878,Industrial,Sensor_Móvil,Comercio,89.3,Crítico,72,643,32.8,0.82,Despejado,0.87,Operación normal,Mañana,1,1,0.78,2.7226,1,6,2
COL-0944,Barranquilla,2025-06-14,22,10.9602,-74.8166,Educativa,Sensor_Fijo,Transporte_Público,50.1,Moderado,0,0,62.6,0.0,Despejado,0.96,Mercado informal,Noche,0,0,0.0,0.8003,0,6,2
COL-0295,Barranquilla,2025-06-19,14,10.9954,-74.7814,Mixta,Sensor_Móvil,Tráfico_Vehicular,66.9,Alto,55,594,35.6,0.67,Nublado,0.75,Evento especial cercano,Tarde,0,0,0.622,1.8792,1,6,2
COL-0597,Barranquilla,2025-07-18,13,10.9723,-74.7496,Residencial,Sensor_Fijo,Construcción,60.7,Crítico,35,396,44.0,0.38,Lluvioso,0.9,Mercado informal,Tarde,0,0,0.368,1.3795,1,7,3
COL-0842,Barranquilla,2025-08-03,21,10.9636,-74.8222,Residencial,Sensor_Ciudadano,Comercio,52.8,Moderado,28,359,46.1,0.43,Lluvioso,0.8,Medición estándar,Noche,0,0,0.37,1.1453,1,8,3
COL-0523,Barranquilla,2025-08-06,10,10.9424,-74.7527,Mixta,Sensor_Fijo,Comercio,65.3,Alto,48,418,42.2,0.69,Nublado,0.8,Evento especial cercano,Mañana,0,0,0.606,1.5474,1,8,3
COL-0075,Barranquilla,2025-08-10,23,10.9505,-74.7974,Residencial,Sensor_Fijo,Comercio,37.7,Bajo,0,0,61.9,0.04,Nublado,0.78,Obra en construcción,Noche,0,0,0.024,0.609,0,8,3
COL-0005,Barranquilla,2025-08-13,4,10.9277,-74.8246,Comercial,Sensor_Fijo,Eventos,58.0,Bajo,34,476,36.8,0.43,Despejado,0.87,Semáforo averiado,Madrugada,0,0,0.394,1.5761,0,8,3
COL-0427,Barranquilla,2025-09-06,7,10.9141,-74.7977,Residencial,Sensor_Fijo,Transporte_Público,51.4,Moderado,64,530,26.2,0.85,Nublado,0.77,Obra en construcción,Mañana,1,0,0.766,1.9618,1,9,3
COL-0611,Barranquilla,2025-09-22,8,10.9859,-74.7836,Residencial,Sensor_Fijo,Industrial,70.4,Crítico,63,666,37.5,0.71,Despejado,0.77,Moto dañada transitando,Mañana,1,1,0.678,1.8773,1,9,3
COL-0413,Barranquilla,2025-10-22,4,10.9154,-74.8065,Comercial,Sensor_Fijo,Mixta,59.6,Moderado,23,336,45.1,0.29,Despejado,0.75,Evento especial cercano,Madrugada,0,0,0.266,1.3215,0,10,4
COL-0837,Barranquilla,2025-10-24,17,10.9642,-74.7976,Comercial,Sensor_Fijo,Tráfico_Vehicular,77.9,Crítico,82,1025,29.7,1.0,Despejado,0.78,Semáforo averiado,Tarde,1,1,0.928,2.6229,1,10,4
COL-0907,Barranquilla,2025-11-03,18,10.954,-74.8387,Comercial,Sensor_Fijo,Eventos,80.7,Crítico,89,1230,26.8,1.0,Nublado,0.77,Alta afluencia peatonal,Noche,1,1,0.956,3.0112,1,11,4
COL-0711,Barranquilla,2025-11-13,2,10.9715,-74.8003,Residencial,Sensor_Móvil,Mixta,36.8,Bajo,3,25,60.2,0.14,Despejado,0.99,Festival o concierto,Madrugada,0,0,0.096,0.6113,0,11,4
COL-0488,Barranquilla,2025-11-19,17,10.9954,-74.7932,Mixta,Sensor_Fijo,Tráfico_Vehicular,72.1,Crítico,85,683,22.4,1.0,Nublado,0.75,Festival o concierto,Tarde,1,1,0.94,3.2188,1,11,4
COL-0452,Barranquilla,2025-12-10,23,11.0001,-74.769,Residencial,Sensor_Fijo,Tráfico_Vehicular,40.9,Bajo,3,40,64.3,0.19,Nublado,0.77,Mercado informal,Noche,0,0,0.126,0.6361,0,12,4
COL-0193,Bogotá,2022-01-13,4,4.676,-74.11,Residencial,Sensor_Ciudadano,Construcción,44.0,Bajo,0,0,55.5,0.14,Ventoso,0.88,Medición estándar,Madrugada,0,0,0.084,0.7928,0,1,1
COL-0046,Bogotá,2022-01-31,18,4.747,-74.0454,Comercial,Sensor_Fijo,Transporte_Público,73.8,Alto,88,1237,31.7,1.0,Despejado,0.86,Medición estándar,Noche,1,1,0.952,2.3281,1,1,1
COL-0461,Bogotá,2022-02-07,16,4.714,-74.0404,Mixta,Sensor_Fijo,Transporte_Público,71.2,Alto,45,598,37.4,0.51,Lluvioso,0.92,Semáforo averiado,Tarde,0,1,0.486,1.9037,1,2,1
COL-0622,Bogotá,2022-02-11,4,4.7176,-74.0994,Educativa,Sensor_Fijo,Construcción,52.9,Moderado,5,48,61.3,0.13,Ventoso,0.95,Medición estándar,Madrugada,0,0,0.098,0.863,0,2,1
COL-0044,Bogotá,2022-02-22,15,4.7448,-74.0917,Mixta,Sensor_Fijo,Tráfico_Vehicular,67.4,Alto,65,664,34.0,0.77,Nublado,0.79,Evento especial cercano,Tarde,0,0,0.722,1.9824,1,2,1
COL-0543,Bogotá,2022-02-24,21,4.7302,-74.1145,Hospitalaria,Sensor_Móvil,Industrial,51.9,Crítico,40,514,50.3,0.6,Nublado,0.97,Operación normal,Noche,0,1,0.52,1.0318,1,2,1
COL-0898,Bogotá,2022-03-04,15,4.6891,-74.048,Mixta,Sensor_Fijo,Tráfico_Vehicular,63.2,Moderado,57,750,34.7,0.65,Nublado,0.82,Festival o concierto,Tarde,0,0,0.618,1.8213,1,3,1
COL-0276,Bogotá,2022-03-28,8,4.7224,-74.0708,Comercial,Sensor_Fijo,Eventos,82.4,Crítico,83,753,22.4,1.0,Despejado,0.98,Evento especial cercano,Mañana,1,1,0.932,3.6786,1,3,1
COL-0070,Bogotá,2022-03-30,18,4.6896,-74.1037,Comercial,Sensor_Fijo,Eventos,71.4,Alto,87,1248,25.0,1.0,Despejado,0.78,Operación normal,Noche,1,1,0.948,2.856,1,3,1
COL-0659,Bogotá,2022-03-31,17,4.6636,-74.0481,Residencial,Sensor_Móvil,Construcción,57.8,Alto,53,674,30.9,0.79,Nublado,0.79,Obra en construcción,Tarde,1,0,0.686,1.8706,1,3,1
COL-0492,Bogotá,2022-03-31,20,4.697,-74.1099,Comercial,Sensor_Fijo,Tráfico_Vehicular,72.8,Alto,63,926,33.2,0.87,Despejado,0.72,Mercado informal,Noche,0,1,0.774,2.1928,1,3,1
COL-0247,Bogotá,2022-04-04,14,4.7411,-74.0803,Industrial,Sensor_Móvil,Construcción,97.0,Crítico,49,628,30.0,0.55,Lluvioso,0.75,Festival o concierto,Tarde,0,1,0.526,3.2333,1,4,2
COL-0020,Bogotá,2022-04-14,1,4.7098,-74.0541,Residencial,Sensor_Fijo,Transporte_Público,39.3,Bajo,0,0,64.4,0.08,Despejado,0.94,Evento especial cercano,Madrugada,0,0,0.048,0.6102,0,4,2
COL-0415,Bogotá,2022-04-18,7,4.7585,-74.0818,Comercial,Sensor_Fijo,Eventos,76.7,Alto,94,1115,24.0,1.0,Nublado,0.91,Obra en construcción,Mañana,1,1,0.976,3.1958,1,4,2
COL-0359,Bogotá,2022-04-26,4,4.6756,-74.1073,Mixta,Sensor_Fijo,Tráfico_Vehicular,50.2,Bajo,19,192,40.3,0.29,Nublado,0.82,Moto dañada transitando,Madrugada,0,0,0.25,1.2457,0,4,2
COL-0367,Bogotá,2022-04-27,21,4.7454,-74.0294,Educativa,Sensor_Fijo,Transporte_Público,58.6,Alto,31,338,52.2,0.3,Nublado,0.76,Mercado informal,Noche,0,1,0.304,1.1226,1,4,2
COL-0721,Bogotá,2022-04-28,6,4.6965,-74.0803,Hospitalaria,Sensor_Móvil,Comercio,43.2,Moderado,30,285,51.8,0.44,Lluvioso,0.82,Obra en construcción,Mañana,0,0,0.384,0.834,1,4,2
COL-0913,Bogotá,2022-05-03,17,4.703,-74.093,Industrial,Sensor_Fijo,Transporte_Público,86.1,Alto,75,995,28.5,0.97,Despejado,0.8,Medición estándar,Tarde,1,1,0.882,3.0211,1,5,2
COL-0059,Bogotá,2022-05-11,20,4.684,-74.0475,Residencial,Sensor_Fijo,Transporte_Público,52.0,Moderado,23,209,52.5,0.35,Lluvioso,0.77,Festival o concierto,Noche,0,0,0.302,0.9905,1,5,2
COL-0091,Bogotá,2022-05-15,13,4.7403,-74.0574,Mixta,Sensor_Fijo,Tráfico_Vehicular,57.9,Moderado,56,676,38.5,0.8,Nublado,0.83,Medición estándar,Tarde,0,0,0.704,1.5039,1,5,2
COL-0086,Bogotá,2022-05-31,0,4.7484,-74.053,Comercial,Sensor_Fijo,Tráfico_Vehicular,58.3,Bajo,29,316,48.8,0.27,Lluvioso,0.95,Obra en construcción,Madrugada,0,0,0.278,1.1947,0,5,2
COL-0334,Bogotá,2022-06-04,2,4.6792,-74.1088,Residencial,Sensor_Fijo,Tráfico_Vehicular,43.0,Bajo,1,12,60.7,0.0,Ventoso,0.8,Evento especial cercano,Madrugada,0,0,0.004,0.7084,0,6,2
COL-0314,Bogotá,2022-06-06,14,4.6726,-74.0838,Residencial,Sensor_Ciudadano,Tráfico_Vehicular,52.4,Moderado,36,427,43.7,0.41,Despejado,0.71,Semáforo averiado,Tarde,0,0,0.39,1.1991,1,6,2
COL-0431,Bogotá,2022-06-16,8,4.7198,-74.0263,Comercial,Sensor_Fijo,Tráfico_Vehicular,74.0,Alto,95,941,20.6,1.0,Despejado,0.98,Medición estándar,Mañana,1,1,0.98,3.5922,1,6,2
COL-0887,Bogotá,2022-06-16,22,4.6925,-74.0775,Residencial,Sensor_Fijo,Tráfico_Vehicular,48.3,Moderado,2,28,62.9,0.0,Nublado,1.0,Operación normal,Noche,0,0,0.008,0.7679,0,6,2
COL-0135,Bogotá,2022-06-24,6,4.7335,-74.0495,Residencial,Sensor_Fijo,Tráfico_Vehicular,39.8,Bajo,25,331,48.0,0.27,Despejado,0.75,Festival o concierto,Mañana,0,0,0.262,0.8292,1,6,2
COL-0299,Bogotá,2022-06-30,21,4.7543,-74.0843,Comercial,Sensor_Móvil,Tráfico_Vehicular,68.3,Moderado,68,571,38.1,0.98,Despejado,0.96,Medición estándar,Noche,0,1,0.86,1.7927,1,6,2
COL-0013,Bogotá,2022-07-07,6,4.7414,-74.0287,Mixta,Sensor_Móvil,Transporte_Público,55.3,Moderado,63,922,28.7,0.77,Despejado,0.87,Operación normal,Mañana,0,0,0.714,1.9268,1,7,3
COL-0455,Bogotá,2022-07-11,14,4.7362,-74.0878,Residencial,Sensor_Fijo,Tráfico_Vehicular,54.1,Moderado,31,458,43.8,0.3,Lluvioso,0.99,Festival o concierto,Tarde,0,0,0.304,1.2352,1,7,3
COL-0940,Bogotá,2022-07-18,18,4.6968,-74.0527,Mixta,Sensor_Fijo,Transporte_Público,73.1,Crítico,78,839,36.4,0.89,Despejado,0.83,Semáforo averiado,Noche,1,1,0.846,2.0082,1,7,3
COL-0474,Bogotá,2022-07-27,21,4.7002,-74.0513,Residencial,Sensor_Ciudadano,Construcción,58.3,Alto,24,235,53.4,0.28,Despejado,0.77,Alta afluencia peatonal,Noche,0,1,0.264,1.0918,1,7,3
COL-0637,Bogotá,2022-08-01,4,4.7484,-74.0774,Comercial,Sensor_Fijo,Comercio,57.3,Bajo,29,319,54.2,0.28,Nublado,0.81,Moto dañada transitando,Madrugada,0,0,0.284,1.0572,0,8,3
COL-0931,Bogotá,2022-08-06,21,4.7559,-74.0375,Residencial,Sensor_Fijo,Transporte_Público,44.8,Bajo,23,276,50.5,0.28,Despejado,0.73,Mercado informal,Noche,0,0,0.26,0.8871,1,8,3
COL-0166,Bogotá,2022-08-10,6,4.7458,-74.0625,Comercial,Sensor_Móvil,Tráfico_Vehicular,57.0,Bajo,53,732,40.8,0.64,Ventoso,0.92,Festival o concierto,Mañana,0,0,0.596,1.3971,1,8,3
COL-0082,Bogotá,2022-08-10,18,4.6785,-74.0361,Hospitalaria,Sensor_Móvil,Mixta,62.3,Crítico,70,747,36.9,0.97,Despejado,0.91,Festival o concierto,Noche,1,1,0.862,1.6883,1,8,3
COL-0042,Bogotá,2022-08-14,16,4.7103,-74.0574,Comercial,Sensor_Fijo,Construcción,79.4,Crítico,57,574,35.0,0.74,Nublado,0.98,Medición estándar,Tarde,0,1,0.672,2.2686,1,8,3
COL-0238,Bogotá,2022-08-16,4,4.7542,-74.0392,Residencial,Sensor_Ciudadano,Tráfico_Vehicular,43.2,Bajo,0,0,59.2,0.0,Lluvioso,0.75,Evento especial cercano,Madrugada,0,0,0.0,0.7297,0,8,3
COL-0592,Bogotá,2022-08-16,8,4.6611,-74.0368,Comercial,Sensor_Móvil,Tráfico_Vehicular,69.7,Moderado,92,1219,24.2,1.0,Despejado,0.91,Semáforo averiado,Mañana,1,0,0.968,2.8802,1,8,3
COL-0235,Bogotá,2022-08-22,17,4.6954,-74.0985,Mixta,Sensor_Fijo,Comercio,66.8,Alto,86,957,19.1,1.0,Despejado,0.85,Mercado informal,Tarde,1,0,0.944,3.4974,1,8,3
COL-0170,Bogotá,2022-08-24,22,4.6887,-74.1024,Mixta,Sensor_Fijo,Tráfico_Vehicular,61.2,Moderado,17,232,50.8,0.12,Nublado,0.99,Medición estándar,Noche,0,1,0.14,1.2047,0,8,3
COL-0290,Bogotá,2022-08-24,22,4.7092,-74.1052,Residencial,Sensor_Móvil,Eventos,54.3,Moderado,0,0,60.7,0.0,Lluvioso,0.83,Festival o concierto,Noche,0,0,0.0,0.8946,0,8,3
COL-0769,Bogotá,2022-08-30,19,4.7087,-74.0743,Comercial,Sensor_Ciudadano,Tráfico_Vehicular,79.9,Crítico,92,867,26.8,1.0,Despejado,0.74,Alta afluencia peatonal,Noche,1,1,0.968,2.9813,1,8,3
COL-0584,Bogotá,2022-09-07,10,4.7135,-74.0295,Residencial,Sensor_Ciudadano,Tráfico_Vehicular,56.6,Alto,39,472,44.7,0.5,Despejado,0.99,Moto dañada transitando,Mañana,0,0,0.456,1.2662,1,9,3
COL-0011,Bogotá,2022-09-08,11,4.6912,-74.0551,Mixta,Sensor_Móvil,Transporte_Público,63.6,Moderado,63,827,44.1,0.72,Nublado,0.94,Semáforo averiado,Mañana,0,0,0.684,1.4422,1,9,3
COL-0780,Bogotá,2022-09-09,12,4.665,-74.0261,Comercial,Sensor_Ciudadano,Transporte_Público,72.6,Alto,56,659,44.7,0.64,Despejado,0.81,Alta afluencia peatonal,Tarde,0,1,0.608,1.6242,1,9,3
COL-0530,Bogotá,2022-09-13,23,4.7589,-74.0884,Educativa,Sensor_Fijo,Tráfico_Vehicular,34.4,Bajo,11,149,56.0,0.18,Nublado,0.73,Medición estándar,Noche,0,0,0.152,0.6143,0,9,3
COL-0867,Bogotá,2022-09-14,6,4.76,-74.0872,Residencial,Sensor_Fijo,Tráfico_Vehicular,34.8,Bajo,30,246,46.6,0.42,Nublado,0.97,Evento especial cercano,Mañana,0,0,0.372,0.7468,1,9,3
COL-0140,Bogotá,2022-09-24,15,4.699,-74.0259,Hospitalaria,Sensor_Fijo,Comercio,50.6,Crítico,27,262,54.1,0.39,Nublado,0.92,Festival o concierto,Tarde,0,0,0.342,0.9353,1,9,3
COL-0482,Bogotá,2022-09-26,18,4.684,-74.0362,Mixta,Sensor_Fijo,Construcción,75.8,Crítico,85,937,22.8,1.0,Lluvioso,0.76,Mercado informal,Noche,1,1,0.94,3.3246,1,9,3
COL-0045,Bogotá,2022-09-27,22,4.6971,-74.0438,Comercial,Sensor_Fijo,Tráfico_Vehicular,72.6,Alto,22,297,55.0,0.23,Nublado,0.98,Obra en construcción,Noche,0,1,0.226,1.32,0,9,3
COL-0640,Bogotá,2022-10-01,2,4.7422,-74.1133,Residencial,Sensor_Fijo,Comercio,39.6,Bajo,5,53,71.4,0.07,Nublado,0.72,Evento especial cercano,Madrugada,0,0,0.062,0.5546,0,10,4
COL-0981,Bogotá,2022-10-02,18,4.6806,-74.1106,Comercial,Sensor_Fijo,Transporte_Público,79.3,Crítico,83,870,22.4,1.0,Despejado,0.77,Moto dañada transitando,Noche,1,1,0.932,3.5402,1,10,4
COL-0470,Bogotá,2022-10-09,10,4.7018,-74.0372,Residencial,Sensor_Móvil,Tráfico_Vehicular,59.6,Alto,35,321,40.3,0.47,Nublado,0.87,Obra en construcción,Mañana,0,0,0.422,1.4789,1,10,4
COL-0601,Bogotá,2022-10-22,10,4.7275,-74.0537,Hospitalaria,Sensor_Fijo,Construcción,61.7,Crítico,32,344,49.5,0.55,Lluvioso,0.86,Obra en construcción,Mañana,0,1,0.458,1.2465,1,10,4
COL-0537,Bogotá,2022-10-29,19,4.7293,-74.0248,Mixta,Sensor_Fijo,Tráfico_Vehicular,68.9,Alto,75,871,33.2,1.0,Nublado,0.83,Semáforo averiado,Noche,1,1,0.9,2.0753,1,10,4
COL-0090,Bogotá,2022-10-31,4,4.7481,-74.0719,Residencial,Sensor_Ciudadano,Transporte_Público,46.6,Bajo,0,0,69.2,0.06,Nublado,1.0,Alta afluencia peatonal,Madrugada,0,0,0.036,0.6734,0,10,4
COL-0575,Bogotá,2022-11-03,16,4.6679,-74.0619,Residencial,Sensor_Móvil,Tráfico_Vehicular,55.9,Alto,31,391,47.4,0.44,Lluvioso,0.74,Operación normal,Tarde,0,0,0.388,1.1793,1,11,4
COL-0332,Bogotá,2022-11-10,22,4.668,-74.0406,Mixta,Sensor_Fijo,Tráfico_Vehicular,66.3,Alto,24,330,43.0,0.45,Nublado,0.81,Moto dañada transitando,Noche,0,1,0.366,1.5419,0,11,4
COL-0219,Bogotá,2022-11-19,1,4.6795,-74.121,Residencial,Sensor_Fijo,Comercio,37.3,Bajo,0,0,57.6,0.09,Nublado,0.98,Medición estándar,Madrugada,0,0,0.054,0.6476,0,11,4
COL-0406,Bogotá,2022-11-22,20,4.7003,-74.0857,Mixta,Sensor_Fijo,Tráfico_Vehicular,59.5,Moderado,46,463,43.6,0.48,Despejado,0.75,Obra en construcción,Noche,0,1,0.472,1.3647,1,11,4
COL-0729,Bogotá,2022-11-24,8,4.7258,-74.0929,Comercial,Sensor_Fijo,Mixta,73.6,Alto,87,924,21.4,1.0,Lluvioso,0.92,Obra en construcción,Mañana,1,1,0.948,3.4393,1,11,4
COL-0517,Bogotá,2022-11-28,16,4.739,-74.0784,Residencial,Sensor_Ciudadano,Transporte_Público,53.2,Moderado,39,526,49.8,0.42,Despejado,0.91,Mercado informal,Tarde,0,0,0.408,1.0683,1,11,4
COL-0853,Bogotá,2022-12-04,13,4.6795,-74.1081,Comercial,Sensor_Fijo,Comercio,66.9,Moderado,63,735,28.0,0.84,Despejado,0.91,Medición estándar,Tarde,0,0,0.756,2.3893,1,12,4
COL-0710,Bogotá,2022-12-08,5,4.673,-74.0356,Comercial,Sensor_Ciudadano,Transporte_Público,67.9,Moderado,21,239,50.3,0.38,Despejado,0.78,Alta afluencia peatonal,Madrugada,0,1,0.312,1.3499,0,12,4
COL-0313,Bogotá,2022-12-11,4,4.7028,-74.0239,Industrial,Sensor_Móvil,Tráfico_Vehicular,72.7,Moderado,16,151,50.7,0.27,Despejado,0.74,Obra en construcción,Madrugada,0,1,0.226,1.4339,0,12,4
COL-0879,Bogotá,2022-12-17,10,4.7025,-74.0867,Comercial,Sensor_Fijo,Industrial,79.3,Crítico,60,899,28.0,0.83,Nublado,0.82,Medición estándar,Mañana,0,1,0.738,2.8321,1,12,4
COL-0294,Bogotá,2022-12-18,3,4.7418,-74.0481,Residencial,Sensor_Ciudadano,Construcción,39.4,Bajo,3,25,61.3,0.0,Despejado,0.77,Evento especial cercano,Madrugada,0,0,0.012,0.6427,0,12,4
COL-0052,Bogotá,2022-12-23,21,4.6806,-74.0491,Comercial,Sensor_Móvil,Tráfico_Vehicular,70.5,Alto,61,667,34.8,0.7,Ventoso,0.86,Obra en construcción,Noche,0,1,0.664,2.0259,1,12,4
COL-0264,Bogotá,2022-12-26,16,4.7548,-74.1149,Mixta,Sensor_Fijo,Tráfico_Vehicular,69.9,Alto,62,612,35.0,0.87,Despejado,0.76,Festival o concierto,Tarde,0,1,0.77,1.9971,1,12,4
COL-0652,Bogotá,2023-01-09,19,4.7311,-74.0944,Comercial,Sensor_Fijo,Transporte_Público,76.2,Alto,92,1367,23.2,1.0,Despejado,0.92,Moto dañada transitando,Noche,1,1,0.968,3.2845,1,1,1
COL-0764,Bogotá,2023-01-17,7,4.755,-74.1209,Comercial,Sensor_Fijo,Tráfico_Vehicular,70.0,Moderado,83,843,27.4,1.0,Despejado,0.72,Evento especial cercano,Mañana,1,0,0.932,2.5547,1,1,1
COL-0685,Bogotá,2023-01-18,12,4.7508,-74.1052,Residencial,Sensor_Fijo,Tráfico_Vehicular,54.9,Moderado,34,354,54.5,0.42,Nublado,0.87,Evento especial cercano,Tarde,0,0,0.388,1.0073,1,1,1
COL-0610,Bogotá,2023-01-19,10,4.7012,-74.0321,Residencial,Sensor_Móvil,Tráfico_Vehicular,49.0,Moderado,34,383,51.4,0.37,Despejado,0.91,Semáforo averiado,Mañana,0,0,0.358,0.9533,1,1,1
COL-0010,Bogotá,2023-01-24,17,4.7095,-74.0571,Residencial,Sensor_Fijo,Industrial,64.6,Crítico,54,521,43.1,0.6,Despejado,0.76,Obra en construcción,Tarde,1,0,0.576,1.4988,1,1,1
COL-0518,Bogotá,2023-02-13,4,4.6626,-74.0562,Residencial,Sensor_Fijo,Eventos,39.2,Bajo,5,55,56.9,0.02,Nublado,0.76,Medición estándar,Madrugada,0,0,0.032,0.6889,0,2,1
COL-0660,Bogotá,2023-02-13,13,4.6895,-74.1156,Residencial,Sensor_Móvil,Comercio,57.1,Alto,25,205,57.7,0.29,Lluvioso,0.75,Alta afluencia peatonal,Tarde,0,0,0.274,0.9896,1,2,1
COL-0253,Bogotá,2023-02-23,23,4.6825,-74.1113,Comercial,Sensor_Móvil,Eventos,54.9,Bajo,29,345,50.8,0.43,Despejado,0.81,Festival o concierto,Noche,0,0,0.374,1.0807,0,2,1
COL-0028,Bogotá,2023-03-01,19,4.7335,-74.0323,Residencial,Sensor_Fijo,Comercio,51.3,Moderado,57,840,42.4,0.74,Despejado,0.87,Operación normal,Noche,1,0,0.672,1.2099,1,3,1
COL-0893,Bogotá,2023-03-08,10,4.7288,-74.0613,Mixta,Sensor_Ciudadano,Industrial,70.6,Alto,65,955,37.5,0.89,Despejado,0.84,Obra en construcción,Mañana,0,1,0.794,1.8827,1,3,1
COL-0161,Bogotá,2023-03-12,20,4.7543,-74.1082,Mixta,Sensor_Fijo,Transporte_Público,67.2,Alto,65,590,25.2,0.81,Despejado,0.72,Evento especial cercano,Noche,0,1,0.746,2.6667,1,3,1
COL-0114,Bogotá,2023-03-17,17,4.7008,-74.0503,Hospitalaria,Sensor_Fijo,Industrial,64.3,Crítico,70,987,37.8,1.0,Despejado,0.95,Mercado informal,Tarde,1,1,0.88,1.7011,1,3,1
COL-0965,Bogotá,2023-03-17,21,4.6898,-74.0987,Comercial,Sensor_Móvil,Comercio,74.0,Alto,56,722,40.7,0.81,Lluvioso,0.74,Medición estándar,Noche,0,1,0.71,1.8182,1,3,1
COL-0068,Bogotá,2023-03-30,23,4.6793,-74.0323,Comercial,Sensor_Fijo,Tráfico_Vehicular,60.5,Moderado,28,228,47.6,0.41,Nublado,0.89,Evento especial cercano,Noche,0,1,0.358,1.271,0,3,1
COL-0540,Bogotá,2023-03-31,6,4.6886,-74.0983,Comercial,Sensor_Fijo,Comercio,53.7,Bajo,56,830,27.1,0.78,Ventoso,0.77,Mercado informal,Mañana,0,0,0.692,1.9815,1,3,1
COL-0806,Bogotá,2023-04-05,0,4.7436,-74.1059,Residencial,Sensor_Móvil,Transporte_Público,31.6,Bajo,0,0,52.0,0.09,Despejado,0.9,Operación normal,Madrugada,0,0,0.054,0.6077,0,4,2
COL-0553,Bogotá,2023-04-05,23,4.7344,-74.1184,Mixta,Sensor_Fijo,Tráfico_Vehicular,61.1,Moderado,24,232,53.6,0.45,Lluvioso,0.98,Operación normal,Noche,0,1,0.366,1.1399,0,4,2
COL-0117,Bogotá,2023-04-13,11,4.664,-74.0837,Mixta,Sensor_Ciudadano,Tráfico_Vehicular,71.2,Alto,53,651,38.9,0.64,Ventoso,0.91,Operación normal,Mañana,0,1,0.596,1.8303,1,4,2
COL-0325,Bogotá,2023-04-29,7,4.6983,-74.1151,Industrial,Sensor_Fijo,Comercio,89.4,Crítico,70,782,37.5,0.99,Nublado,0.8,Evento especial cercano,Mañana,1,1,0.874,2.384,1,4,2
COL-0738,Bogotá,2023-04-29,18,4.7192,-74.0993,Industrial,Sensor_Fijo,Transporte_Público,90.9,Crítico,73,1000,37.6,0.94,Lluvioso,0.75,Medición estándar,Noche,1,1,0.856,2.4176,1,4,2
COL-0048,Bogotá,2023-05-03,15,4.6938,-74.0254,Comercial,Sensor_Fijo,Tráfico_Vehicular,69.0,Moderado,63,912,39.4,0.73,Despejado,0.9,Evento especial cercano,Tarde,0,0,0.69,1.7513,1,5,2
COL-0586,Bogotá,2023-05-04,1,4.751,-74.0734,Comercial,Sensor_Fijo,Tráfico_Vehicular,64.6,Moderado,31,319,43.8,0.42,Lluvioso,0.73,Operación normal,Madrugada,0,1,0.376,1.4749,0,5,2
COL-0634,Bogotá,2023-05-09,1,4.7597,-74.0655,Industrial,Sensor_Fijo,Tráfico_Vehicular,68.7,Moderado,11,143,60.1,0.19,Despejado,0.81,Mercado informal,Madrugada,0,0,0.158,1.1431,0,5,2
COL-0933,Bogotá,2023-05-11,22,4.7517,-74.0533,Comercial,Sensor_Fijo,Mixta,65.6,Moderado,23,276,51.9,0.28,Ventoso,0.83,Alta afluencia peatonal,Noche,0,1,0.26,1.264,0,5,2
COL-0946,Bogotá,2023-05-24,17,4.718,-74.0493,Mixta,Sensor_Ciudadano,Tráfico_Vehicular,74.2,Crítico,79,1045,35.6,1.0,Nublado,0.94,Semáforo averiado,Tarde,1,1,0.916,2.0843,1,5,2
COL-0426,Bogotá,2023-06-01,7,4.7193,-74.0471,Residencial,Sensor_Móvil,Tráfico_Vehicular,57.2,Alto,63,927,40.4,0.81,Despejado,0.71,Evento especial cercano,Mañana,1,0,0.738,1.4158,1,6,2
COL-0668,Bogotá,2023-06-03,0,4.7088,-74.0843,Residencial,Sensor_Fijo,Mixta,37.8,Bajo,0,0,63.8,0.12,Despejado,0.96,Obra en construcción,Madrugada,0,0,0.072,0.5925,0,6,2
COL-0257,Bogotá,2023-06-08,21,4.6642,-74.0922,Residencial,Sensor_Fijo,Tráfico_Vehicular,50.4,Moderado,36,296,44.1,0.35,Despejado,0.76,Mercado informal,Noche,0,0,0.354,1.1429,1,6,2
COL-0053,Bogotá,2023-06-28,3,4.7561,-74.0645,Mixta,Sensor_Fijo,Tráfico_Vehicular,48.9,Bajo,20,223,50.4,0.38,Nublado,1.0,Mercado informal,Madrugada,0,0,0.308,0.9702,0,6,2
COL-0534,Bogotá,2023-07-13,12,4.7286,-74.0479,Residencial,Sensor_Móvil,Construcción,60.0,Alto,37,496,38.2,0.55,Ventoso,0.74,Festival o concierto,Tarde,0,0,0.478,1.5707,1,7,3
COL-0232,Bogotá,2023-07-14,9,4.6727,-74.0874,Mixta,Sensor_Fijo,Transporte_Público,82.2,Crítico,77,760,31.8,0.96,Despejado,0.76,Moto dañada transitando,Mañana,1,1,0.884,2.5849,1,7,3
COL-0188,Bogotá,2023-07-14,10,4.7539,-74.122,Industrial,Sensor_Fijo,Transporte_Público,86.6,Alto,56,454,31.1,0.74,Nublado,0.99,Operación normal,Mañana,0,1,0.668,2.7846,1,7,3
COL-0531,Bogotá,2023-08-07,6,4.7284,-74.0299,Comercial,Sensor_Móvil,Eventos,60.0,Moderado,51,453,41.5,0.7,Despejado,0.79,Medición estándar,Mañana,0,0,0.624,1.4458,1,8,3
COL-0776,Bogotá,2023-08-08,15,4.7485,-74.0258,Comercial,Sensor_Fijo,Tráfico_Vehicular,68.2,Moderado,63,789,34.6,0.93,Despejado,0.79,Alta afluencia peatonal,Tarde,0,0,0.81,1.9711,1,8,3
COL-0369,Bogotá,2023-08-11,23,4.7124,-74.0254,Comercial,Sensor_Móvil,Transporte_Público,60.6,Moderado,25,336,53.2,0.3,Ventoso,0.98,Operación normal,Noche,0,1,0.28,1.1391,0,8,3
COL-0581,Bogotá,2023-08-14,10,4.6753,-74.0462,Industrial,Sensor_Ciudadano,Construcción,87.7,Alto,51,521,25.0,0.58,Lluvioso,0.84,Festival o concierto,Mañana,0,1,0.552,3.508,1,8,3
COL-0258,Bogotá,2023-08-16,6,4.7269,-74.09,Residencial,Sensor_Móvil,Construcción,38.3,Bajo,22,228,60.0,0.4,Nublado,0.76,Medición estándar,Mañana,0,0,0.328,0.6383,1,8,3
COL-0902,Bogotá,2023-08-17,12,4.6851,-74.0376,Industrial,Sensor_Móvil,Tráfico_Vehicular,72.4,Moderado,49,600,43.1,0.6,Despejado,0.95,Medición estándar,Tarde,0,0,0.556,1.6798,1,8,3
COL-0657,Bogotá,2023-08-24,0,4.7229,-74.1015,Residencial,Sensor_Móvil,Transporte_Público,41.3,Bajo,0,0,60.1,0.02,Nublado,0.93,Operación normal,Madrugada,0,0,0.012,0.6872,0,8,3
COL-0705,Bogotá,2023-08-29,15,4.7366,-74.0718,Residencial,Sensor_Fijo,Transporte_Público,53.5,Moderado,34,362,44.6,0.56,Despejado,0.93,Medición estándar,Tarde,0,0,0.472,1.1996,1,8,3
COL-0909,Bogotá,2023-09-02,18,4.6791,-74.0872,Residencial,Sensor_Fijo,Eventos,58.9,Alto,64,587,29.8,0.74,Despejado,0.83,Semáforo averiado,Noche,1,1,0.7,1.9765,1,9,3
COL-0869,Bogotá,2023-09-13,3,4.7559,-74.0253,Comercial,Sensor_Fijo,Tráfico_Vehicular,60.2,Moderado,32,258,41.5,0.48,Nublado,0.93,Moto dañada transitando,Madrugada,0,1,0.416,1.4506,0,9,3
COL-0356,Bogotá,2023-09-13,14,4.7038,-74.0979,Residencial,Sensor_Fijo,Industrial,58.0,Alto,31,372,47.5,0.43,Nublado,0.81,Semáforo averiado,Tarde,0,0,0.382,1.2211,1,9,3
COL-0852,Bogotá,2023-09-15,5,4.6654,-74.0357,Mixta,Sensor_Fijo,Construcción,60.3,Moderado,28,375,45.6,0.32,Despejado,0.99,Festival o concierto,Madrugada,0,1,0.304,1.3224,0,9,3
COL-0957,Bogotá,2023-09-24,21,4.7345,-74.0746,Educativa,Sensor_Fijo,Comercio,54.9,Moderado,35,489,39.2,0.4,Despejado,0.71,Semáforo averiado,Noche,0,0,0.38,1.4005,1,9,3
COL-0463,Bogotá,2023-09-25,7,4.7182,-74.0826,Residencial,Sensor_Móvil,Transporte_Público,54.1,Moderado,59,805,42.6,0.8,Ventoso,0.9,Evento especial cercano,Mañana,1,0,0.716,1.27,1,9,3
COL-0436,Bogotá,2023-09-28,21,4.7319,-74.0513,Residencial,Sensor_Móvil,Tráfico_Vehicular,44.1,Bajo,37,441,48.0,0.49,Despejado,0.95,Medición estándar,Noche,0,0,0.442,0.9188,1,9,3
COL-0156,Bogotá,2023-10-02,9,4.6844,-74.0699,Comercial,Sensor_Móvil,Comercio,77.5,Crítico,92,795,31.0,1.0,Nublado,0.96,Festival o concierto,Mañana,1,1,0.968,2.5,1,10,4
COL-0948,Bogotá,2023-11-02,11,4.7352,-74.0233,Mixta,Sensor_Fijo,Construcción,76.6,Crítico,54,621,32.3,0.75,Lluvioso,0.89,Evento especial cercano,Mañana,0,1,0.666,2.3715,1,11,4
COL-0259,Bogotá,2023-11-03,5,4.7142,-74.1056,Comercial,Sensor_Ciudadano,Construcción,65.9,Moderado,32,394,52.4,0.36,Lluvioso,0.71,Evento especial cercano,Madrugada,0,1,0.344,1.2576,0,11,4
COL-0146,Bogotá,2023-11-07,3,4.6847,-74.0922,Hospitalaria,Sensor_Fijo,Tráfico_Vehicular,39.7,Moderado,0,0,58.6,0.1,Lluvioso,0.75,Semáforo averiado,Madrugada,0,0,0.06,0.6775,0,11,4
COL-0420,Bogotá,2023-11-07,21,4.703,-74.0585,Educativa,Sensor_Móvil,Tráfico_Vehicular,53.5,Moderado,37,493,40.1,0.36,Despejado,0.86,Moto dañada transitando,Noche,0,0,0.364,1.3342,1,11,4
COL-0312,Bogotá,2023-11-14,15,4.6678,-74.1111,Mixta,Sensor_Ciudadano,Transporte_Público,64.0,Moderado,49,570,39.6,0.75,Nublado,0.77,Moto dañada transitando,Tarde,0,0,0.646,1.6162,1,11,4
COL-0883,Bogotá,2023-11-23,4,4.6708,-74.1028,Comercial,Sensor_Fijo,Tráfico_Vehicular,53.9,Bajo,25,341,46.5,0.28,Despejado,0.72,Medición estándar,Madrugada,0,0,0.268,1.1591,0,11,4
COL-0644,Bogotá,2023-11-25,6,4.7283,-74.039,Comercial,Sensor_Fijo,Comercio,52.9,Bajo,63,691,38.7,0.82,Nublado,0.81,Semáforo averiado,Mañana,0,0,0.744,1.3669,1,11,4
COL-0684,Bogotá,2023-11-26,8,4.7224,-74.0746,Residencial,Sensor_Fijo,Construcción,67.4,Crítico,52,520,35.6,0.63,Lluvioso,0.92,Operación normal,Mañana,1,1,0.586,1.8933,1,11,4
COL-0466,Bogotá,2023-12-01,10,4.6764,-74.088,Comercial,Sensor_Fijo,Industrial,78.0,Crítico,51,508,40.7,0.73,Nublado,0.87,Medición estándar,Mañana,0,1,0.642,1.9165,1,12,4
COL-0236,Bogotá,2023-12-08,16,4.7343,-74.0401,Residencial,Sensor_Fijo,Construcción,56.0,Alto,33,268,45.5,0.43,Lluvioso,0.73,Moto dañada transitando,Tarde,0,0,0.39,1.2308,1,12,4
COL-0633,Bogotá,2023-12-08,21,4.6787,-74.0794,Residencial,Sensor_Móvil,Comercio,43.8,Bajo,26,294,44.3,0.41,Ventoso,0.91,Obra en construcción,Noche,0,0,0.35,0.9887,1,12,4
COL-0167,Bogotá,2023-12-19,17,4.7557,-74.0805,Hospitalaria,Sensor_Fijo,Construcción,59.8,Crítico,61,697,38.9,0.68,Despejado,0.87,Evento especial cercano,Tarde,1,1,0.652,1.5373,1,12,4
COL-0192,Bogotá,2023-12-20,21,4.7205,-74.1052,Comercial,Sensor_Móvil,Tráfico_Vehicular,58.0,Bajo,59,601,39.8,0.88,Despejado,0.88,Alta afluencia peatonal,Noche,0,0,0.764,1.4573,1,12,4
COL-0967,Bogotá,2023-12-24,12,4.7106,-74.091,Residencial,Sensor_Fijo,Tráfico_Vehicular,50.8,Moderado,24,246,49.7,0.4,Nublado,0.97,Moto dañada transitando,Tarde,0,0,0.336,1.0221,1,12,4
COL-0716,Bogotá,2023-12-24,18,4.7116,-74.1137,Mixta,Sensor_Fijo,Eventos,79.8,Crítico,78,720,27.6,1.0,Despejado,0.79,Obra en construcción,Noche,1,1,0.912,2.8913,1,12,4
COL-0047,Bogotá,2024-01-04,9,4.7017,-74.0528,Comercial,Sensor_Fijo,Tráfico_Vehicular,82.3,Crítico,95,1073,33.0,1.0,Lluvioso,0.93,Evento especial cercano,Mañana,1,1,0.98,2.4939,1,1,1
COL-0813,Bogotá,2024-01-10,2,4.7394,-74.0487,Mixta,Sensor_Fijo,Transporte_Público,58.5,Moderado,24,217,50.9,0.27,Nublado,0.96,Evento especial cercano,Madrugada,0,1,0.258,1.1493,0,1,1
COL-0460,Bogotá,2024-01-12,4,4.7005,-74.0892,Residencial,Sensor_Ciudadano,Industrial,47.4,Moderado,0,0,56.6,0.14,Despejado,0.73,Festival o concierto,Madrugada,0,0,0.084,0.8375,0,1,1
COL-0298,Bogotá,2024-01-12,12,4.6913,-74.1133,Comercial,Sensor_Móvil,Tráfico_Vehicular,74.5,Alto,70,633,33.4,0.93,Despejado,0.93,Alta afluencia peatonal,Tarde,0,1,0.838,2.2305,1,1,1
COL-0462,Bogotá,2024-01-13,9,4.6771,-74.0623,Residencial,Sensor_Fijo,Transporte_Público,53.3,Moderado,61,569,36.0,0.78,Despejado,0.81,Moto dañada transitando,Mañana,1,0,0.712,1.4806,1,1,1
COL-0992,Bogotá,2024-01-13,11,4.6791,-74.0927,Comercial,Sensor_Fijo,Construcción,83.2,Crítico,52,699,39.6,0.67,Lluvioso,1.0,Semáforo averiado,Mañana,0,1,0.61,2.101,1,1,1
COL-0407,Bogotá,2024-01-16,11,4.671,-74.0426,Hospitalaria,Sensor_Fijo,Transporte_Público,55.4,Crítico,28,286,43.6,0.3,Despejado,0.93,Semáforo averiado,Mañana,0,1,0.292,1.2706,1,1,1
COL-0494,Bogotá,2024-01-17,12,4.6881,-74.0688,Educativa,Sensor_Fijo,Comercio,62.5,Crítico,40,407,40.0,0.43,Lluvioso,0.97,Alta afluencia peatonal,Tarde,0,0,0.418,1.5625,1,1,1
COL-0983,Bogotá,2024-01-20,14,4.7472,-74.0386,Residencial,Sensor_Fijo,Comercio,57.2,Alto,21,185,55.9,0.37,Despejado,0.82,Operación normal,Tarde,0,0,0.306,1.0233,1,1,1
COL-0689,Bogotá,2024-01-23,14,4.6975,-74.0637,Residencial,Sensor_Fijo,Comercio,50.6,Moderado,33,369,44.9,0.35,Nublado,0.79,Obra en construcción,Tarde,0,0,0.342,1.1269,1,1,1
COL-0169,Bogotá,2024-01-23,17,4.7349,-74.0435,Residencial,Sensor_Fijo,Transporte_Público,59.7,Alto,63,543,39.6,0.85,Lluvioso,0.96,Festival o concierto,Tarde,1,0,0.762,1.5076,1,1,1
COL-0003,Bogotá,2024-01-23,19,4.6821,-74.1048,Comercial,Sensor_Fijo,Tráfico_Vehicular,86.3,Crítico,81,1194,31.4,0.92,Lluvioso,0.89,Operación normal,Noche,1,1,0.876,2.7484,1,1,1
COL-0679,Bogotá,2024-01-24,6,4.6652,-74.0775,Residencial,Sensor_Ciudadano,Tráfico_Vehicular,45.2,Bajo,34,287,38.1,0.5,Lluvioso,0.74,Evento especial cercano,Mañana,0,0,0.436,1.1864,1,1,1
COL-0507,Bogotá,2024-01-24,7,4.7021,-74.0597,Residencial,Sensor_Fijo,Comercio,55.5,Alto,51,735,40.5,0.56,Ventoso,0.77,Moto dañada transitando,Mañana,1,0,0.54,1.3704,1,1,1
COL-0816,Bogotá,2024-01-26,14,4.7568,-74.0682,Comercial,Sensor_Fijo,Comercio,72.6,Alto,61,697,18.2,0.71,Lluvioso,0.82,Alta afluencia peatonal,Tarde,0,1,0.67,3.989,1,1,1
COL-0211,Bogotá,2024-01-28,7,4.7012,-74.0828,Residencial,Sensor_Fijo,Construcción,59.8,Alto,56,784,32.6,0.72,Lluvioso,0.74,Mercado informal,Mañana,1,0,0.656,1.8344,1,1,1
COL-0628,Bogotá,2024-02-04,20,4.6999,-74.0235,Industrial,Sensor_Móvil,Tráfico_Vehicular,77.1,Moderado,52,760,41.3,0.76,Nublado,0.77,Obra en construcción,Noche,0,1,0.664,1.8668,1,2,1
COL-0206,Bogotá,2024-02-10,20,4.6666,-74.0226,Residencial,Sensor_Fijo,Comercio,53.0,Moderado,39,410,52.3,0.6,Lluvioso,0.73,Medición estándar,Noche,0,0,0.516,1.0134,1,2,1
COL-0376,Bogotá,2024-02-27,18,4.7588,-74.1025,Comercial,Sensor_Fijo,Tráfico_Vehicular,76.3,Alto,93,996,26.6,1.0,Lluvioso,0.92,Evento especial cercano,Noche,1,1,0.972,2.8684,1,2,1
COL-0550,Bogotá,2024-03-01,0,4.7216,-74.1158,Hospitalaria,Sensor_Móvil,Comercio,40.8,Moderado,9,103,59.8,0.14,Nublado,0.81,Alta afluencia peatonal,Madrugada,0,0,0.12,0.6823,0,3,1
COL-0996,Bogotá,2024-03-02,9,4.6916,-74.0425,Residencial,Sensor_Fijo,Tráfico_Vehicular,54.4,Moderado,52,460,35.7,0.67,Nublado,0.89,Semáforo averiado,Mañana,1,0,0.61,1.5238,1,3,1
COL-0683,Bogotá,2024-03-02,11,4.6918,-74.092,Residencial,Sensor_Móvil,Comercio,56.2,Alto,38,314,51.8,0.46,Despejado,0.76,Operación normal,Mañana,0,0,0.428,1.0849,1,3,1
COL-0627,Bogotá,2024-03-03,17,4.7217,-74.1072,Residencial,Sensor_Fijo,Transporte_Público,54.9,Moderado,59,811,35.9,0.82,Despejado,0.97,Semáforo averiado,Tarde,1,0,0.728,1.5292,1,3,1
COL-0623,Bogotá,2024-03-10,23,4.7124,-74.0603,Hospitalaria,Sensor_Fijo,Industrial,51.6,Crítico,2,18,58.0,0.09,Lluvioso,0.79,Evento especial cercano,Noche,0,1,0.062,0.8897,0,3,1
COL-0275,Bogotá,2024-03-24,0,4.6837,-74.1207,Residencial,Sensor_Móvil,Tráfico_Vehicular,37.6,Bajo,0,0,53.0,0.0,Lluvioso,0.85,Moto dañada transitando,Madrugada,0,0,0.0,0.7094,0,3,1
COL-0008,Bogotá,2024-03-26,11,4.6765,-74.0408,Industrial,Sensor_Ciudadano,Tráfico_Vehicular,78.5,Moderado,53,756,41.8,0.69,Despejado,0.97,Alta afluencia peatonal,Mañana,0,1,0.626,1.878,1,3,1
COL-0198,Bogotá,2024-03-31,20,4.7081,-74.1101,Residencial,Sensor_Fijo,Eventos,49.1,Moderado,39,382,30.7,0.45,Despejado,0.77,Operación normal,Noche,0,0,0.426,1.5993,1,3,1
COL-0305,Bogotá,2024-03-31,20,4.7086,-74.0868,Residencial,Sensor_Ciudadano,Comercio,50.9,Moderado,36,441,46.8,0.45,Lluvioso,0.94,Evento especial cercano,Noche,0,0,0.414,1.0876,1,3,1
COL-0079,Bogotá,2024-04-02,21,4.7167,-74.0411,Residencial,Sensor_Fijo,Transporte_Público,42.5,Bajo,35,309,41.3,0.54,Despejado,0.72,Medición estándar,Noche,0,0,0.464,1.0291,1,4,2
COL-0291,Bogotá,2024-04-09,7,4.7451,-74.091,Residencial,Sensor_Fijo,Eventos,52.7,Moderado,61,890,40.9,0.89,Nublado,0.79,Semáforo averiado,Mañana,1,0,0.778,1.2885,1,4,2
COL-0149,Bogotá,2024-04-21,17,4.7539,-74.1081,Mixta,Sensor_Ciudadano,Transporte_Público,68.6,Alto,75,772,27.0,0.85,Lluvioso,0.85,Mercado informal,Tarde,1,1,0.81,2.5407,1,4,2
COL-0827,Bogotá,2024-04-21,19,4.6837,-74.0705,Residencial,Sensor_Móvil,Industrial,60.1,Alto,61,785,32.2,0.74,Nublado,0.98,Obra en construcción,Noche,1,1,0.688,1.8665,1,4,2
COL-0231,Bogotá,2024-04-28,10,4.6774,-74.0514,Residencial,Sensor_Fijo,Tráfico_Vehicular,47.0,Moderado,33,397,46.2,0.56,Nublado,0.97,Festival o concierto,Mañana,0,0,0.468,1.0173,1,4,2
COL-0544,Bogotá,2024-04-29,17,4.6843,-74.1114,Residencial,Sensor_Móvil,Comercio,60.7,Crítico,64,780,30.2,0.82,Lluvioso,0.95,Evento especial cercano,Tarde,1,0,0.748,2.0099,1,4,2
COL-0609,Bogotá,2024-05-03,21,4.6713,-74.0571,Comercial,Sensor_Fijo,Eventos,59.5,Bajo,69,714,29.4,0.89,Despejado,0.92,Moto dañada transitando,Noche,0,0,0.81,2.0238,1,5,2
COL-0895,Bogotá,2024-05-03,23,4.7085,-74.0543,Residencial,Sensor_Fijo,Mixta,34.8,Bajo,0,0,64.3,0.01,Nublado,0.96,Moto dañada transitando,Noche,0,0,0.006,0.5412,0,5,2
COL-0288,Bogotá,2024-05-05,20,4.6695,-74.106,Hospitalaria,Sensor_Móvil,Eventos,46.2,Alto,29,394,51.6,0.38,Despejado,0.99,Mercado informal,Noche,0,1,0.344,0.8953,1,5,2
COL-0709,Bogotá,2024-05-22,22,4.6861,-74.0422,Comercial,Sensor_Móvil,Industrial,75.6,Alto,31,318,54.5,0.42,Despejado,0.71,Semáforo averiado,Noche,0,1,0.376,1.3872,0,5,2
COL-0080,Bogotá,2024-05-23,7,4.7455,-74.0345,Residencial,Sensor_Móvil,Comercio,58.2,Alto,56,522,38.9,0.83,Despejado,0.92,Evento especial cercano,Mañana,1,0,0.722,1.4961,1,5,2
COL-0125,Bogotá,2024-05-24,15,4.666,-74.0759,Industrial,Sensor_Móvil,Comercio,77.7,Moderado,45,371,40.4,0.5,Despejado,0.8,Operación normal,Tarde,0,1,0.48,1.9233,1,5,2
COL-0107,Bogotá,2024-05-31,21,4.7371,-74.0515,Industrial,Sensor_Fijo,Transporte_Público,77.4,Moderado,45,441,44.9,0.7,Despejado,0.99,Mercado informal,Noche,0,1,0.6,1.7238,1,5,2
COL-0137,Bogotá,2024-06-03,22,4.7218,-74.0812,Residencial,Sensor_Fijo,Tráfico_Vehicular,48.4,Moderado,0,0,56.1,0.14,Despejado,0.81,Operación normal,Noche,0,0,0.084,0.8627,0,6,2
COL-0277,Bogotá,2024-06-12,12,4.6863,-74.0451,Comercial,Sensor_Fijo,Comercio,67.2,Moderado,61,630,48.8,0.83,Despejado,0.95,Semáforo averiado,Tarde,0,0,0.742,1.377,1,6,2
COL-0680,Bogotá,2024-06-13,19,4.7108,-74.0478,Industrial,Sensor_Fijo,Tráfico_Vehicular,83.1,Alto,82,1003,34.6,0.97,Despejado,0.76,Moto dañada transitando,Noche,1,1,0.91,2.4017,1,6,2
COL-0491,Bogotá,2024-06-15,11,4.7348,-74.0494,Educativa,Sensor_Fijo,Tráfico_Vehicular,50.5,Moderado,37,549,44.1,0.45,Despejado,0.72,Operación normal,Mañana,0,0,0.418,1.1451,1,6,2
COL-0734,Bogotá,2024-06-16,5,4.7565,-74.1091,Industrial,Sensor_Ciudadano,Comercio,63.6,Bajo,23,219,52.5,0.41,Despejado,0.81,Festival o concierto,Madrugada,0,0,0.338,1.2114,0,6,2
COL-0402,Bogotá,2024-06-18,21,4.7028,-74.0408,Comercial,Sensor_Móvil,Industrial,80.5,Crítico,54,547,33.2,0.81,Lluvioso,0.82,Mercado informal,Noche,0,1,0.702,2.4247,1,6,2
COL-0682,Bogotá,2024-06-19,8,4.6862,-74.1162,Industrial,Sensor_Móvil,Tráfico_Vehicular,83.1,Alto,85,953,23.8,0.97,Despejado,0.77,Mercado informal,Mañana,1,1,0.922,3.4916,1,6,2
COL-0354,Bogotá,2024-06-24,2,4.7141,-74.1164,Comercial,Sensor_Fijo,Tráfico_Vehicular,52.9,Bajo,32,390,47.0,0.33,Nublado,0.93,Semáforo averiado,Madrugada,0,0,0.326,1.1255,0,6,2
COL-0225,Bogotá,2024-06-26,1,4.7141,-74.0465,Comercial,Sensor_Fijo,Tráfico_Vehicular,52.9,Bajo,22,326,58.7,0.29,Lluvioso,0.85,Mercado informal,Madrugada,0,0,0.262,0.9012,0,6,2
COL-0773,Bogotá,2024-07-02,20,4.6887,-74.0884,Comercial,Sensor_Ciudadano,Tráfico_Vehicular,68.7,Moderado,60,536,37.2,0.85,Nublado,0.93,Moto dañada transitando,Noche,0,1,0.75,1.8468,1,7,3
COL-0500,Bogotá,2024-07-08,4,4.7404,-74.025,Comercial,Sensor_Móvil,Eventos,53.5,Bajo,20,193,40.6,0.35,Despejado,0.88,Moto dañada transitando,Madrugada,0,0,0.29,1.3177,0,7,3
COL-0120,Bogotá,2024-07-17,21,4.7121,-74.0671,Mixta,Sensor_Fijo,Comercio,70.6,Alto,55,723,43.3,0.7,Nublado,0.88,Alta afluencia peatonal,Noche,0,1,0.64,1.6305,1,7,3
COL-0208,Bogotá,2024-07-18,2,4.6822,-74.1166,Educativa,Sensor_Móvil,Tráfico_Vehicular,40.7,Bajo,13,115,53.2,0.27,Despejado,0.77,Medición estándar,Madrugada,0,0,0.214,0.765,0,7,3
COL-0590,Bogotá,2024-07-25,4,4.7556,-74.097,Mixta,Sensor_Fijo,Tráfico_Vehicular,48.1,Bajo,28,377,48.8,0.41,Despejado,0.8,Moto dañada transitando,Madrugada,0,0,0.358,0.9857,0,7,3
COL-0279,Bogotá,2024-07-30,14,4.6969,-74.0311,Hospitalaria,Sensor_Móvil,Industrial,58.7,Crítico,31,343,48.2,0.41,Despejado,0.73,Alta afluencia peatonal,Tarde,0,1,0.37,1.2178,1,7,3
COL-0511,Bogotá,2024-08-03,14,4.7461,-74.0886,Comercial,Sensor_Móvil,Comercio,75.7,Alto,64,536,38.0,0.77,Despejado,0.7,Semáforo averiado,Tarde,0,1,0.718,1.9921,1,8,3
COL-0934,Bogotá,2024-08-13,13,4.7602,-74.0907,Industrial,Sensor_Móvil,Tráfico_Vehicular,79.8,Moderado,40,407,50.7,0.65,Despejado,0.75,Moto dañada transitando,Tarde,0,1,0.55,1.574,1,8,3
COL-0567,Bogotá,2024-08-18,12,4.6906,-74.0904,Residencial,Sensor_Fijo,Transporte_Público,50.6,Moderado,27,249,48.2,0.3,Nublado,0.97,Alta afluencia peatonal,Tarde,0,0,0.288,1.0498,1,8,3
COL-0505,Bogotá,2024-08-18,15,4.7078,-74.1028,Residencial,Sensor_Ciudadano,Transporte_Público,51.1,Moderado,40,445,40.2,0.44,Nublado,0.89,Moto dañada transitando,Tarde,0,0,0.424,1.2711,1,8,3
COL-0624,Bogotá,2024-08-20,17,4.6695,-74.118,Residencial,Sensor_Fijo,Tráfico_Vehicular,53.1,Moderado,54,809,39.2,0.69,Nublado,0.74,Semáforo averiado,Tarde,1,0,0.63,1.3546,1,8,3
COL-0132,Bogotá,2024-08-29,9,4.7059,-74.0523,Comercial,Sensor_Fijo,Industrial,85.8,Crítico,84,744,26.4,1.0,Despejado,0.74,Moto dañada transitando,Mañana,1,1,0.936,3.25,1,8,3
COL-0387,Bogotá,2024-09-01,1,4.76,-74.117,Comercial,Sensor_Fijo,Comercio,54.8,Bajo,20,230,48.6,0.39,Despejado,0.92,Semáforo averiado,Madrugada,0,0,0.314,1.1276,0,9,3
COL-0905,Bogotá,2024-09-16,11,4.6835,-74.1086,Hospitalaria,Sensor_Fijo,Tráfico_Vehicular,50.1,Crítico,41,337,39.3,0.55,Nublado,0.99,Evento especial cercano,Mañana,0,0,0.494,1.2748,1,9,3
COL-0467,Bogotá,2024-09-22,18,4.6759,-74.035,Industrial,Sensor_Móvil,Tráfico_Vehicular,87.5,Alto,76,611,28.8,1.0,Nublado,0.95,Obra en construcción,Noche,1,1,0.904,3.0382,1,9,3
COL-0337,Bogotá,2024-10-08,1,4.6652,-74.092,Residencial,Sensor_Fijo,Tráfico_Vehicular,35.2,Bajo,1,11,60.6,0.0,Nublado,0.72,Moto dañada transitando,Madrugada,0,0,0.004,0.5809,0,10,4
COL-0971,Bogotá,2024-10-10,0,4.7195,-74.0962,Comercial,Sensor_Fijo,Comercio,58.0,Bajo,30,361,53.2,0.42,Nublado,0.92,Moto dañada transitando,Madrugada,0,0,0.372,1.0902,0,10,4
COL-0688,Bogotá,2024-10-15,12,4.734,-74.1163,Mixta,Sensor_Móvil,Tráfico_Vehicular,65.6,Alto,50,714,42.0,0.53,Nublado,0.84,Operación normal,Tarde,0,0,0.518,1.5619,1,10,4
COL-0593,Bogotá,2024-10-20,17,4.6882,-74.0661,Educativa,Sensor_Fijo,Construcción,77.5,Crítico,71,815,37.0,0.99,Nublado,0.82,Medición estándar,Tarde,1,1,0.878,2.0946,1,10,4
COL-0270,Bogotá,2024-10-21,5,4.6958,-74.0265,Residencial,Sensor_Fijo,Transporte_Público,45.0,Bajo,4,46,62.0,0.16,Despejado,0.94,Evento especial cercano,Madrugada,0,0,0.112,0.7258,0,10,4
COL-0873,Bogotá,2024-10-26,12,4.6687,-74.0532,Residencial,Sensor_Fijo,Transporte_Público,55.2,Alto,36,487,51.4,0.45,Nublado,0.84,Operación normal,Tarde,0,0,0.414,1.0739,1,10,4
COL-0067,Bogotá,2024-10-28,7,4.6829,-74.0469,Residencial,Sensor_Móvil,Transporte_Público,53.4,Moderado,62,876,31.1,0.92,Nublado,0.74,Moto dañada transitando,Mañana,1,0,0.8,1.717,1,10,4
COL-0395,Bogotá,2024-10-30,13,4.7233,-74.0258,Comercial,Sensor_Móvil,Tráfico_Vehicular,74.3,Alto,50,518,33.6,0.61,Lluvioso,0.91,Alta afluencia peatonal,Tarde,0,1,0.566,2.2113,1,10,4
COL-0105,Bogotá,2024-11-01,17,4.7078,-74.0361,Mixta,Sensor_Ciudadano,Tráfico_Vehicular,75.5,Crítico,86,767,28.9,1.0,Lluvioso,0.7,Evento especial cercano,Tarde,1,1,0.944,2.6125,1,11,4
COL-0620,Bogotá,2024-11-05,11,4.7461,-74.0464,Residencial,Sensor_Móvil,Tráfico_Vehicular,43.3,Bajo,22,231,51.8,0.23,Despejado,0.95,Moto dañada transitando,Mañana,0,0,0.226,0.8359,1,11,4
COL-0160,Bogotá,2024-11-05,14,4.7278,-74.0712,Comercial,Sensor_Móvil,Transporte_Público,69.3,Moderado,62,619,33.5,0.68,Nublado,0.73,Alta afluencia peatonal,Tarde,0,0,0.656,2.0687,1,11,4
COL-0319,Bogotá,2024-11-10,22,4.6965,-74.1074,Residencial,Sensor_Móvil,Transporte_Público,47.3,Moderado,0,0,56.0,0.0,Despejado,0.73,Operación normal,Noche,0,0,0.0,0.8446,0,11,4
COL-0598,Bogotá,2024-11-21,9,4.6626,-74.0843,Residencial,Sensor_Fijo,Tráfico_Vehicular,58.2,Alto,62,772,39.0,0.71,Ventoso,0.77,Alta afluencia peatonal,Mañana,1,0,0.674,1.4923,1,11,4
COL-0664,Bogotá,2024-11-21,23,4.6806,-74.0237,Comercial,Sensor_Fijo,Construcción,61.4,Moderado,28,281,47.3,0.35,Nublado,0.85,Evento especial cercano,Noche,0,1,0.322,1.2981,0,11,4
COL-0529,Bogotá,2024-11-22,17,4.6736,-74.0745,Comercial,Sensor_Ciudadano,Transporte_Público,78.2,Crítico,94,874,30.9,1.0,Despejado,0.95,Festival o concierto,Tarde,1,1,0.976,2.5307,1,11,4
COL-0838,Bogotá,2024-11-25,7,4.7093,-74.0426,Comercial,Sensor_Móvil,Eventos,75.3,Alto,92,992,26.6,1.0,Nublado,0.71,Evento especial cercano,Mañana,1,1,0.968,2.8308,1,11,4
COL-0859,Bogotá,2024-11-28,11,4.6907,-74.1128,Mixta,Sensor_Fijo,Tráfico_Vehicular,64.3,Moderado,51,474,40.9,0.61,Despejado,0.79,Evento especial cercano,Mañana,0,0,0.57,1.5721,1,11,4
COL-0306,Bogotá,2024-12-09,9,4.7018,-74.1177,Comercial,Sensor_Fijo,Transporte_Público,72.7,Alto,84,1083,29.8,1.0,Despejado,0.91,Festival o concierto,Mañana,1,1,0.936,2.4396,1,12,4
COL-0057,Bogotá,2024-12-13,23,4.71,-74.0793,Residencial,Sensor_Ciudadano,Comercio,38.0,Bajo,0,0,63.9,0.0,Ventoso,0.73,Evento especial cercano,Noche,0,0,0.0,0.5947,0,12,4
COL-0454,Bogotá,2024-12-14,12,4.6821,-74.0646,Residencial,Sensor_Fijo,Industrial,59.6,Alto,34,431,42.8,0.41,Lluvioso,0.75,Mercado informal,Tarde,0,0,0.382,1.3925,1,12,4
COL-0204,Bogotá,2024-12-22,10,4.7427,-74.1109,Residencial,Sensor_Fijo,Mixta,43.9,Bajo,39,510,39.2,0.62,Despejado,0.81,Operación normal,Mañana,0,0,0.528,1.1199,1,12,4
COL-0502,Bogotá,2024-12-29,12,4.7188,-74.0297,Comercial,Sensor_Móvil,Tráfico_Vehicular,64.6,Moderado,60,698,34.0,0.86,Nublado,0.71,Mercado informal,Tarde,0,0,0.756,1.9,1,12,4
COL-0977,Bogotá,2025-01-04,16,4.7161,-74.1114,Hospitalaria,Sensor_Fijo,Tráfico_Vehicular,46.8,Alto,43,374,50.2,0.67,Despejado,0.78,Evento especial cercano,Tarde,0,0,0.574,0.9323,1,1,1
COL-0795,Bogotá,2025-01-15,4,4.705,-74.1133,Mixta,Sensor_Fijo,Transporte_Público,53.7,Bajo,21,209,51.7,0.35,Despejado,0.96,Moto dañada transitando,Madrugada,0,0,0.294,1.0387,0,1,1
COL-0004,Bogotá,2025-01-20,3,4.7419,-74.0702,Residencial,Sensor_Ciudadano,Eventos,34.7,Bajo,0,0,57.4,0.0,Despejado,0.83,Festival o concierto,Madrugada,0,0,0.0,0.6045,0,1,1
COL-0865,Bogotá,2025-02-02,19,4.6856,-74.0262,Residencial,Sensor_Móvil,Construcción,61.3,Crítico,59,507,31.4,0.8,Despejado,0.95,Mercado informal,Noche,1,1,0.716,1.9522,1,2,1
COL-0818,Bogotá,2025-02-03,17,4.7215,-74.0814,Residencial,Sensor_Móvil,Tráfico_Vehicular,55.5,Alto,61,651,37.8,0.68,Despejado,0.82,Semáforo averiado,Tarde,1,0,0.652,1.4683,1,2,1
COL-0621,Bogotá,2025-02-08,5,4.7568,-74.0746,Comercial,Sensor_Móvil,Transporte_Público,59.1,Bajo,29,299,49.3,0.48,Despejado,0.96,Festival o concierto,Madrugada,0,0,0.404,1.1988,0,2,1
COL-0027,Bogotá,2025-02-09,4,4.7068,-74.0989,Comercial,Sensor_Móvil,Tráfico_Vehicular,49.5,Bajo,22,249,55.3,0.18,Lluvioso,0.75,Evento especial cercano,Madrugada,0,0,0.196,0.8951,0,2,1
COL-0930,Bogotá,2025-02-24,8,4.6769,-74.0362,Industrial,Sensor_Fijo,Comercio,88.3,Crítico,76,1004,28.1,1.0,Nublado,0.93,Evento especial cercano,Mañana,1,1,0.904,3.1423,1,2,1
COL-0990,Bogotá,2025-02-24,16,4.7523,-74.1139,Residencial,Sensor_Móvil,Comercio,50.3,Moderado,39,572,45.5,0.57,Despejado,0.8,Obra en construcción,Tarde,0,0,0.498,1.1055,1,2,1
COL-0343,Bogotá,2025-03-02,4,4.7112,-74.1016,Residencial,Sensor_Fijo,Construcción,39.2,Bajo,0,0,49.0,0.0,Despejado,0.76,Moto dañada transitando,Madrugada,0,0,0.0,0.8,0,3,1
COL-0024,Bogotá,2025-03-02,15,4.7432,-74.0933,Comercial,Sensor_Móvil,Transporte_Público,74.3,Alto,51,583,41.1,0.66,Despejado,0.97,Obra en construcción,Tarde,0,1,0.6,1.8078,1,3,1
COL-0509,Bogotá,2025-03-14,22,4.694,-74.073,Mixta,Sensor_Fijo,Tráfico_Vehicular,67.8,Alto,28,377,45.5,0.42,Nublado,0.74,Semáforo averiado,Noche,0,1,0.364,1.4901,0,3,1
COL-0284,Bogotá,2025-03-20,23,4.6973,-74.0931,Comercial,Sensor_Fijo,Tráfico_Vehicular,49.9,Bajo,24,312,56.1,0.22,Nublado,0.93,Moto dañada transitando,Noche,0,0,0.228,0.8895,0,3,1
COL-0599,Bogotá,2025-03-23,4,4.7339,-74.0617,Educativa,Sensor_Móvil,Transporte_Público,50.3,Moderado,14,132,49.1,0.1,Despejado,0.83,Semáforo averiado,Madrugada,0,0,0.116,1.0244,0,3,1
COL-0282,Bogotá,2025-03-25,9,4.7087,-74.1021,Residencial,Sensor_Fijo,Comercio,50.8,Moderado,65,675,32.0,0.92,Despejado,0.75,Mercado informal,Mañana,1,0,0.812,1.5875,1,3,1
COL-0159,Bogotá,2025-03-29,11,4.7571,-74.0714,Comercial,Sensor_Fijo,Comercio,73.6,Alto,56,511,44.4,0.78,Despejado,0.79,Festival o concierto,Mañana,0,1,0.692,1.6577,1,3,1
COL-0877,Bogotá,2025-04-04,10,4.7021,-74.1171,Comercial,Sensor_Fijo,Eventos,70.9,Alto,69,759,31.5,0.79,Nublado,0.81,Medición estándar,Mañana,0,1,0.75,2.2508,1,4,2
COL-0638,Bogotá,2025-04-06,20,4.7606,-74.0403,Residencial,Sensor_Fijo,Construcción,60.4,Alto,33,312,52.6,0.34,Lluvioso,0.91,Alta afluencia peatonal,Noche,0,1,0.336,1.1483,1,4,2
COL-0966,Bogotá,2025-04-09,20,4.6616,-74.0728,Residencial,Sensor_Fijo,Transporte_Público,47.6,Moderado,37,397,42.7,0.4,Nublado,0.99,Alta afluencia peatonal,Noche,0,0,0.388,1.1148,1,4,2
COL-0143,Bogotá,2025-04-16,23,4.7361,-74.0949,Hospitalaria,Sensor_Ciudadano,Industrial,51.4,Crítico,7,75,66.6,0.06,Lluvioso,0.77,Moto dañada transitando,Noche,0,1,0.064,0.7718,0,4,2
COL-0358,Bogotá,2025-04-26,14,4.7434,-74.1139,Residencial,Sensor_Fijo,Eventos,49.9,Moderado,23,243,50.7,0.21,Despejado,0.76,Medición estándar,Tarde,0,0,0.218,0.9842,1,4,2
COL-0972,Bogotá,2025-05-08,3,4.7551,-74.0756,Mixta,Sensor_Fijo,Mixta,59.1,Moderado,16,205,51.1,0.2,Nublado,0.7,Medición estándar,Madrugada,0,1,0.184,1.1566,0,5,2
COL-0101,Bogotá,2025-05-08,22,4.6901,-74.0468,Residencial,Sensor_Móvil,Tráfico_Vehicular,46.2,Bajo,0,0,60.7,0.0,Despejado,0.8,Medición estándar,Noche,0,0,0.0,0.7611,0,5,2
COL-0414,Bogotá,2025-05-09,23,4.7445,-74.1169,Residencial,Sensor_Fijo,Transporte_Público,36.9,Bajo,0,0,61.5,0.06,Lluvioso,0.77,Obra en construcción,Noche,0,0,0.036,0.6,0,5,2
COL-0250,Bogotá,2025-05-12,22,4.7074,-74.0315,Residencial,Sensor_Ciudadano,Tráfico_Vehicular,49.6,Moderado,0,0,59.7,0.0,Lluvioso,0.83,Obra en construcción,Noche,0,0,0.0,0.8308,0,5,2
COL-0155,Bogotá,2025-05-14,1,4.7385,-74.0876,Comercial,Sensor_Fijo,Eventos,61.3,Moderado,34,449,42.7,0.46,Lluvioso,0.79,Obra en construcción,Madrugada,0,1,0.412,1.4356,0,5,2
COL-0428,Bogotá,2025-05-19,14,4.7397,-74.1004,Residencial,Sensor_Ciudadano,Mixta,60.3,Alto,34,500,50.0,0.52,Despejado,0.71,Medición estándar,Tarde,0,0,0.448,1.206,1,5,2
COL-0519,Bogotá,2025-05-23,12,4.7428,-74.0782,Residencial,Sensor_Fijo,Tráfico_Vehicular,46.8,Moderado,34,461,36.6,0.43,Despejado,0.84,Moto dañada transitando,Tarde,0,0,0.394,1.2787,1,5,2
COL-0386,Bogotá,2025-05-24,15,4.6876,-74.0339,Residencial,Sensor_Fijo,Eventos,52.6,Moderado,36,335,42.2,0.58,Nublado,0.83,Evento especial cercano,Tarde,0,0,0.492,1.2464,1,5,2
COL-0745,Bogotá,2025-05-24,18,4.6819,-74.1041,Mixta,Sensor_Móvil,Tráfico_Vehicular,66.6,Alto,87,1094,21.1,1.0,Despejado,0.9,Moto dañada transitando,Noche,1,1,0.948,3.1564,1,5,2
COL-0882,Bogotá,2025-05-24,19,4.6787,-74.0899,Comercial,Sensor_Fijo,Tráfico_Vehicular,78.4,Crítico,81,1200,30.4,0.92,Despejado,0.88,Operación normal,Noche,1,1,0.876,2.5789,1,5,2
COL-0229,Bogotá,2025-05-28,19,4.7206,-74.0362,Industrial,Sensor_Fijo,Tráfico_Vehicular,97.5,Crítico,85,817,32.7,1.0,Lluvioso,0.81,Evento especial cercano,Noche,1,1,0.94,2.9817,1,5,2
COL-0089,Bogotá,2025-05-30,13,4.6611,-74.0888,Residencial,Sensor_Móvil,Industrial,58.1,Alto,28,270,49.9,0.26,Ventoso,0.75,Evento especial cercano,Tarde,0,0,0.268,1.1643,1,5,2
COL-0498,Bogotá,2025-06-04,13,4.7598,-74.084,Comercial,Sensor_Fijo,Industrial,76.2,Alto,70,1018,31.8,0.86,Ventoso,0.92,Evento especial cercano,Tarde,0,1,0.796,2.3962,1,6,2
COL-0177,Bogotá,2025-06-10,7,4.76,-74.0707,Comercial,Sensor_Móvil,Construcción,83.9,Crítico,93,795,11.3,1.0,Nublado,0.97,Evento especial cercano,Mañana,1,1,0.972,7.4248,1,6,2
COL-0717,Bogotá,2025-06-13,3,4.6772,-74.0357,Industrial,Sensor_Fijo,Construcción,74.9,Moderado,22,258,53.2,0.25,Lluvioso,0.98,Obra en construcción,Madrugada,0,1,0.238,1.4079,0,6,2
COL-0220,Bogotá,2025-06-19,12,4.6952,-74.0442,Industrial,Sensor_Fijo,Industrial,89.6,Crítico,55,447,42.1,0.79,Despejado,0.89,Evento especial cercano,Tarde,0,1,0.694,2.1283,1,6,2
COL-0176,Bogotá,2025-06-27,18,4.7233,-74.0468,Residencial,Sensor_Fijo,Tráfico_Vehicular,57.1,Alto,52,521,42.1,0.6,Lluvioso,1.0,Semáforo averiado,Noche,1,1,0.568,1.3563,1,6,2
COL-0881,Bogotá,2025-07-02,20,4.6945,-74.0729,Mixta,Sensor_Fijo,Tráfico_Vehicular,57.8,Moderado,57,606,40.6,0.79,Ventoso,0.93,Semáforo averiado,Noche,0,0,0.702,1.4236,1,7,3
COL-0348,Bogotá,2025-07-08,3,4.7544,-74.0336,Comercial,Sensor_Fijo,Eventos,60.6,Moderado,31,458,46.6,0.34,Nublado,0.7,Evento especial cercano,Madrugada,0,1,0.328,1.3004,0,7,3
COL-0636,Bogotá,2025-07-10,13,4.7142,-74.1186,Mixta,Sensor_Fijo,Transporte_Público,66.3,Alto,47,479,38.9,0.74,Nublado,0.99,Medición estándar,Tarde,0,0,0.632,1.7044,1,7,3
COL-0416,Bogotá,2025-07-16,0,4.6745,-74.0546,Residencial,Sensor_Fijo,Construcción,46.4,Bajo,3,34,66.0,0.12,Despejado,0.96,Festival o concierto,Madrugada,0,0,0.084,0.703,0,7,3
COL-0651,Bogotá,2025-07-17,21,4.7303,-74.0282,Residencial,Sensor_Móvil,Mixta,42.0,Bajo,39,561,48.2,0.44,Despejado,0.92,Semáforo averiado,Noche,0,0,0.42,0.8714,1,7,3
COL-0095,Bogotá,2025-07-20,16,4.7068,-74.0418,Residencial,Sensor_Ciudadano,Eventos,58.1,Alto,32,409,49.2,0.47,Nublado,0.74,Semáforo averiado,Tarde,0,0,0.41,1.1809,1,7,3
COL-0802,Bogotá,2025-07-30,10,4.6826,-74.1214,Residencial,Sensor_Fijo,Tráfico_Vehicular,55.9,Alto,33,439,50.4,0.34,Lluvioso,0.9,Semáforo averiado,Mañana,0,0,0.336,1.1091,1,7,3
COL-0720,Bogotá,2025-08-02,7,4.7062,-74.067,Comercial,Sensor_Móvil,Eventos,79.1,Crítico,84,931,30.0,0.99,Despejado,0.78,Moto dañada transitando,Mañana,1,1,0.93,2.6367,1,8,3
COL-0017,Bogotá,2025-08-02,16,4.6754,-74.0761,Hospitalaria,Sensor_Móvil,Transporte_Público,49.2,Alto,35,360,51.3,0.41,Nublado,0.86,Festival o concierto,Tarde,0,0,0.386,0.9591,1,8,3
COL-0874,Bogotá,2025-08-05,10,4.6614,-74.0947,Comercial,Sensor_Móvil,Transporte_Público,74.2,Alto,62,757,33.9,0.74,Lluvioso,0.91,Moto dañada transitando,Mañana,0,1,0.692,2.1888,1,8,3
COL-0344,Bogotá,2025-08-09,5,4.7341,-74.0751,Industrial,Sensor_Fijo,Mixta,72.6,Moderado,10,131,60.9,0.08,Lluvioso,0.98,Festival o concierto,Madrugada,0,1,0.088,1.1921,0,8,3
COL-0396,Bogotá,2025-08-16,11,4.6833,-74.0775,Mixta,Sensor_Ciudadano,Tráfico_Vehicular,68.0,Alto,50,545,46.2,0.59,Lluvioso,0.74,Mercado informal,Mañana,0,0,0.554,1.4719,1,8,3
COL-0417,Bogotá,2025-08-18,0,4.6841,-74.077,Hospitalaria,Sensor_Móvil,Eventos,39.0,Moderado,0,0,64.8,0.0,Lluvioso,0.94,Moto dañada transitando,Madrugada,0,0,0.0,0.6019,0,8,3
COL-0759,Bogotá,2025-08-23,23,4.6753,-74.0752,Residencial,Sensor_Fijo,Tráfico_Vehicular,30.8,Bajo,5,61,62.1,0.0,Nublado,0.97,Moto dañada transitando,Noche,0,0,0.02,0.496,0,8,3
COL-0557,Bogotá,2025-08-24,7,4.6942,-74.1175,Residencial,Sensor_Fijo,Comercio,64.5,Crítico,50,526,47.7,0.57,Nublado,0.75,Mercado informal,Mañana,1,0,0.542,1.3522,1,8,3
COL-0112,Bogotá,2025-08-26,5,4.761,-74.1051,Mixta,Sensor_Fijo,Tráfico_Vehicular,54.2,Bajo,22,193,47.6,0.38,Despejado,0.92,Festival o concierto,Madrugada,0,0,0.316,1.1387,0,8,3
COL-0437,Bogotá,2025-09-05,13,4.6881,-74.0968,Mixta,Sensor_Fijo,Transporte_Público,63.6,Moderado,54,465,40.0,0.72,Nublado,0.86,Medición estándar,Tarde,0,0,0.648,1.59,1,9,3
COL-0163,Bogotá,2025-09-06,23,4.7221,-74.097,Comercial,Sensor_Fijo,Transporte_Público,63.0,Moderado,22,289,51.6,0.27,Ventoso,0.98,Festival o concierto,Noche,0,1,0.25,1.2209,0,9,3
COL-0635,Bogotá,2025-09-07,0,4.7054,-74.1199,Comercial,Sensor_Móvil,Transporte_Público,56.6,Bajo,21,218,50.8,0.36,Nublado,0.71,Mercado informal,Madrugada,0,0,0.3,1.1142,0,9,3
COL-0071,Bogotá,2025-09-11,15,4.7537,-74.0264,Hospitalaria,Sensor_Ciudadano,Eventos,46.7,Alto,39,366,46.8,0.62,Despejado,0.81,Operación normal,Tarde,0,0,0.528,0.9979,1,9,3
COL-0043,Bogotá,2025-09-15,17,4.7093,-74.0285,Residencial,Sensor_Móvil,Tráfico_Vehicular,56.2,Alto,55,792,39.5,0.62,Despejado,0.7,Mercado informal,Tarde,1,0,0.592,1.4228,1,9,3
COL-0704,Bogotá,2025-09-15,17,4.7006,-74.0799,Industrial,Sensor_Fijo,Tráfico_Vehicular,85.6,Alto,70,595,33.4,0.97,Nublado,0.88,Mercado informal,Tarde,1,1,0.862,2.5629,1,9,3
COL-0014,Bogotá,2025-09-19,19,4.6747,-74.12,Comercial,Sensor_Fijo,Tráfico_Vehicular,91.1,Crítico,88,1009,30.8,1.0,Lluvioso,0.86,Mercado informal,Noche,1,1,0.952,2.9578,1,9,3
COL-0433,Bogotá,2025-09-21,23,4.7584,-74.0745,Hospitalaria,Sensor_Móvil,Tráfico_Vehicular,40.7,Moderado,0,0,67.0,0.0,Lluvioso,0.94,Alta afluencia peatonal,Noche,0,0,0.0,0.6075,0,9,3
COL-0127,Bogotá,2025-09-24,7,4.7161,-74.039,Residencial,Sensor_Móvil,Transporte_Público,58.0,Alto,64,707,31.9,0.72,Despejado,0.99,Mercado informal,Mañana,1,0,0.688,1.8182,1,9,3
COL-0245,Bogotá,2025-09-28,5,4.6621,-74.0664,Residencial,Sensor_Fijo,Comercio,36.9,Bajo,0,0,57.3,0.04,Nublado,0.79,Obra en construcción,Madrugada,0,0,0.024,0.644,0,9,3
COL-0272,Bogotá,2025-09-30,15,4.6663,-74.036,Mixta,Sensor_Móvil,Comercio,62.0,Moderado,51,733,42.2,0.77,Nublado,0.8,Festival o concierto,Tarde,0,0,0.666,1.4692,1,9,3
COL-0423,Bogotá,2025-10-21,13,4.7184,-74.0674,Industrial,Sensor_Móvil,Tráfico_Vehicular,78.4,Moderado,60,690,29.4,0.71,Despejado,0.91,Medición estándar,Tarde,0,1,0.666,2.6667,1,10,4
COL-0728,Bogotá,2025-10-23,21,4.7052,-74.0707,Mixta,Sensor_Fijo,Transporte_Público,65.3,Alto,57,762,37.6,0.63,Lluvioso,0.82,Moto dañada transitando,Noche,0,1,0.606,1.7367,1,10,4
COL-0342,Bogotá,2025-10-26,17,4.6841,-74.0396,Residencial,Sensor_Móvil,Mixta,50.2,Moderado,65,809,32.0,0.96,Despejado,0.73,Semáforo averiado,Tarde,1,0,0.836,1.5688,1,10,4
COL-0788,Bogotá,2025-10-28,19,4.7561,-74.0641,Mixta,Sensor_Fijo,Tráfico_Vehicular,78.4,Crítico,79,1150,25.3,1.0,Lluvioso,0.9,Festival o concierto,Noche,1,1,0.916,3.0988,1,10,4
COL-0002,Bogotá,2025-11-05,21,4.6673,-74.1132,Residencial,Sensor_Ciudadano,Tráfico_Vehicular,43.6,Bajo,25,312,51.6,0.25,Nublado,0.85,Obra en construcción,Noche,0,0,0.25,0.845,1,11,4
COL-0184,Bogotá,2025-11-21,7,4.7445,-74.1165,Comercial,Sensor_Móvil,Construcción,85.9,Crítico,93,1012,27.4,1.0,Nublado,0.91,Semáforo averiado,Mañana,1,1,0.972,3.135,1,11,4
COL-0801,Bogotá,2025-12-05,12,4.6993,-74.031,Mixta,Sensor_Fijo,Construcción,69.0,Alto,58,669,39.8,0.71,Despejado,0.81,Festival o concierto,Tarde,0,1,0.658,1.7337,1,12,4
COL-0189,Bogotá,2025-12-10,22,4.6672,-74.0305,Residencial,Sensor_Móvil,Industrial,52.4,Moderado,0,0,62.8,0.0,Despejado,0.95,Festival o concierto,Noche,0,0,0.0,0.8344,0,12,4
COL-0772,Bogotá,2025-12-12,0,4.7393,-74.0326,Educativa,Sensor_Fijo,Transporte_Público,49.0,Moderado,1,13,52.8,0.16,Lluvioso,0.99,Moto dañada transitando,Madrugada,0,0,0.1,0.928,0,12,4
COL-0528,Bogotá,2025-12-27,2,4.6713,-74.1183,Comercial,Sensor_Fijo,Tráfico_Vehicular,57.1,Bajo,20,261,44.5,0.36,Nublado,0.74,Operación normal,Madrugada,0,0,0.296,1.2831,0,12,4
COL-0785,Bogotá,2025-12-31,21,4.7282,-74.0815,Comercial,Sensor_Fijo,Tráfico_Vehicular,67.7,Moderado,50,422,50.4,0.56,Lluvioso,0.84,Medición estándar,Noche,0,1,0.536,1.3433,1,12,4
COL-0261,Bucaramanga,2022-01-16,20,7.0863,-73.1598,Comercial,Sensor_Ciudadano,Tráfico_Vehicular,65.9,Moderado,65,637,42.8,0.85,Lluvioso,0.92,Mercado informal,Noche,0,1,0.77,1.5397,1,1,1
COL-0596,Bucaramanga,2022-02-03,23,7.1324,-73.1704,Residencial,Sensor_Móvil,Tráfico_Vehicular,40.3,Bajo,0,0,57.9,0.13,Nublado,0.94,Obra en construcción,Noche,0,0,0.078,0.696,0,2,1
COL-0380,Bucaramanga,2022-03-26,11,7.1036,-73.1348,Hospitalaria,Sensor_Móvil,Construcción,62.7,Crítico,45,387,46.4,0.57,Nublado,0.78,Alta afluencia peatonal,Mañana,0,1,0.522,1.3513,1,3,1
COL-0585,Bucaramanga,2022-04-08,13,7.1388,-73.1664,Residencial,Sensor_Fijo,Construcción,56.4,Alto,37,372,41.2,0.4,Ventoso,0.78,Festival o concierto,Tarde,0,0,0.388,1.3689,1,4,2
COL-0968,Bucaramanga,2022-04-10,10,7.0976,-73.1538,Mixta,Sensor_Fijo,Industrial,71.8,Crítico,63,885,38.0,0.85,Lluvioso,0.82,Moto dañada transitando,Mañana,0,1,0.762,1.8895,1,4,2
COL-0007,Bucaramanga,2022-05-05,12,7.1555,-73.132,Comercial,Sensor_Ciudadano,Transporte_Público,70.4,Alto,59,830,29.3,0.75,Lluvioso,0.72,Operación normal,Tarde,0,1,0.686,2.4027,1,5,2
COL-0591,Bucaramanga,2022-05-09,0,7.0986,-73.1377,Hospitalaria,Sensor_Fijo,Industrial,48.3,Alto,8,73,62.5,0.19,Lluvioso,0.83,Medición estándar,Madrugada,0,1,0.146,0.7728,0,5,2
COL-0793,Bucaramanga,2022-05-13,2,7.097,-73.1461,Mixta,Sensor_Fijo,Tráfico_Vehicular,60.1,Moderado,24,233,43.6,0.22,Nublado,0.96,Obra en construcción,Madrugada,0,1,0.228,1.3784,0,5,2
COL-0419,Bucaramanga,2022-05-15,14,7.1616,-73.1363,Residencial,Sensor_Fijo,Eventos,52.8,Moderado,38,483,51.7,0.58,Lluvioso,0.91,Medición estándar,Tarde,0,0,0.5,1.0213,1,5,2
COL-0133,Bucaramanga,2022-05-18,9,7.0927,-73.1357,Residencial,Sensor_Fijo,Transporte_Público,58.3,Alto,52,490,35.1,0.74,Nublado,0.7,Operación normal,Mañana,1,0,0.652,1.661,1,5,2
COL-0830,Bucaramanga,2022-06-01,12,7.1132,-73.1349,Industrial,Sensor_Ciudadano,Transporte_Público,86.8,Alto,41,592,35.0,0.58,Despejado,0.76,Semáforo averiado,Tarde,0,1,0.512,2.48,1,6,2
COL-0861,Bucaramanga,2022-06-11,7,7.086,-73.1326,Educativa,Sensor_Fijo,Construcción,73.1,Crítico,66,647,29.8,0.77,Lluvioso,0.96,Evento especial cercano,Mañana,1,1,0.726,2.453,1,6,2
COL-0203,Bucaramanga,2022-07-07,9,7.1594,-73.1001,Educativa,Sensor_Móvil,Industrial,77.1,Crítico,72,1013,38.4,0.92,Lluvioso,0.83,Festival o concierto,Mañana,1,1,0.84,2.0078,1,7,3
COL-0065,Bucaramanga,2022-08-12,18,7.0875,-73.0811,Residencial,Sensor_Fijo,Comercio,60.9,Crítico,59,554,38.5,0.8,Despejado,0.76,Operación normal,Noche,1,1,0.716,1.5818,1,8,3
COL-0831,Bucaramanga,2022-09-14,0,7.0853,-73.0948,Residencial,Sensor_Móvil,Transporte_Público,37.3,Bajo,0,0,56.0,0.08,Despejado,0.8,Alta afluencia peatonal,Madrugada,0,0,0.048,0.6661,0,9,3
COL-0845,Bucaramanga,2022-09-22,4,7.1264,-73.1459,Industrial,Sensor_Ciudadano,Transporte_Público,70.6,Moderado,12,159,58.1,0.19,Nublado,0.81,Mercado informal,Madrugada,0,1,0.162,1.2151,0,9,3
COL-0265,Bucaramanga,2022-09-22,10,7.1509,-73.0811,Industrial,Sensor_Fijo,Transporte_Público,79.5,Moderado,44,614,42.1,0.52,Nublado,0.84,Operación normal,Mañana,0,1,0.488,1.8884,1,9,3
COL-0781,Bucaramanga,2022-10-05,13,7.1095,-73.1577,Comercial,Sensor_Móvil,Tráfico_Vehicular,73.0,Alto,57,775,42.9,0.71,Ventoso,0.73,Evento especial cercano,Tarde,0,1,0.654,1.7016,1,10,4
COL-0565,Bucaramanga,2022-10-12,10,7.1238,-73.1149,Comercial,Sensor_Fijo,Transporte_Público,67.0,Moderado,58,755,38.3,0.81,Nublado,0.8,Operación normal,Mañana,0,0,0.718,1.7493,1,10,4
COL-0939,Bucaramanga,2022-10-16,15,7.1108,-73.1391,Residencial,Sensor_Fijo,Construcción,61.6,Crítico,39,473,38.7,0.51,Despejado,0.91,Festival o concierto,Tarde,0,0,0.462,1.5917,1,10,4
COL-0200,Bucaramanga,2022-10-18,15,7.1441,-73.1371,Residencial,Sensor_Móvil,Tráfico_Vehicular,46.4,Bajo,20,160,53.3,0.27,Nublado,0.95,Evento especial cercano,Tarde,0,0,0.242,0.8705,1,10,4
COL-0922,Bucaramanga,2022-10-22,2,7.1239,-73.0765,Mixta,Sensor_Fijo,Industrial,63.7,Moderado,28,350,44.8,0.3,Despejado,0.96,Festival o concierto,Madrugada,0,1,0.292,1.4219,0,10,4
COL-0324,Bucaramanga,2022-10-30,6,7.1302,-73.0912,Industrial,Sensor_Móvil,Transporte_Público,60.4,Bajo,54,544,40.7,0.79,Nublado,0.77,Alta afluencia peatonal,Mañana,0,0,0.69,1.484,1,10,4
COL-0130,Bucaramanga,2022-11-09,9,7.0851,-73.0881,Residencial,Sensor_Ciudadano,Transporte_Público,54.3,Moderado,65,728,40.8,0.73,Nublado,0.95,Moto dañada transitando,Mañana,1,0,0.698,1.3309,1,11,4
COL-0851,Bucaramanga,2022-11-10,2,7.0788,-73.1149,Hospitalaria,Sensor_Fijo,Eventos,39.7,Moderado,0,0,53.2,0.04,Ventoso,0.96,Semáforo averiado,Madrugada,0,0,0.024,0.7462,0,11,4
COL-0485,Bucaramanga,2022-11-12,20,7.1362,-73.0767,Comercial,Sensor_Fijo,Eventos,67.1,Moderado,66,878,41.1,0.74,Despejado,0.89,Semáforo averiado,Noche,0,1,0.708,1.6326,1,11,4
COL-0875,Bucaramanga,2022-12-12,19,7.136,-73.0984,Industrial,Sensor_Fijo,Comercio,89.3,Crítico,78,1132,28.5,0.97,Nublado,0.75,Mercado informal,Noche,1,1,0.894,3.1333,1,12,4
COL-0330,Bucaramanga,2022-12-22,14,7.1366,-73.1571,Hospitalaria,Sensor_Fijo,Tráfico_Vehicular,48.2,Alto,37,430,47.7,0.57,Despejado,0.78,Evento especial cercano,Tarde,0,0,0.49,1.0105,1,12,4
COL-0335,Bucaramanga,2022-12-29,18,7.0847,-73.1523,Residencial,Sensor_Móvil,Comercio,58.0,Alto,63,540,42.7,0.93,Despejado,0.71,Alta afluencia peatonal,Noche,1,1,0.81,1.3583,1,12,4
COL-0187,Bucaramanga,2023-01-05,13,7.1063,-73.15,Residencial,Sensor_Móvil,Tráfico_Vehicular,46.9,Moderado,38,325,43.8,0.45,Despejado,0.92,Operación normal,Tarde,0,0,0.422,1.0708,1,1,1
COL-0844,Bucaramanga,2023-01-08,5,7.0761,-73.1215,Mixta,Sensor_Ciudadano,Transporte_Público,51.8,Bajo,18,217,55.1,0.18,Despejado,0.88,Operación normal,Madrugada,0,0,0.18,0.9401,0,1,1
COL-0311,Bucaramanga,2023-03-30,4,7.1405,-73.0956,Comercial,Sensor_Móvil,Tráfico_Vehicular,54.5,Bajo,25,268,47.2,0.41,Nublado,0.89,Mercado informal,Madrugada,0,0,0.346,1.1547,0,3,1
COL-0165,Bucaramanga,2023-04-05,6,7.1008,-73.1057,Educativa,Sensor_Fijo,Construcción,43.2,Bajo,49,437,40.1,0.63,Nublado,0.72,Obra en construcción,Mañana,0,0,0.574,1.0773,1,4,2
COL-0582,Bucaramanga,2023-05-02,6,7.1405,-73.1438,Educativa,Sensor_Fijo,Tráfico_Vehicular,40.2,Bajo,43,638,52.9,0.54,Despejado,0.72,Semáforo averiado,Mañana,0,0,0.496,0.7599,1,5,2
COL-0982,Bucaramanga,2023-06-26,7,7.0713,-73.1076,Residencial,Sensor_Ciudadano,Transporte_Público,60.8,Crítico,65,601,36.4,0.75,Despejado,0.97,Medición estándar,Mañana,1,0,0.71,1.6703,1,6,2
COL-1000,Bucaramanga,2023-07-27,23,7.1305,-73.0843,Residencial,Sensor_Fijo,Tráfico_Vehicular,35.5,Bajo,2,27,56.3,0.01,Despejado,0.74,Mercado informal,Noche,0,0,0.014,0.6306,0,7,3
COL-0672,Bucaramanga,2023-08-09,13,7.0747,-73.1539,Residencial,Sensor_Móvil,Construcción,69.7,Crítico,26,231,47.2,0.24,Nublado,0.85,Semáforo averiado,Tarde,0,1,0.248,1.4767,1,8,3
COL-0583,Bucaramanga,2023-09-09,11,7.0983,-73.1402,Mixta,Sensor_Fijo,Tráfico_Vehicular,68.5,Alto,52,751,49.5,0.57,Nublado,0.87,Festival o concierto,Mañana,0,1,0.55,1.3838,1,9,3
COL-0073,Bucaramanga,2023-09-10,16,7.1261,-73.1381,Comercial,Sensor_Fijo,Comercio,67.6,Moderado,69,759,24.8,0.98,Despejado,0.82,Moto dañada transitando,Tarde,0,0,0.864,2.7258,1,9,3
COL-0445,Bucaramanga,2023-09-27,1,7.0914,-73.1057,Comercial,Sensor_Móvil,Transporte_Público,54.3,Bajo,21,308,53.0,0.32,Nublado,0.92,Evento especial cercano,Madrugada,0,0,0.276,1.0245,0,9,3
COL-0950,Bucaramanga,2023-10-03,17,7.1045,-73.1058,Residencial,Sensor_Fijo,Tráfico_Vehicular,54.0,Moderado,65,807,30.6,0.82,Nublado,0.82,Festival o concierto,Tarde,1,0,0.752,1.7647,1,10,4
COL-0555,Bucaramanga,2023-10-15,23,7.1169,-73.0886,Mixta,Sensor_Fijo,Industrial,66.9,Alto,18,169,55.7,0.15,Despejado,0.97,Mercado informal,Noche,0,1,0.162,1.2011,0,10,4
COL-0449,Bucaramanga,2023-11-04,22,7.0785,-73.0992,Comercial,Sensor_Fijo,Tráfico_Vehicular,65.8,Moderado,35,500,39.2,0.49,Nublado,0.72,Moto dañada transitando,Noche,0,1,0.434,1.6786,0,11,4
COL-0310,Bucaramanga,2023-11-27,7,7.1252,-73.1579,Comercial,Sensor_Móvil,Tráfico_Vehicular,73.7,Alto,89,764,24.8,1.0,Lluvioso,0.88,Festival o concierto,Mañana,1,1,0.956,2.9718,1,11,4
COL-0321,Bucaramanga,2023-12-17,15,7.1093,-73.0802,Comercial,Sensor_Ciudadano,Tráfico_Vehicular,71.9,Alto,61,598,36.7,0.88,Lluvioso,0.82,Semáforo averiado,Tarde,0,1,0.772,1.9591,1,12,4
COL-0129,Bucaramanga,2024-02-06,17,7.1529,-73.1615,Residencial,Sensor_Fijo,Comercio,54.2,Moderado,61,910,28.6,0.87,Lluvioso,0.88,Alta afluencia peatonal,Tarde,1,0,0.766,1.8951,1,2,1
COL-0100,Bucaramanga,2024-02-20,1,7.073,-73.1058,Residencial,Sensor_Móvil,Tráfico_Vehicular,30.0,Bajo,0,0,53.5,0.05,Nublado,0.81,Alta afluencia peatonal,Madrugada,0,0,0.03,0.5607,0,2,1
COL-0742,Bucaramanga,2024-02-24,2,7.1082,-73.1377,Residencial,Sensor_Fijo,Comercio,34.5,Bajo,0,0,60.1,0.0,Nublado,0.92,Evento especial cercano,Madrugada,0,0,0.0,0.574,0,2,1
COL-0308,Bucaramanga,2024-03-21,19,7.1346,-73.1328,Mixta,Sensor_Fijo,Construcción,89.2,Crítico,89,1146,21.1,1.0,Nublado,0.75,Semáforo averiado,Noche,1,1,0.956,4.2275,1,3,1
COL-0516,Bucaramanga,2024-05-07,17,7.1246,-73.1635,Residencial,Sensor_Fijo,Transporte_Público,62.8,Crítico,63,606,43.8,0.87,Despejado,0.8,Evento especial cercano,Tarde,1,0,0.774,1.4338,1,5,2
COL-0237,Bucaramanga,2024-05-30,15,7.1349,-73.1383,Hospitalaria,Sensor_Ciudadano,Construcción,61.0,Crítico,34,444,45.0,0.45,Lluvioso,0.85,Moto dañada transitando,Tarde,0,1,0.406,1.3556,1,5,2
COL-0846,Bucaramanga,2024-06-05,8,7.1256,-73.1711,Industrial,Sensor_Fijo,Construcción,102.3,Crítico,72,631,31.4,1.0,Nublado,0.98,Alta afluencia peatonal,Mañana,1,1,0.888,3.258,1,6,2
COL-0303,Bucaramanga,2024-06-11,22,7.1222,-73.0764,Comercial,Sensor_Fijo,Tráfico_Vehicular,66.3,Moderado,25,359,48.6,0.3,Despejado,0.76,Alta afluencia peatonal,Noche,0,1,0.28,1.3642,0,6,2
COL-0300,Bucaramanga,2024-06-13,16,7.0809,-73.1306,Industrial,Sensor_Fijo,Transporte_Público,85.9,Alto,60,891,32.6,0.75,Despejado,1.0,Alta afluencia peatonal,Tarde,0,1,0.69,2.635,1,6,2
COL-0786,Bucaramanga,2024-06-30,12,7.1171,-73.0721,Industrial,Sensor_Móvil,Tráfico_Vehicular,81.2,Alto,55,466,40.9,0.65,Despejado,0.78,Obra en construcción,Tarde,0,1,0.61,1.9853,1,6,2
COL-0116,Bucaramanga,2024-07-13,17,7.0861,-73.0871,Residencial,Sensor_Móvil,Construcción,63.4,Crítico,63,628,36.1,0.91,Despejado,0.86,Moto dañada transitando,Tarde,1,0,0.798,1.7562,1,7,3
COL-0228,Bucaramanga,2024-09-21,18,7.099,-73.0728,Comercial,Sensor_Fijo,Transporte_Público,77.9,Crítico,92,1049,25.4,1.0,Despejado,0.8,Operación normal,Noche,1,1,0.968,3.0669,1,9,3
COL-0262,Bucaramanga,2024-10-15,12,7.1258,-73.1085,Mixta,Sensor_Fijo,Tráfico_Vehicular,62.0,Moderado,55,742,35.3,0.82,Lluvioso,0.97,Evento especial cercano,Tarde,0,0,0.712,1.7564,1,10,4
COL-0039,Bucaramanga,2025-01-11,18,7.0885,-73.1309,Mixta,Sensor_Móvil,Construcción,79.4,Crítico,87,700,27.2,1.0,Despejado,0.81,Alta afluencia peatonal,Noche,1,1,0.948,2.9191,1,1,1
COL-0794,Bucaramanga,2025-01-31,8,7.0822,-73.1404,Residencial,Sensor_Fijo,Tráfico_Vehicular,57.7,Alto,55,673,38.2,0.64,Despejado,0.82,Semáforo averiado,Mañana,1,0,0.604,1.5105,1,1,1
COL-0144,Bucaramanga,2025-02-24,8,7.0815,-73.1471,Mixta,Sensor_Fijo,Construcción,82.3,Crítico,78,1080,33.7,0.92,Nublado,0.88,Obra en construcción,Mañana,1,1,0.864,2.4421,1,2,1
COL-0196,Bucaramanga,2025-03-05,5,7.1192,-73.0791,Residencial,Sensor_Móvil,Transporte_Público,48.2,Moderado,0,0,68.1,0.0,Lluvioso,0.96,Medición estándar,Madrugada,0,0,0.0,0.7078,0,3,1
COL-0894,Bucaramanga,2025-03-17,9,7.1237,-73.1631,Residencial,Sensor_Móvil,Transporte_Público,50.5,Moderado,60,486,25.8,0.81,Despejado,0.74,Evento especial cercano,Mañana,1,0,0.726,1.9574,1,3,1
COL-0029,Bucaramanga,2025-04-15,16,7.1264,-73.1464,Comercial,Sensor_Fijo,Industrial,80.1,Crítico,54,569,40.2,0.68,Despejado,0.94,Medición estándar,Tarde,0,1,0.624,1.9925,1,4,2
COL-0346,Bucaramanga,2025-07-03,16,7.091,-73.154,Residencial,Sensor_Móvil,Tráfico_Vehicular,53.1,Moderado,24,276,44.7,0.44,Lluvioso,0.79,Evento especial cercano,Tarde,0,0,0.36,1.1879,1,7,3
COL-0336,Bucaramanga,2025-07-10,3,7.1517,-73.1483,Mixta,Sensor_Fijo,Transporte_Público,56.8,Moderado,29,318,41.2,0.5,Despejado,0.71,Medición estándar,Madrugada,0,0,0.416,1.3786,0,7,3
COL-0316,Bucaramanga,2025-07-20,19,7.1628,-73.1377,Industrial,Sensor_Móvil,Tráfico_Vehicular,83.6,Alto,75,612,30.8,1.0,Despejado,0.98,Obra en construcción,Noche,1,1,0.9,2.7143,1,7,3
COL-0287,Bucaramanga,2025-08-04,8,7.0899,-73.1175,Mixta,Sensor_Fijo,Tráfico_Vehicular,74.2,Crítico,88,1188,30.2,1.0,Nublado,0.8,Mercado informal,Mañana,1,1,0.952,2.457,1,8,3
COL-0645,Bucaramanga,2025-08-09,16,7.1372,-73.1586,Industrial,Sensor_Fijo,Industrial,93.0,Crítico,52,693,35.0,0.67,Lluvioso,0.72,Evento especial cercano,Tarde,0,1,0.61,2.6571,1,8,3
COL-0111,Bucaramanga,2025-09-02,10,7.1287,-73.0847,Mixta,Sensor_Fijo,Tráfico_Vehicular,69.3,Alto,61,672,38.7,0.73,Despejado,0.75,Evento especial cercano,Mañana,0,1,0.682,1.7907,1,9,3
COL-0479,Bucaramanga,2025-09-17,8,7.1576,-73.1679,Mixta,Sensor_Fijo,Comercio,72.0,Crítico,89,713,17.8,1.0,Despejado,0.75,Alta afluencia peatonal,Mañana,1,1,0.956,4.0449,1,9,3
COL-0451,Bucaramanga,2025-10-04,7,7.1027,-73.0989,Hospitalaria,Sensor_Fijo,Industrial,63.8,Crítico,70,933,40.2,0.88,Despejado,0.95,Semáforo averiado,Mañana,1,1,0.808,1.5871,1,10,4
COL-0723,Bucaramanga,2025-10-06,18,7.0805,-73.1516,Comercial,Sensor_Ciudadano,Tráfico_Vehicular,76.9,Alto,86,954,21.2,0.99,Despejado,0.93,Mercado informal,Noche,1,1,0.938,3.6274,1,10,4
COL-0647,Bucaramanga,2025-11-03,11,7.0823,-73.0969,Mixta,Sensor_Fijo,Tráfico_Vehicular,66.2,Alto,63,514,43.3,0.85,Despejado,0.87,Alta afluencia peatonal,Mañana,0,0,0.762,1.5289,1,11,4
COL-0438,Bucaramanga,2025-12-01,19,7.1594,-73.1273,Industrial,Sensor_Fijo,Tráfico_Vehicular,92.6,Crítico,73,1008,30.4,0.95,Despejado,0.7,Mercado informal,Noche,1,1,0.862,3.0461,1,12,4
COL-0084,Bucaramanga,2025-12-29,3,7.0911,-73.0955,Comercial,Sensor_Ciudadano,Comercio,57.7,Bajo,29,434,44.1,0.27,Despejado,0.81,Semáforo averiado,Madrugada,0,0,0.278,1.3084,0,12,4
COL-0278,Cali,2022-02-08,7,3.4588,-76.4885,Comercial,Sensor_Fijo,Construcción,85.4,Crítico,84,744,27.3,1.0,Despejado,0.82,Semáforo averiado,Mañana,1,1,0.936,3.1282,1,2,1
COL-0735,Cali,2022-03-13,10,3.4161,-76.5522,Comercial,Sensor_Móvil,Industrial,68.9,Moderado,53,719,39.7,0.71,Despejado,0.88,Festival o concierto,Mañana,0,0,0.638,1.7355,1,3,1
COL-0669,Cali,2022-03-16,16,3.4596,-76.5018,Comercial,Sensor_Fijo,Transporte_Público,68.6,Moderado,53,471,40.6,0.79,Nublado,0.87,Obra en construcción,Tarde,0,0,0.686,1.6897,1,3,1
COL-0366,Cali,2022-03-19,14,3.4261,-76.5512,Comercial,Sensor_Móvil,Tráfico_Vehicular,75.0,Alto,67,699,36.3,0.79,Despejado,0.9,Alta afluencia peatonal,Tarde,0,1,0.742,2.0661,1,3,1
COL-0398,Cali,2022-03-22,14,3.4556,-76.5468,Educativa,Sensor_Fijo,Transporte_Público,62.4,Crítico,38,328,50.9,0.49,Lluvioso,0.87,Alta afluencia peatonal,Tarde,0,0,0.446,1.2259,1,3,1
COL-0661,Cali,2022-03-27,0,3.4453,-76.5433,Hospitalaria,Sensor_Fijo,Mixta,35.1,Bajo,0,0,60.7,0.0,Despejado,0.96,Semáforo averiado,Madrugada,0,0,0.0,0.5783,0,3,1
COL-0625,Cali,2022-03-31,15,3.4559,-76.5494,Comercial,Sensor_Ciudadano,Tráfico_Vehicular,75.4,Alto,67,963,32.6,0.87,Nublado,0.96,Medición estándar,Tarde,0,1,0.79,2.3129,1,3,1
COL-0969,Cali,2022-04-14,13,3.4745,-76.5316,Residencial,Sensor_Móvil,Tráfico_Vehicular,53.5,Moderado,21,292,58.2,0.35,Despejado,0.95,Evento especial cercano,Tarde,0,0,0.294,0.9192,1,4,2
COL-0217,Cali,2022-04-18,13,3.4282,-76.4959,Comercial,Sensor_Móvil,Transporte_Público,71.7,Alto,63,513,36.0,0.73,Despejado,0.77,Medición estándar,Tarde,0,1,0.69,1.9917,1,4,2
COL-0142,Cali,2022-05-03,17,3.4402,-76.5189,Residencial,Sensor_Fijo,Eventos,61.1,Crítico,60,490,26.9,0.67,Nublado,0.91,Evento especial cercano,Tarde,1,0,0.642,2.2714,1,5,2
COL-0632,Cali,2022-05-19,2,3.4107,-76.5051,Mixta,Sensor_Fijo,Tráfico_Vehicular,44.5,Bajo,23,220,49.3,0.34,Despejado,0.99,Alta afluencia peatonal,Madrugada,0,0,0.296,0.9026,0,5,2
COL-0352,Cali,2022-05-20,18,3.4413,-76.513,Residencial,Sensor_Fijo,Eventos,58.8,Alto,55,803,41.0,0.74,Despejado,0.92,Obra en construcción,Noche,1,1,0.664,1.4341,1,5,2
COL-0472,Cali,2022-06-08,9,3.4067,-76.539,Comercial,Sensor_Ciudadano,Construcción,83.5,Crítico,85,718,28.3,1.0,Ventoso,0.93,Moto dañada transitando,Mañana,1,1,0.94,2.9505,1,6,2
COL-0280,Cali,2022-06-09,8,3.4834,-76.5,Hospitalaria,Sensor_Fijo,Construcción,58.2,Crítico,68,910,37.7,0.94,Nublado,0.73,Moto dañada transitando,Mañana,1,1,0.836,1.5438,1,6,2
COL-0223,Cali,2022-06-17,23,3.413,-76.5337,Mixta,Sensor_Ciudadano,Transporte_Público,55.5,Moderado,18,150,59.6,0.3,Despejado,0.84,Operación normal,Noche,0,0,0.252,0.9312,0,6,2
COL-0394,Cali,2022-06-22,20,3.4191,-76.5478,Comercial,Sensor_Móvil,Mixta,61.8,Moderado,51,583,38.2,0.56,Nublado,0.88,Evento especial cercano,Noche,0,1,0.54,1.6178,1,6,2
COL-0613,Cali,2022-06-25,23,3.4128,-76.551,Residencial,Sensor_Fijo,Transporte_Público,43.5,Bajo,0,0,58.4,0.06,Despejado,1.0,Evento especial cercano,Noche,0,0,0.036,0.7449,0,6,2
COL-0556,Cali,2022-07-22,15,3.4939,-76.5702,Mixta,Sensor_Fijo,Comercio,70.6,Alto,50,689,38.5,0.62,Despejado,0.88,Mercado informal,Tarde,0,1,0.572,1.8338,1,7,3
COL-0001,Cali,2022-07-23,19,3.4684,-76.5738,Residencial,Sensor_Ciudadano,Tráfico_Vehicular,59.0,Alto,58,731,36.1,0.81,Despejado,0.75,Operación normal,Noche,1,1,0.718,1.6343,1,7,3
COL-0701,Cali,2022-07-30,12,3.4712,-76.5782,Residencial,Sensor_Móvil,Eventos,46.1,Bajo,30,326,50.5,0.37,Nublado,0.78,Obra en construcción,Tarde,0,0,0.342,0.9129,1,7,3
COL-0392,Cali,2022-07-31,20,3.413,-76.4901,Comercial,Sensor_Fijo,Tráfico_Vehicular,71.2,Alto,68,755,26.6,0.83,Nublado,0.85,Operación normal,Noche,0,1,0.77,2.6767,1,7,3
COL-0158,Cali,2022-08-01,2,3.404,-76.494,Comercial,Sensor_Fijo,Comercio,55.9,Bajo,23,198,49.5,0.19,Lluvioso,0.82,Obra en construcción,Madrugada,0,0,0.206,1.1293,0,8,3
COL-0762,Cali,2022-08-21,3,3.4606,-76.5793,Mixta,Sensor_Móvil,Transporte_Público,52.8,Bajo,30,288,47.3,0.35,Despejado,0.76,Obra en construcción,Madrugada,0,0,0.33,1.1163,0,8,3
COL-0807,Cali,2022-09-06,9,3.4598,-76.4859,Comercial,Sensor_Fijo,Mixta,69.5,Moderado,84,997,31.4,1.0,Nublado,0.89,Operación normal,Mañana,1,0,0.936,2.2134,1,9,3
COL-0935,Cali,2022-09-08,12,3.4218,-76.5759,Residencial,Sensor_Fijo,Construcción,51.5,Moderado,38,446,47.9,0.43,Despejado,0.88,Festival o concierto,Tarde,0,0,0.41,1.0752,1,9,3
COL-0736,Cali,2022-09-16,0,3.4487,-76.504,Educativa,Sensor_Fijo,Transporte_Público,42.4,Bajo,10,130,56.9,0.2,Lluvioso,0.96,Operación normal,Madrugada,0,0,0.16,0.7452,0,9,3
COL-0092,Cali,2022-09-16,22,3.4637,-76.5309,Residencial,Sensor_Móvil,Construcción,54.2,Moderado,0,0,51.7,0.0,Despejado,0.71,Semáforo averiado,Noche,0,0,0.0,1.0484,0,9,3
COL-0055,Cali,2022-09-17,18,3.4578,-76.5316,Residencial,Sensor_Fijo,Tráfico_Vehicular,60.9,Crítico,55,682,44.5,0.72,Lluvioso,0.86,Obra en construcción,Noche,1,1,0.652,1.3685,1,9,3
COL-0450,Cali,2022-09-19,1,3.446,-76.522,Comercial,Sensor_Ciudadano,Industrial,68.3,Moderado,30,326,48.0,0.31,Nublado,0.94,Festival o concierto,Madrugada,0,1,0.306,1.4229,0,9,3
COL-0038,Cali,2022-09-24,9,3.4381,-76.5507,Residencial,Sensor_Fijo,Tráfico_Vehicular,55.4,Alto,57,798,35.8,0.7,Despejado,0.85,Semáforo averiado,Mañana,1,0,0.648,1.5475,1,9,3
COL-0754,Cali,2022-10-09,4,3.4089,-76.5636,Educativa,Sensor_Fijo,Transporte_Público,30.7,Bajo,12,146,55.3,0.16,Despejado,0.94,Medición estándar,Madrugada,0,0,0.144,0.5552,0,10,4
COL-0520,Cali,2022-10-11,7,3.405,-76.5543,Mixta,Sensor_Fijo,Mixta,74.3,Crítico,78,809,29.5,0.94,Despejado,0.87,Medición estándar,Mañana,1,1,0.876,2.5186,1,10,4
COL-0809,Cali,2022-10-12,11,3.481,-76.5806,Residencial,Sensor_Móvil,Transporte_Público,46.2,Bajo,34,344,50.1,0.37,Despejado,0.92,Evento especial cercano,Mañana,0,0,0.358,0.9222,1,10,4
COL-0033,Cali,2022-10-30,10,3.4324,-76.532,Industrial,Sensor_Móvil,Comercio,78.9,Moderado,41,526,46.2,0.64,Despejado,0.75,Obra en construcción,Mañana,0,1,0.548,1.7078,1,10,4
COL-0162,Cali,2022-11-13,8,3.4275,-76.4837,Residencial,Sensor_Ciudadano,Transporte_Público,60.5,Alto,59,674,35.7,0.72,Nublado,0.92,Alta afluencia peatonal,Mañana,1,0,0.668,1.6947,1,11,4
COL-0533,Cali,2022-11-25,8,3.4334,-76.5267,Residencial,Sensor_Fijo,Transporte_Público,56.2,Alto,61,620,31.3,0.86,Nublado,0.95,Obra en construcción,Mañana,1,0,0.76,1.7955,1,11,4
COL-0854,Cali,2022-11-28,8,3.4551,-76.5251,Industrial,Sensor_Fijo,Transporte_Público,94.9,Crítico,79,1037,24.1,0.99,Lluvioso,0.78,Alta afluencia peatonal,Mañana,1,1,0.91,3.9378,1,11,4
COL-0490,Cali,2022-12-06,1,3.4166,-76.5767,Residencial,Sensor_Móvil,Comercio,42.0,Bajo,5,74,69.4,0.07,Lluvioso,0.88,Operación normal,Madrugada,0,0,0.062,0.6052,0,12,4
COL-0784,Cali,2022-12-20,18,3.4946,-76.5541,Residencial,Sensor_Móvil,Tráfico_Vehicular,58.3,Alto,55,610,41.1,0.6,Despejado,0.78,Alta afluencia peatonal,Noche,1,1,0.58,1.4185,1,12,4
COL-0803,Cali,2022-12-23,11,3.4453,-76.5009,Hospitalaria,Sensor_Ciudadano,Eventos,49.3,Alto,40,325,43.7,0.52,Ventoso,0.85,Obra en construcción,Mañana,0,0,0.472,1.1281,1,12,4
COL-0506,Cali,2023-02-02,7,3.4629,-76.5153,Residencial,Sensor_Fijo,Tráfico_Vehicular,57.4,Alto,53,455,47.4,0.73,Despejado,0.71,Obra en construcción,Mañana,1,0,0.65,1.211,1,2,1
COL-0658,Cali,2023-02-17,17,3.4197,-76.5022,Mixta,Sensor_Ciudadano,Tráfico_Vehicular,73.4,Crítico,84,726,23.1,1.0,Lluvioso,0.91,Moto dañada transitando,Tarde,1,1,0.936,3.1775,1,2,1
COL-0015,Cali,2023-03-11,16,3.4591,-76.5666,Industrial,Sensor_Fijo,Tráfico_Vehicular,84.0,Alto,42,405,44.1,0.45,Despejado,0.94,Semáforo averiado,Tarde,0,1,0.438,1.9048,1,3,1
COL-0465,Cali,2023-03-15,18,3.477,-76.4965,Comercial,Sensor_Fijo,Industrial,91.9,Crítico,95,1403,22.7,1.0,Despejado,0.89,Semáforo averiado,Noche,1,1,0.98,4.0485,1,3,1
COL-0774,Cali,2023-03-16,8,3.4951,-76.5205,Residencial,Sensor_Fijo,Tráfico_Vehicular,47.9,Moderado,60,750,31.3,0.73,Nublado,0.73,Mercado informal,Mañana,1,0,0.678,1.5304,1,3,1
COL-0233,Cali,2023-03-18,14,3.4557,-76.5813,Residencial,Sensor_Móvil,Comercio,50.4,Moderado,40,436,41.9,0.6,Ventoso,0.81,Medición estándar,Tarde,0,0,0.52,1.2029,1,3,1
COL-0030,Cali,2023-03-19,4,3.4677,-76.5599,Residencial,Sensor_Fijo,Eventos,33.8,Bajo,0,0,63.7,0.0,Nublado,0.74,Obra en construcción,Madrugada,0,0,0.0,0.5306,0,3,1
COL-0501,Cali,2023-04-25,9,3.4669,-76.5092,Mixta,Sensor_Fijo,Transporte_Público,69.3,Alto,85,1175,31.2,1.0,Despejado,0.81,Festival o concierto,Mañana,1,1,0.94,2.2212,1,4,2
COL-0810,Cali,2023-04-30,8,3.4565,-76.5562,Residencial,Sensor_Móvil,Tráfico_Vehicular,53.9,Moderado,59,626,36.6,0.65,Lluvioso,0.77,Obra en construcción,Mañana,1,0,0.626,1.4727,1,4,2
COL-0302,Cali,2023-05-14,9,3.4694,-76.5546,Comercial,Sensor_Ciudadano,Transporte_Público,73.3,Alto,89,1161,15.6,1.0,Lluvioso,0.95,Operación normal,Mañana,1,1,0.956,4.6987,1,5,2
COL-0906,Cali,2023-05-17,3,3.4409,-76.4867,Residencial,Sensor_Móvil,Comercio,34.4,Bajo,0,0,60.1,0.11,Lluvioso,0.73,Medición estándar,Madrugada,0,0,0.066,0.5724,0,5,2
COL-0040,Cali,2023-05-29,10,3.4499,-76.561,Residencial,Sensor_Fijo,Construcción,55.2,Alto,32,463,54.2,0.54,Nublado,0.86,Operación normal,Mañana,0,0,0.452,1.0185,1,5,2
COL-0771,Cali,2023-06-18,10,3.4839,-76.4933,Educativa,Sensor_Móvil,Tráfico_Vehicular,56.4,Alto,49,731,48.1,0.6,Despejado,0.86,Mercado informal,Mañana,0,0,0.556,1.1726,1,6,2
COL-0891,Cali,2023-06-27,5,3.4189,-76.5139,Residencial,Sensor_Fijo,Industrial,43.9,Bajo,0,0,53.1,0.12,Despejado,0.79,Operación normal,Madrugada,0,0,0.072,0.8267,0,6,2
COL-0036,Cali,2023-07-22,19,3.4999,-76.5062,Mixta,Sensor_Móvil,Eventos,77.1,Crítico,86,1231,24.1,1.0,Despejado,0.71,Mercado informal,Noche,1,1,0.944,3.1992,1,7,3
COL-0409,Cali,2023-08-03,5,3.4672,-76.5197,Industrial,Sensor_Fijo,Tráfico_Vehicular,69.2,Moderado,17,180,54.3,0.29,Lluvioso,0.93,Mercado informal,Madrugada,0,0,0.242,1.2744,0,8,3
COL-0239,Cali,2023-08-04,16,3.4831,-76.5819,Comercial,Sensor_Móvil,Comercio,78.4,Crítico,57,658,42.8,0.62,Nublado,0.74,Festival o concierto,Tarde,0,1,0.6,1.8318,1,8,3
COL-0860,Cali,2023-08-05,8,3.4087,-76.5362,Residencial,Sensor_Móvil,Industrial,65.0,Crítico,51,675,31.3,0.78,Nublado,0.91,Operación normal,Mañana,1,0,0.672,2.0767,1,8,3
COL-0154,Cali,2023-08-13,9,3.4535,-76.5463,Industrial,Sensor_Fijo,Tráfico_Vehicular,91.2,Crítico,79,810,36.1,0.98,Ventoso,0.94,Evento especial cercano,Mañana,1,1,0.904,2.5263,1,8,3
COL-0504,Cali,2023-09-26,17,3.4299,-76.5228,Industrial,Sensor_Móvil,Tráfico_Vehicular,91.1,Crítico,84,1121,30.4,1.0,Lluvioso,0.93,Medición estándar,Tarde,1,1,0.936,2.9967,1,9,3
COL-0363,Cali,2023-09-28,18,3.4441,-76.5814,Residencial,Sensor_Móvil,Tráfico_Vehicular,56.1,Alto,59,839,36.5,0.72,Nublado,0.74,Medición estándar,Noche,1,1,0.668,1.537,1,9,3
COL-0923,Cali,2023-10-03,13,3.4413,-76.502,Residencial,Sensor_Móvil,Eventos,54.4,Moderado,32,459,46.0,0.35,Nublado,0.91,Alta afluencia peatonal,Tarde,0,0,0.338,1.1826,1,10,4
COL-0124,Cali,2023-10-03,19,3.4511,-76.5216,Comercial,Sensor_Fijo,Comercio,68.6,Moderado,84,704,35.3,1.0,Nublado,0.82,Mercado informal,Noche,1,1,0.936,1.9433,1,10,4
COL-0349,Cali,2023-10-10,21,3.4926,-76.5477,Comercial,Sensor_Fijo,Tráfico_Vehicular,63.0,Moderado,66,926,40.8,0.94,Despejado,0.87,Festival o concierto,Noche,0,1,0.828,1.5441,1,10,4
COL-0789,Cali,2023-10-17,9,3.4032,-76.5737,Residencial,Sensor_Móvil,Transporte_Público,48.2,Moderado,54,466,46.1,0.59,Nublado,0.74,Operación normal,Mañana,1,0,0.57,1.0456,1,10,4
COL-0700,Cali,2023-10-20,2,3.4777,-76.5159,Mixta,Sensor_Fijo,Comercio,56.2,Moderado,27,311,53.7,0.38,Lluvioso,0.71,Festival o concierto,Madrugada,0,0,0.336,1.0466,0,10,4
COL-0088,Cali,2023-10-22,10,3.4273,-76.5137,Comercial,Sensor_Fijo,Tráfico_Vehicular,80.2,Crítico,50,501,40.6,0.58,Lluvioso,0.83,Mercado informal,Mañana,0,1,0.548,1.9754,1,10,4
COL-0293,Cali,2023-10-28,21,3.4391,-76.5024,Residencial,Sensor_Móvil,Comercio,51.8,Moderado,20,260,49.4,0.16,Nublado,0.93,Alta afluencia peatonal,Noche,0,0,0.176,1.0486,1,10,4
COL-0676,Cali,2023-11-11,16,3.4244,-76.5064,Residencial,Sensor_Fijo,Comercio,47.2,Moderado,36,468,40.1,0.55,Despejado,0.99,Moto dañada transitando,Tarde,0,0,0.474,1.1771,1,11,4
COL-0639,Cali,2023-11-12,7,3.4593,-76.4935,Residencial,Sensor_Fijo,Tráfico_Vehicular,60.9,Crítico,64,894,36.9,0.92,Nublado,0.9,Evento especial cercano,Mañana,1,0,0.808,1.6504,1,11,4
COL-0119,Cali,2023-11-26,23,3.435,-76.4984,Hospitalaria,Sensor_Ciudadano,Comercio,38.3,Moderado,0,0,59.3,0.14,Despejado,0.87,Operación normal,Noche,0,0,0.084,0.6459,0,11,4
COL-0925,Cali,2023-12-09,15,3.5007,-76.5752,Residencial,Sensor_Móvil,Mixta,61.5,Crítico,37,546,39.6,0.52,Despejado,0.84,Obra en construcción,Tarde,0,0,0.46,1.553,1,12,4
COL-0435,Cali,2023-12-18,1,3.4285,-76.5295,Residencial,Sensor_Fijo,Industrial,43.1,Bajo,0,0,58.9,0.0,Ventoso,0.77,Evento especial cercano,Madrugada,0,0,0.0,0.7317,0,12,4
COL-0642,Cali,2023-12-23,4,3.4316,-76.4907,Residencial,Sensor_Fijo,Mixta,40.5,Bajo,5,57,59.2,0.07,Despejado,0.96,Obra en construcción,Madrugada,0,0,0.062,0.6841,0,12,4
COL-0606,Cali,2023-12-24,15,3.4842,-76.5054,Educativa,Sensor_Fijo,Tráfico_Vehicular,52.8,Moderado,32,322,50.2,0.51,Nublado,0.83,Obra en construcción,Tarde,0,0,0.434,1.0518,1,12,4
COL-0615,Cali,2024-01-09,23,3.4722,-76.4911,Educativa,Sensor_Fijo,Comercio,46.6,Bajo,13,136,54.7,0.22,Lluvioso,0.87,Mercado informal,Noche,0,0,0.184,0.8519,0,1,1
COL-0062,Cali,2024-01-12,15,3.4672,-76.5551,Industrial,Sensor_Móvil,Eventos,81.7,Alto,50,558,33.9,0.7,Despejado,0.95,Evento especial cercano,Tarde,0,1,0.62,2.41,1,1,1
COL-0928,Cali,2024-01-29,9,3.4406,-76.5314,Mixta,Sensor_Fijo,Tráfico_Vehicular,76.4,Crítico,84,723,28.1,1.0,Lluvioso,0.86,Evento especial cercano,Mañana,1,1,0.936,2.7189,1,1,1
COL-0408,Cali,2024-02-03,3,3.4027,-76.4879,Residencial,Sensor_Fijo,Tráfico_Vehicular,38.1,Bajo,0,0,56.7,0.01,Despejado,0.82,Moto dañada transitando,Madrugada,0,0,0.006,0.672,0,2,1
COL-0552,Cali,2024-02-07,6,3.4055,-76.5701,Mixta,Sensor_Móvil,Transporte_Público,48.6,Bajo,52,585,38.5,0.61,Despejado,0.74,Operación normal,Mañana,0,0,0.574,1.2623,1,2,1
COL-0757,Cali,2024-03-26,2,3.4406,-76.5046,Comercial,Sensor_Móvil,Comercio,59.5,Bajo,25,371,44.3,0.33,Nublado,0.96,Medición estándar,Madrugada,0,0,0.298,1.3431,0,3,1
COL-0828,Cali,2024-04-18,19,3.4677,-76.483,Comercial,Sensor_Fijo,Transporte_Público,80.5,Crítico,92,1332,26.1,1.0,Nublado,0.98,Mercado informal,Noche,1,1,0.968,3.0843,1,4,2
COL-0118,Cali,2024-04-27,21,3.4214,-76.5652,Comercial,Sensor_Fijo,Construcción,75.0,Alto,58,673,41.1,0.63,Despejado,0.96,Semáforo averiado,Noche,0,1,0.61,1.8248,1,4,2
COL-0122,Cali,2024-05-01,22,3.4921,-76.51,Mixta,Sensor_Fijo,Tráfico_Vehicular,66.1,Alto,26,309,52.9,0.42,Nublado,0.75,Obra en construcción,Noche,0,1,0.356,1.2495,0,5,2
COL-0056,Cali,2024-05-12,9,3.4589,-76.5508,Comercial,Sensor_Fijo,Tráfico_Vehicular,75.7,Alto,84,673,25.4,1.0,Nublado,0.76,Evento especial cercano,Mañana,1,1,0.936,2.9803,1,5,2
COL-0152,Cali,2024-05-16,11,3.4029,-76.4844,Mixta,Sensor_Fijo,Transporte_Público,64.7,Moderado,63,561,26.8,0.72,Nublado,0.98,Operación normal,Mañana,0,0,0.684,2.4142,1,5,2
COL-0458,Cali,2024-05-17,6,3.4452,-76.4923,Mixta,Sensor_Fijo,Comercio,50.3,Bajo,45,399,35.8,0.63,Lluvioso,0.93,Festival o concierto,Mañana,0,0,0.558,1.405,1,5,2
COL-0227,Cali,2024-05-18,9,3.4503,-76.5282,Residencial,Sensor_Ciudadano,Transporte_Público,60.4,Alto,59,487,40.0,0.81,Lluvioso,0.88,Festival o concierto,Mañana,1,0,0.722,1.51,1,5,2
COL-0283,Cali,2024-05-29,18,3.4361,-76.5536,Mixta,Sensor_Fijo,Construcción,85.5,Crítico,80,687,32.9,0.97,Lluvioso,0.85,Festival o concierto,Noche,1,1,0.902,2.5988,1,5,2
COL-0538,Cali,2024-06-14,1,3.4585,-76.5302,Residencial,Sensor_Fijo,Eventos,31.2,Bajo,1,8,54.1,0.0,Despejado,0.74,Obra en construcción,Madrugada,0,0,0.004,0.5767,0,6,2
COL-0915,Cali,2024-06-19,23,3.4843,-76.5606,Comercial,Sensor_Ciudadano,Transporte_Público,51.5,Bajo,35,319,43.2,0.39,Nublado,0.99,Medición estándar,Noche,0,0,0.374,1.1921,0,6,2
COL-0714,Cali,2024-07-04,20,3.4072,-76.4853,Residencial,Sensor_Móvil,Mixta,52.7,Moderado,28,388,47.8,0.47,Nublado,0.94,Semáforo averiado,Noche,0,0,0.394,1.1025,1,7,3
COL-0937,Cali,2024-07-09,14,3.4679,-76.581,Residencial,Sensor_Fijo,Transporte_Público,48.6,Moderado,30,401,37.0,0.46,Despejado,0.81,Moto dañada transitando,Tarde,0,0,0.396,1.3135,1,7,3
COL-0748,Cali,2024-07-10,12,3.4605,-76.511,Hospitalaria,Sensor_Fijo,Industrial,60.7,Crítico,33,414,56.7,0.41,Despejado,0.99,Alta afluencia peatonal,Tarde,0,1,0.378,1.0705,1,7,3
COL-0910,Cali,2024-07-17,17,3.4809,-76.52,Industrial,Sensor_Fijo,Eventos,82.9,Alto,84,1233,30.1,0.98,Nublado,0.86,Medición estándar,Tarde,1,1,0.924,2.7542,1,7,3
COL-0104,Cali,2024-07-18,6,3.4918,-76.5507,Comercial,Sensor_Fijo,Tráfico_Vehicular,56.2,Bajo,59,875,36.7,0.78,Nublado,0.77,Alta afluencia peatonal,Mañana,0,0,0.704,1.5313,1,7,3
COL-0012,Cali,2024-07-20,4,3.4573,-76.5021,Residencial,Sensor_Fijo,Tráfico_Vehicular,34.9,Bajo,2,23,59.2,0.15,Despejado,0.71,Evento especial cercano,Madrugada,0,0,0.098,0.5895,0,7,3
COL-0296,Cali,2024-07-31,9,3.4395,-76.5664,Comercial,Sensor_Fijo,Comercio,76.0,Alto,85,938,26.7,1.0,Despejado,0.85,Moto dañada transitando,Mañana,1,1,0.94,2.8464,1,7,3
COL-0364,Cali,2024-08-03,1,3.4389,-76.5336,Educativa,Sensor_Ciudadano,Tráfico_Vehicular,41.5,Bajo,9,83,56.6,0.1,Lluvioso,0.88,Operación normal,Madrugada,0,0,0.096,0.7332,0,8,3
COL-0648,Cali,2024-08-09,1,3.4642,-76.4879,Comercial,Sensor_Fijo,Construcción,64.6,Moderado,34,491,45.5,0.42,Despejado,0.94,Evento especial cercano,Madrugada,0,1,0.388,1.4198,0,8,3
COL-0918,Cali,2024-08-09,6,3.407,-76.5603,Industrial,Sensor_Fijo,Comercio,71.3,Moderado,48,607,46.1,0.54,Nublado,0.94,Obra en construcción,Mañana,0,0,0.516,1.5466,1,8,3
COL-0563,Cali,2024-08-25,7,3.4641,-76.5371,Industrial,Sensor_Fijo,Transporte_Público,86.9,Alto,70,657,40.9,0.88,Nublado,0.79,Mercado informal,Mañana,1,1,0.808,2.1247,1,8,3
COL-0917,Cali,2024-09-18,22,3.4876,-76.5116,Educativa,Sensor_Fijo,Transporte_Público,46.7,Bajo,7,66,47.8,0.12,Despejado,0.7,Moto dañada transitando,Noche,0,0,0.1,0.977,0,9,3
COL-0243,Cali,2024-09-23,3,3.441,-76.5752,Industrial,Sensor_Fijo,Transporte_Público,67.1,Bajo,16,208,53.5,0.15,Despejado,0.77,Medición estándar,Madrugada,0,0,0.154,1.2542,0,9,3
COL-0083,Cali,2024-10-01,22,3.4683,-76.4963,Comercial,Sensor_Fijo,Transporte_Público,66.7,Moderado,22,307,55.0,0.27,Despejado,0.76,Moto dañada transitando,Noche,0,1,0.25,1.2127,0,10,4
COL-0958,Cali,2024-10-15,11,3.462,-76.5486,Comercial,Sensor_Fijo,Tráfico_Vehicular,75.2,Alto,62,625,37.9,0.87,Nublado,0.79,Alta afluencia peatonal,Mañana,0,1,0.77,1.9842,1,10,4
COL-0899,Cali,2024-10-16,18,3.436,-76.5609,Mixta,Sensor_Fijo,Mixta,78.2,Crítico,77,803,30.9,1.0,Lluvioso,0.86,Alta afluencia peatonal,Noche,1,1,0.908,2.5307,1,10,4
COL-0765,Cali,2024-10-19,2,3.4765,-76.5058,Comercial,Sensor_Fijo,Construcción,64.1,Moderado,22,292,46.2,0.3,Despejado,0.75,Moto dañada transitando,Madrugada,0,1,0.268,1.3874,0,10,4
COL-0962,Cali,2024-11-01,1,3.4429,-76.5188,Comercial,Sensor_Fijo,Comercio,52.1,Bajo,24,319,56.2,0.42,Ventoso,0.81,Evento especial cercano,Madrugada,0,0,0.348,0.927,0,11,4
COL-0459,Cali,2024-11-07,1,3.4344,-76.5701,Industrial,Sensor_Móvil,Comercio,73.7,Moderado,14,203,56.5,0.19,Nublado,0.93,Mercado informal,Madrugada,0,1,0.17,1.3044,0,11,4
COL-0063,Cali,2024-11-17,8,3.4151,-76.5621,Comercial,Sensor_Móvil,Mixta,72.2,Alto,84,825,29.7,1.0,Despejado,0.99,Moto dañada transitando,Mañana,1,1,0.936,2.431,1,11,4
COL-0477,Cali,2024-12-14,13,3.4652,-76.5624,Residencial,Sensor_Fijo,Comercio,55.3,Alto,20,298,54.4,0.18,Nublado,0.97,Alta afluencia peatonal,Tarde,0,0,0.188,1.0165,1,12,4
COL-0318,Cali,2024-12-22,13,3.4087,-76.5628,Residencial,Sensor_Fijo,Tráfico_Vehicular,53.2,Moderado,27,373,54.6,0.38,Despejado,0.88,Festival o concierto,Tarde,0,0,0.336,0.9744,1,12,4
COL-0267,Cali,2024-12-26,12,3.427,-76.4999,Comercial,Sensor_Fijo,Tráfico_Vehicular,71.7,Alto,64,869,33.5,0.95,Despejado,0.78,Obra en construcción,Tarde,0,1,0.826,2.1403,1,12,4
COL-0871,Cali,2024-12-28,9,3.4392,-76.5499,Comercial,Sensor_Fijo,Eventos,81.1,Crítico,80,1012,29.4,1.0,Nublado,0.8,Alta afluencia peatonal,Mañana,1,1,0.92,2.7585,1,12,4
COL-0666,Cali,2025-01-17,17,3.4973,-76.5102,Comercial,Sensor_Móvil,Eventos,82.0,Crítico,91,1058,22.8,1.0,Lluvioso,0.95,Obra en construcción,Tarde,1,1,0.964,3.5965,1,1,1
COL-0113,Cali,2025-02-03,14,3.4779,-76.5766,Residencial,Sensor_Fijo,Construcción,61.9,Crítico,21,311,52.2,0.26,Lluvioso,0.79,Semáforo averiado,Tarde,0,0,0.24,1.1858,1,2,1
COL-0422,Cali,2025-02-16,17,3.4049,-76.5071,Comercial,Sensor_Móvil,Tráfico_Vehicular,73.5,Alto,93,1034,30.6,1.0,Nublado,0.77,Festival o concierto,Tarde,1,1,0.972,2.402,1,2,1
COL-0446,Cali,2025-02-18,14,3.4236,-76.4981,Residencial,Sensor_Ciudadano,Tráfico_Vehicular,59.9,Alto,30,243,41.8,0.32,Nublado,0.82,Mercado informal,Tarde,0,0,0.312,1.433,1,2,1
COL-0815,Cali,2025-03-18,13,3.4424,-76.5532,Mixta,Sensor_Ciudadano,Comercio,65.2,Alto,61,799,40.2,0.86,Despejado,0.75,Moto dañada transitando,Tarde,0,0,0.76,1.6219,1,3,1
COL-0172,Cali,2025-03-21,4,3.4973,-76.5171,Industrial,Sensor_Móvil,Tráfico_Vehicular,61.3,Bajo,12,103,54.2,0.14,Despejado,0.85,Alta afluencia peatonal,Madrugada,0,0,0.132,1.131,0,3,1
COL-0829,Cali,2025-03-23,10,3.409,-76.5209,Educativa,Sensor_Fijo,Tráfico_Vehicular,59.1,Alto,37,358,43.9,0.56,Despejado,0.93,Evento especial cercano,Mañana,0,0,0.484,1.3462,1,3,1
COL-0890,Cali,2025-03-27,10,3.4107,-76.5578,Mixta,Sensor_Móvil,Construcción,74.6,Crítico,64,819,38.2,0.83,Despejado,0.92,Operación normal,Mañana,0,1,0.754,1.9529,1,3,1
COL-0843,Cali,2025-04-18,12,3.4072,-76.5596,Residencial,Sensor_Fijo,Transporte_Público,52.8,Moderado,36,531,45.2,0.56,Lluvioso,0.71,Festival o concierto,Tarde,0,0,0.48,1.1681,1,4,2
COL-0049,Cali,2025-04-20,0,3.4464,-76.5426,Comercial,Sensor_Fijo,Tráfico_Vehicular,60.4,Moderado,25,325,47.5,0.38,Lluvioso,0.83,Moto dañada transitando,Madrugada,0,1,0.328,1.2716,0,4,2
COL-0304,Cali,2025-04-21,3,3.4043,-76.4866,Residencial,Sensor_Ciudadano,Tráfico_Vehicular,33.0,Bajo,5,68,52.7,0.02,Nublado,0.91,Moto dañada transitando,Madrugada,0,0,0.032,0.6262,0,4,2
COL-0876,Cali,2025-04-27,12,3.4652,-76.5768,Mixta,Sensor_Ciudadano,Tráfico_Vehicular,64.5,Moderado,60,797,38.1,0.82,Despejado,0.91,Alta afluencia peatonal,Tarde,0,0,0.732,1.6929,1,4,2
COL-0242,Cali,2025-04-29,6,3.4908,-76.5586,Comercial,Sensor_Ciudadano,Mixta,57.0,Bajo,64,570,35.2,0.85,Despejado,0.9,Alta afluencia peatonal,Mañana,0,0,0.766,1.6193,1,4,2
COL-0018,Cali,2025-05-07,1,3.4634,-76.5255,Residencial,Sensor_Fijo,Transporte_Público,35.5,Bajo,0,0,60.7,0.1,Lluvioso,0.88,Alta afluencia peatonal,Madrugada,0,0,0.06,0.5848,0,5,2
COL-0696,Cali,2025-05-18,2,3.4921,-76.5409,Residencial,Sensor_Fijo,Transporte_Público,32.0,Bajo,0,0,55.7,0.14,Nublado,0.73,Mercado informal,Madrugada,0,0,0.084,0.5745,0,5,2
COL-0708,Cali,2025-05-19,0,3.4945,-76.5238,Mixta,Sensor_Móvil,Comercio,49.2,Bajo,22,193,47.0,0.23,Lluvioso,0.89,Semáforo averiado,Madrugada,0,0,0.226,1.0468,0,5,2
COL-0106,Cali,2025-05-24,10,3.4476,-76.5688,Residencial,Sensor_Fijo,Comercio,48.5,Moderado,37,306,55.8,0.5,Despejado,0.81,Obra en construcción,Mañana,0,0,0.448,0.8692,1,5,2
COL-0577,Cali,2025-05-31,14,3.4611,-76.5535,Residencial,Sensor_Móvil,Transporte_Público,48.1,Moderado,39,552,40.3,0.6,Despejado,0.8,Evento especial cercano,Tarde,0,0,0.516,1.1935,1,5,2
COL-0775,Cali,2025-06-07,14,3.4134,-76.4893,Residencial,Sensor_Fijo,Tráfico_Vehicular,50.6,Moderado,21,244,43.4,0.35,Despejado,0.73,Alta afluencia peatonal,Tarde,0,0,0.294,1.1659,1,6,2
COL-0870,Cali,2025-06-12,4,3.4153,-76.5377,Comercial,Sensor_Móvil,Tráfico_Vehicular,50.7,Bajo,27,358,53.8,0.31,Nublado,0.75,Semáforo averiado,Madrugada,0,0,0.294,0.9424,0,6,2
COL-0569,Cali,2025-06-14,17,3.4975,-76.5453,Mixta,Sensor_Fijo,Comercio,75.7,Crítico,83,1193,22.8,1.0,Despejado,0.98,Mercado informal,Tarde,1,1,0.932,3.3202,1,6,2
COL-0489,Cali,2025-07-03,15,3.4407,-76.5561,Residencial,Sensor_Fijo,Tráfico_Vehicular,52.7,Moderado,26,268,55.6,0.3,Nublado,0.82,Festival o concierto,Tarde,0,0,0.284,0.9478,1,7,3
COL-0900,Cali,2025-07-08,7,3.4792,-76.4978,Comercial,Sensor_Fijo,Transporte_Público,74.2,Alto,95,1416,23.6,1.0,Despejado,0.7,Festival o concierto,Mañana,1,1,0.98,3.1441,1,7,3
COL-0724,Cali,2025-07-29,15,3.4893,-76.4994,Mixta,Sensor_Fijo,Tráfico_Vehicular,59.4,Moderado,46,637,33.4,0.49,Despejado,0.92,Operación normal,Tarde,0,0,0.478,1.7784,1,7,3
COL-0588,Cali,2025-08-01,7,3.4686,-76.521,Mixta,Sensor_Fijo,Eventos,73.6,Crítico,83,1171,29.4,1.0,Lluvioso,0.75,Operación normal,Mañana,1,1,0.932,2.5034,1,8,3
COL-0016,Cali,2025-08-07,12,3.4516,-76.4934,Residencial,Sensor_Fijo,Tráfico_Vehicular,47.0,Moderado,23,308,42.9,0.26,Nublado,0.85,Obra en construcción,Tarde,0,0,0.248,1.0956,1,8,3
COL-0833,Cali,2025-08-08,13,3.4212,-76.5435,Comercial,Sensor_Móvil,Tráfico_Vehicular,73.6,Alto,70,632,24.5,0.85,Nublado,1.0,Semáforo averiado,Tarde,0,1,0.79,3.0041,1,8,3
COL-0448,Cali,2025-08-10,21,3.494,-76.5667,Comercial,Sensor_Móvil,Mixta,72.9,Alto,50,613,48.1,0.66,Nublado,0.8,Moto dañada transitando,Noche,0,1,0.596,1.5156,1,8,3
COL-0371,Cali,2025-08-13,12,3.4583,-76.5078,Comercial,Sensor_Ciudadano,Tráfico_Vehicular,79.3,Crítico,69,616,29.0,0.89,Nublado,0.86,Mercado informal,Tarde,0,1,0.81,2.7345,1,8,3
COL-0456,Cali,2025-08-16,7,3.4061,-76.5172,Residencial,Sensor_Fijo,Tráfico_Vehicular,57.5,Alto,62,855,38.7,0.81,Lluvioso,0.86,Moto dañada transitando,Mañana,1,0,0.734,1.4858,1,8,3
COL-0675,Cali,2025-09-04,3,3.4554,-76.5494,Mixta,Sensor_Fijo,Tráfico_Vehicular,49.4,Bajo,21,254,60.5,0.33,Nublado,0.75,Moto dañada transitando,Madrugada,0,0,0.282,0.8165,0,9,3
COL-0197,Cali,2025-09-08,13,3.4257,-76.5389,Hospitalaria,Sensor_Fijo,Comercio,48.3,Alto,27,357,52.1,0.32,Despejado,0.86,Mercado informal,Tarde,0,0,0.3,0.9271,1,9,3
COL-0226,Cali,2025-09-17,0,3.4298,-76.5571,Residencial,Sensor_Fijo,Mixta,37.7,Bajo,0,0,73.2,0.05,Despejado,0.81,Festival o concierto,Madrugada,0,0,0.03,0.515,0,9,3
COL-0147,Cali,2025-10-04,18,3.4687,-76.5044,Mixta,Sensor_Móvil,Tráfico_Vehicular,65.1,Alto,90,1006,30.8,1.0,Nublado,1.0,Mercado informal,Noche,1,1,0.96,2.1136,1,10,4
COL-0222,Cali,2025-10-12,5,3.4841,-76.4831,Industrial,Sensor_Fijo,Tráfico_Vehicular,68.3,Moderado,19,191,49.6,0.32,Lluvioso,0.71,Evento especial cercano,Madrugada,0,0,0.268,1.377,0,10,4
COL-0240,Cali,2025-10-20,14,3.4577,-76.5512,Residencial,Sensor_Fijo,Industrial,56.9,Alto,38,545,47.4,0.62,Despejado,0.85,Evento especial cercano,Tarde,0,0,0.524,1.2004,1,10,4
COL-0081,Cali,2025-11-06,1,3.4806,-76.5518,Mixta,Sensor_Fijo,Transporte_Público,54.1,Bajo,22,220,70.5,0.37,Despejado,1.0,Festival o concierto,Madrugada,0,0,0.31,0.7674,0,11,4
COL-0687,Cali,2025-11-18,11,3.4593,-76.542,Comercial,Sensor_Móvil,Tráfico_Vehicular,69.1,Moderado,55,599,37.9,0.71,Nublado,0.94,Operación normal,Mañana,0,0,0.646,1.8232,1,11,4
COL-0443,Cali,2025-12-22,3,3.4842,-76.4843,Residencial,Sensor_Ciudadano,Tráfico_Vehicular,32.0,Bajo,0,0,56.5,0.1,Despejado,0.91,Obra en construcción,Madrugada,0,0,0.06,0.5664,0,12,4
COL-0792,Cali,2025-12-24,2,3.4824,-76.531,Educativa,Sensor_Fijo,Comercio,42.2,Bajo,1,10,61.3,0.0,Ventoso,0.71,Festival o concierto,Madrugada,0,0,0.004,0.6884,0,12,4
COL-0799,Cali,2025-12-28,4,3.4609,-76.5485,Industrial,Sensor_Ciudadano,Eventos,65.7,Bajo,14,151,54.4,0.08,Despejado,0.95,Semáforo averiado,Madrugada,0,0,0.104,1.2077,0,12,4
COL-0098,Cali,2025-12-29,23,3.4496,-76.4868,Mixta,Sensor_Ciudadano,Construcción,59.1,Moderado,27,321,58.6,0.26,Ventoso,0.72,Festival o concierto,Noche,0,1,0.264,1.0085,0,12,4
COL-0604,Cartagena,2022-01-04,18,10.3545,-75.5164,Hospitalaria,Sensor_Fijo,Tráfico_Vehicular,60.1,Crítico,66,645,32.3,0.86,Lluvioso,0.82,Medición estándar,Noche,1,1,0.78,1.8607,1,1,1
COL-0570,Cartagena,2022-01-11,20,10.346,-75.5191,Comercial,Sensor_Móvil,Industrial,75.9,Alto,50,691,39.9,0.54,Nublado,0.94,Evento especial cercano,Noche,0,1,0.524,1.9023,1,1,1
COL-0252,Cartagena,2022-01-16,0,10.4391,-75.496,Comercial,Sensor_Ciudadano,Tráfico_Vehicular,57.2,Bajo,20,202,48.4,0.32,Lluvioso,0.75,Alta afluencia peatonal,Madrugada,0,0,0.272,1.1818,0,1,1
COL-0292,Cartagena,2022-02-12,1,10.3631,-75.4787,Residencial,Sensor_Ciudadano,Tráfico_Vehicular,41.5,Bajo,0,0,59.6,0.11,Ventoso,0.85,Alta afluencia peatonal,Madrugada,0,0,0.066,0.6963,0,2,1
COL-0019,Cartagena,2022-02-13,1,10.3684,-75.4627,Residencial,Sensor_Ciudadano,Construcción,45.3,Bajo,0,0,63.1,0.0,Lluvioso,0.91,Evento especial cercano,Madrugada,0,0,0.0,0.7179,0,2,1
COL-0763,Cartagena,2022-02-23,13,10.3491,-75.4506,Mixta,Sensor_Fijo,Comercio,63.8,Moderado,64,852,33.6,0.73,Despejado,0.88,Festival o concierto,Tarde,0,0,0.694,1.8988,1,2,1
COL-0554,Cartagena,2022-02-27,3,10.3751,-75.5237,Comercial,Sensor_Fijo,Comercio,57.8,Bajo,25,341,52.9,0.32,Despejado,0.98,Evento especial cercano,Madrugada,0,0,0.292,1.0926,0,2,1
COL-0730,Cartagena,2022-03-05,17,10.3471,-75.4821,Mixta,Sensor_Fijo,Tráfico_Vehicular,78.5,Crítico,82,770,24.1,1.0,Lluvioso,0.73,Semáforo averiado,Tarde,1,1,0.928,3.2573,1,3,1
COL-0941,Cartagena,2022-04-14,12,10.4004,-75.4524,Comercial,Sensor_Fijo,Tráfico_Vehicular,72.8,Alto,67,935,40.5,0.93,Despejado,0.78,Mercado informal,Tarde,0,1,0.826,1.7975,1,4,2
COL-0821,Cartagena,2022-06-26,3,10.3982,-75.4437,Mixta,Sensor_Fijo,Construcción,62.7,Moderado,29,433,54.4,0.3,Despejado,0.84,Alta afluencia peatonal,Madrugada,0,1,0.296,1.1526,0,6,2
COL-0872,Cartagena,2022-07-11,0,10.3965,-75.4764,Residencial,Sensor_Fijo,Comercio,36.1,Bajo,4,34,59.8,0.1,Nublado,0.83,Festival o concierto,Madrugada,0,0,0.076,0.6037,0,7,3
COL-0123,Cartagena,2022-07-14,8,10.392,-75.4779,Comercial,Sensor_Fijo,Mixta,77.0,Alto,94,787,17.9,1.0,Despejado,0.98,Alta afluencia peatonal,Mañana,1,1,0.976,4.3017,1,7,3
COL-0138,Cartagena,2022-07-17,15,10.3691,-75.4404,Residencial,Sensor_Fijo,Tráfico_Vehicular,60.1,Alto,20,233,54.0,0.32,Nublado,0.92,Operación normal,Tarde,0,0,0.272,1.113,1,7,3
COL-0037,Cartagena,2022-10-24,23,10.43,-75.453,Residencial,Sensor_Móvil,Tráfico_Vehicular,37.0,Bajo,2,23,58.0,0.03,Despejado,0.99,Alta afluencia peatonal,Noche,0,0,0.026,0.6379,0,10,4
COL-0559,Cartagena,2022-10-27,19,10.3424,-75.4446,Mixta,Sensor_Fijo,Tráfico_Vehicular,72.6,Crítico,78,701,20.0,0.95,Despejado,0.88,Operación normal,Noche,1,1,0.882,3.63,1,10,4
COL-0429,Cartagena,2022-11-04,11,10.3716,-75.4323,Mixta,Sensor_Fijo,Construcción,76.4,Crítico,64,641,38.7,0.94,Ventoso,0.74,Festival o concierto,Mañana,0,1,0.82,1.9742,1,11,4
COL-0914,Cartagena,2022-11-20,0,10.3988,-75.5051,Residencial,Sensor_Fijo,Tráfico_Vehicular,31.3,Bajo,3,26,61.8,0.0,Despejado,0.99,Evento especial cercano,Madrugada,0,0,0.012,0.5065,0,11,4
COL-0329,Cartagena,2023-02-09,16,10.3823,-75.4934,Residencial,Sensor_Fijo,Tráfico_Vehicular,50.3,Moderado,38,482,45.5,0.46,Nublado,0.79,Mercado informal,Tarde,0,0,0.428,1.1055,1,2,1
COL-0031,Cartagena,2023-04-23,10,10.4187,-75.5152,Comercial,Sensor_Fijo,Comercio,67.8,Moderado,50,625,37.5,0.76,Despejado,0.74,Moto dañada transitando,Mañana,0,0,0.656,1.808,1,4,2
COL-0761,Cartagena,2023-05-27,1,10.3843,-75.4862,Comercial,Sensor_Fijo,Tráfico_Vehicular,52.2,Bajo,28,322,57.0,0.43,Ventoso,0.82,Medición estándar,Madrugada,0,0,0.37,0.9158,0,5,2
COL-0866,Cartagena,2023-07-17,19,10.3768,-75.5042,Mixta,Sensor_Fijo,Eventos,72.4,Crítico,78,775,30.8,0.89,Nublado,0.73,Medición estándar,Noche,1,1,0.846,2.3506,1,7,3
COL-0093,Cartagena,2023-07-18,6,10.416,-75.517,Residencial,Sensor_Fijo,Tráfico_Vehicular,42.0,Bajo,35,312,50.3,0.44,Lluvioso,0.88,Medición estándar,Mañana,0,0,0.404,0.835,1,7,3
COL-0796,Cartagena,2023-08-18,12,10.4054,-75.4987,Residencial,Sensor_Fijo,Tráfico_Vehicular,50.7,Moderado,34,502,40.2,0.5,Nublado,0.98,Alta afluencia peatonal,Tarde,0,0,0.436,1.2612,1,8,3
COL-0309,Cartagena,2023-09-28,7,10.4381,-75.4342,Comercial,Sensor_Fijo,Transporte_Público,77.7,Crítico,92,1235,25.7,1.0,Despejado,1.0,Semáforo averiado,Mañana,1,1,0.968,3.0233,1,9,3
COL-0212,Cartagena,2023-10-01,17,10.4295,-75.4488,Industrial,Sensor_Ciudadano,Tráfico_Vehicular,91.2,Crítico,76,863,25.4,0.98,Despejado,0.79,Obra en construcción,Tarde,1,1,0.892,3.5906,1,10,4
COL-0703,Cartagena,2023-11-03,12,10.4086,-75.4311,Comercial,Sensor_Fijo,Comercio,72.0,Alto,66,548,35.9,0.86,Despejado,0.72,Moto dañada transitando,Tarde,0,1,0.78,2.0056,1,11,4
COL-0430,Cartagena,2023-11-14,4,10.345,-75.4575,Residencial,Sensor_Móvil,Construcción,44.0,Bajo,0,0,62.0,0.13,Despejado,0.97,Moto dañada transitando,Madrugada,0,0,0.078,0.7097,0,11,4
COL-0021,Cartagena,2023-11-15,4,10.3492,-75.4358,Comercial,Sensor_Fijo,Tráfico_Vehicular,53.6,Bajo,30,284,46.5,0.49,Despejado,0.74,Medición estándar,Madrugada,0,0,0.414,1.1527,0,11,4
COL-0480,Cartagena,2023-11-21,1,10.4306,-75.4968,Hospitalaria,Sensor_Móvil,Transporte_Público,38.5,Moderado,0,0,55.0,0.0,Lluvioso,0.76,Operación normal,Madrugada,0,0,0.0,0.7,0,11,4
COL-0412,Cartagena,2023-11-24,16,10.3644,-75.4445,Residencial,Sensor_Fijo,Tráfico_Vehicular,54.8,Moderado,38,366,47.0,0.54,Lluvioso,0.76,Festival o concierto,Tarde,0,0,0.476,1.166,1,11,4
COL-0139,Cartagena,2024-02-03,10,10.3583,-75.5243,Mixta,Sensor_Móvil,Tráfico_Vehicular,77.6,Crítico,63,583,31.0,0.83,Lluvioso,0.72,Alta afluencia peatonal,Mañana,0,1,0.75,2.5032,1,2,1
COL-0484,Cartagena,2024-02-11,5,10.3651,-75.4855,Comercial,Sensor_Móvil,Transporte_Público,59.2,Bajo,21,240,45.2,0.33,Despejado,0.92,Moto dañada transitando,Madrugada,0,0,0.282,1.3097,0,2,1
COL-0513,Cartagena,2024-02-22,17,10.4344,-75.5092,Residencial,Sensor_Ciudadano,Transporte_Público,55.7,Alto,51,607,38.3,0.69,Despejado,0.99,Mercado informal,Tarde,1,0,0.618,1.4543,1,2,1
COL-0943,Cartagena,2024-02-26,16,10.3571,-75.4478,Comercial,Sensor_Móvil,Construcción,80.6,Crítico,59,817,32.1,0.79,Nublado,0.98,Semáforo averiado,Tarde,0,1,0.71,2.5109,1,2,1
COL-0440,Cartagena,2024-03-13,7,10.396,-75.5084,Residencial,Sensor_Fijo,Transporte_Público,61.8,Crítico,56,687,39.5,0.82,Despejado,0.88,Semáforo averiado,Mañana,1,0,0.716,1.5646,1,3,1
COL-0665,Cartagena,2024-03-26,8,10.3536,-75.4647,Industrial,Sensor_Fijo,Tráfico_Vehicular,89.5,Crítico,72,805,31.6,0.82,Lluvioso,0.7,Operación normal,Mañana,1,1,0.78,2.8323,1,3,1
COL-0824,Cartagena,2024-03-26,11,10.4014,-75.5063,Residencial,Sensor_Fijo,Comercio,56.8,Alto,33,485,34.0,0.33,Lluvioso,0.84,Operación normal,Mañana,0,0,0.33,1.6706,1,3,1
COL-0121,Cartagena,2024-03-27,20,10.4025,-75.5101,Residencial,Sensor_Fijo,Tráfico_Vehicular,47.0,Moderado,35,467,39.9,0.51,Lluvioso,0.97,Mercado informal,Noche,0,0,0.446,1.1779,1,3,1
COL-0411,Cartagena,2024-04-17,12,10.3573,-75.4485,Industrial,Sensor_Móvil,Construcción,92.8,Crítico,47,623,46.5,0.5,Lluvioso,0.78,Obra en construcción,Tarde,0,1,0.488,1.9957,1,4,2
COL-0174,Cartagena,2024-05-28,19,10.4126,-75.4832,Industrial,Sensor_Fijo,Tráfico_Vehicular,89.1,Crítico,77,965,35.2,0.88,Despejado,0.84,Festival o concierto,Noche,1,1,0.836,2.5312,1,5,2
COL-0695,Cartagena,2024-05-31,21,10.3769,-75.4589,Residencial,Sensor_Fijo,Industrial,53.8,Moderado,22,283,48.5,0.24,Lluvioso,0.76,Medición estándar,Noche,0,0,0.232,1.1093,1,5,2
COL-0341,Cartagena,2024-07-08,18,10.3967,-75.4927,Mixta,Sensor_Móvil,Tráfico_Vehicular,78.3,Crítico,87,1227,24.9,1.0,Nublado,0.97,Moto dañada transitando,Noche,1,1,0.948,3.1446,1,7,3
COL-0541,Cartagena,2024-07-12,18,10.4179,-75.4807,Mixta,Sensor_Móvil,Tráfico_Vehicular,72.9,Crítico,81,1093,32.3,1.0,Nublado,0.96,Obra en construcción,Noche,1,1,0.924,2.257,1,7,3
COL-0066,Cartagena,2024-07-14,18,10.3689,-75.492,Comercial,Sensor_Fijo,Tráfico_Vehicular,76.5,Alto,93,983,23.5,1.0,Lluvioso,0.81,Evento especial cercano,Noche,1,1,0.972,3.2553,1,7,3
COL-0963,Cartagena,2024-07-25,18,10.4009,-75.4771,Comercial,Sensor_Fijo,Mixta,75.7,Alto,92,782,26.9,1.0,Nublado,0.76,Festival o concierto,Noche,1,1,0.968,2.8141,1,7,3
COL-0655,Cartagena,2024-07-26,15,10.391,-75.4525,Industrial,Sensor_Fijo,Transporte_Público,80.4,Alto,46,520,45.0,0.5,Despejado,0.82,Evento especial cercano,Tarde,0,1,0.484,1.7867,1,7,3
COL-0338,Cartagena,2024-08-08,17,10.3829,-75.4647,Mixta,Sensor_Fijo,Tráfico_Vehicular,70.5,Alto,89,760,25.3,1.0,Despejado,0.92,Obra en construcción,Tarde,1,1,0.956,2.7866,1,8,3
COL-0817,Cartagena,2024-08-15,17,10.3951,-75.4757,Residencial,Sensor_Ciudadano,Transporte_Público,52.0,Moderado,63,918,36.6,0.77,Nublado,0.72,Medición estándar,Tarde,1,0,0.714,1.4208,1,8,3
COL-0667,Cartagena,2024-08-27,9,10.3518,-75.4313,Mixta,Sensor_Móvil,Comercio,67.6,Alto,80,822,35.1,1.0,Nublado,0.9,Medición estándar,Mañana,1,0,0.92,1.9259,1,8,3
COL-0524,Cartagena,2024-09-11,20,10.362,-75.4367,Mixta,Sensor_Fijo,Construcción,75.9,Crítico,64,831,33.7,0.88,Despejado,0.75,Medición estándar,Noche,0,1,0.784,2.2522,1,9,3
COL-0956,Cartagena,2024-10-18,21,10.4206,-75.5015,Comercial,Sensor_Móvil,Construcción,72.7,Alto,51,737,36.6,0.71,Despejado,0.87,Obra en construcción,Noche,0,1,0.63,1.9863,1,10,4
COL-0315,Cartagena,2024-11-11,23,10.4023,-75.4515,Industrial,Sensor_Móvil,Construcción,75.8,Moderado,15,199,46.4,0.24,Nublado,1.0,Evento especial cercano,Noche,0,1,0.204,1.6336,0,11,4
COL-0536,Cartagena,2024-11-17,19,10.4013,-75.5205,Mixta,Sensor_Fijo,Transporte_Público,73.1,Crítico,85,853,33.3,0.96,Nublado,0.71,Semáforo averiado,Noche,1,1,0.916,2.1952,1,11,4
COL-0954,Cartagena,2024-11-20,3,10.4105,-75.4538,Residencial,Sensor_Móvil,Transporte_Público,40.7,Bajo,0,0,54.5,0.0,Nublado,0.73,Evento especial cercano,Madrugada,0,0,0.0,0.7468,0,11,4
COL-0850,Cartagena,2024-11-27,4,10.3459,-75.4323,Comercial,Sensor_Móvil,Tráfico_Vehicular,58.5,Bajo,35,521,50.0,0.54,Nublado,0.72,Alta afluencia peatonal,Madrugada,0,0,0.464,1.17,0,11,4
COL-0515,Cartagena,2024-12-16,13,10.4233,-75.5104,Comercial,Sensor_Fijo,Comercio,68.4,Moderado,62,537,39.8,0.92,Despejado,0.92,Mercado informal,Tarde,0,0,0.8,1.7186,1,12,4
COL-0576,Cartagena,2025-01-28,15,10.35,-75.4589,Comercial,Sensor_Fijo,Comercio,67.8,Moderado,66,979,32.0,0.76,Despejado,0.9,Operación normal,Tarde,0,0,0.72,2.1188,1,1,1
COL-0526,Cartagena,2025-02-09,14,10.3663,-75.4962,Mixta,Sensor_Ciudadano,Construcción,78.3,Crítico,49,610,40.6,0.75,Lluvioso,0.91,Mercado informal,Tarde,0,1,0.646,1.9286,1,2,1
COL-0271,Cartagena,2025-02-18,4,10.346,-75.5043,Residencial,Sensor_Móvil,Industrial,48.0,Moderado,0,0,64.9,0.05,Despejado,0.91,Obra en construcción,Madrugada,0,0,0.03,0.7396,0,2,1
COL-0175,Cartagena,2025-02-22,23,10.4116,-75.5033,Comercial,Sensor_Fijo,Transporte_Público,56.6,Bajo,31,449,46.5,0.49,Nublado,0.85,Alta afluencia peatonal,Noche,0,0,0.418,1.2172,0,2,1
COL-0884,Cartagena,2025-02-28,9,10.4367,-75.4981,Comercial,Sensor_Fijo,Transporte_Público,83.8,Crítico,80,895,26.5,1.0,Despejado,0.9,Semáforo averiado,Mañana,1,1,0.92,3.1623,1,2,1
COL-0608,Cartagena,2025-03-14,20,10.406,-75.441,Residencial,Sensor_Fijo,Comercio,49.8,Moderado,21,236,41.8,0.37,Lluvioso,0.91,Medición estándar,Noche,0,0,0.306,1.1914,1,3,1
COL-0594,Cartagena,2025-05-07,18,10.3628,-75.4775,Comercial,Sensor_Fijo,Transporte_Público,80.1,Crítico,94,869,21.4,1.0,Despejado,0.94,Operación normal,Noche,1,1,0.976,3.743,1,5,2
COL-0331,Cartagena,2025-05-18,16,10.4068,-75.4694,Comercial,Sensor_Fijo,Comercio,71.1,Alto,57,497,43.6,0.61,Despejado,0.78,Obra en construcción,Tarde,0,1,0.594,1.6307,1,5,2
COL-0405,Cartagena,2025-06-02,4,10.3494,-75.4442,Mixta,Sensor_Móvil,Transporte_Público,56.0,Moderado,20,185,37.5,0.27,Despejado,0.99,Evento especial cercano,Madrugada,0,0,0.242,1.4933,0,6,2
COL-0626,Cartagena,2025-07-25,5,10.379,-75.4821,Educativa,Sensor_Ciudadano,Transporte_Público,46.0,Bajo,15,200,53.7,0.12,Lluvioso,0.99,Alta afluencia peatonal,Madrugada,0,0,0.132,0.8566,0,7,3
COL-0323,Cartagena,2025-08-14,21,10.4225,-75.4665,Residencial,Sensor_Fijo,Construcción,54.0,Moderado,40,583,49.2,0.57,Despejado,0.89,Operación normal,Noche,0,0,0.502,1.0976,1,8,3
COL-0973,Cartagena,2025-09-01,8,10.3584,-75.5157,Residencial,Sensor_Fijo,Tráfico_Vehicular,59.0,Alto,59,842,29.4,0.87,Despejado,0.81,Mercado informal,Mañana,1,0,0.758,2.0068,1,9,3
COL-0333,Cartagena,2025-09-04,11,10.3805,-75.4908,Industrial,Sensor_Fijo,Industrial,85.6,Alto,51,570,43.3,0.7,Nublado,0.83,Evento especial cercano,Mañana,0,1,0.624,1.9769,1,9,3
COL-0457,Cartagena,2025-10-05,17,10.3903,-75.5222,Industrial,Sensor_Ciudadano,Eventos,88.3,Crítico,81,867,31.8,1.0,Despejado,0.99,Medición estándar,Tarde,1,1,0.924,2.7767,1,10,4
COL-0747,Cartagena,2025-10-22,18,10.3962,-75.483,Comercial,Sensor_Fijo,Eventos,80.4,Crítico,94,896,21.7,1.0,Despejado,0.75,Alta afluencia peatonal,Noche,1,1,0.976,3.7051,1,10,4
COL-0566,Cartagena,2025-12-15,9,10.3585,-75.4958,Comercial,Sensor_Ciudadano,Industrial,88.4,Crítico,90,1253,24.6,1.0,Despejado,0.73,Semáforo averiado,Mañana,1,1,0.96,3.5935,1,12,4
COL-0800,Cartagena,2025-12-24,23,10.4312,-75.4719,Residencial,Sensor_Móvil,Comercio,39.5,Bajo,0,0,59.0,0.0,Nublado,0.99,Festival o concierto,Noche,0,0,0.0,0.6695,0,12,4
COL-0641,Manizales,2022-04-01,22,5.0527,-75.5092,Residencial,Sensor_Fijo,Construcción,53.4,Moderado,1,10,50.4,0.11,Nublado,0.95,Medición estándar,Noche,0,0,0.07,1.0595,0,4,2
COL-0221,Manizales,2022-04-12,15,5.063,-75.5169,Residencial,Sensor_Fijo,Tráfico_Vehicular,49.9,Moderado,34,411,41.5,0.52,Nublado,0.95,Moto dañada transitando,Tarde,0,0,0.448,1.2024,1,4,2
COL-0199,Manizales,2022-05-23,15,5.0862,-75.5118,Industrial,Sensor_Fijo,Tráfico_Vehicular,85.0,Alto,43,474,38.3,0.51,Lluvioso,0.72,Evento especial cercano,Tarde,0,1,0.478,2.2193,1,5,2
COL-0995,Manizales,2022-05-31,3,5.0447,-75.4938,Mixta,Sensor_Fijo,Tráfico_Vehicular,51.2,Bajo,30,265,44.3,0.29,Despejado,0.76,Medición estándar,Madrugada,0,0,0.294,1.1558,0,5,2
COL-0722,Manizales,2022-06-03,22,5.0601,-75.4752,Comercial,Sensor_Fijo,Comercio,70.3,Alto,34,484,48.6,0.48,Nublado,0.76,Mercado informal,Noche,0,1,0.424,1.4465,0,6,2
COL-0752,Manizales,2022-06-07,12,5.1003,-75.491,Mixta,Sensor_Fijo,Transporte_Público,66.8,Alto,48,623,39.4,0.66,Nublado,0.98,Operación normal,Tarde,0,0,0.588,1.6954,1,6,2
COL-0087,Manizales,2022-06-15,14,5.045,-75.4685,Mixta,Sensor_Fijo,Construcción,72.1,Crítico,58,785,42.2,0.66,Nublado,0.88,Semáforo averiado,Tarde,0,1,0.628,1.7085,1,6,2
COL-0216,Manizales,2022-06-23,5,5.0891,-75.5121,Residencial,Sensor_Fijo,Construcción,47.0,Moderado,0,0,66.2,0.03,Despejado,0.87,Semáforo averiado,Madrugada,0,0,0.018,0.71,0,6,2
COL-0444,Manizales,2022-06-23,19,5.1006,-75.5388,Mixta,Sensor_Fijo,Comercio,75.2,Crítico,85,883,23.2,1.0,Despejado,0.86,Evento especial cercano,Noche,1,1,0.94,3.2414,1,6,2
COL-0787,Manizales,2022-06-29,2,5.101,-75.5575,Residencial,Sensor_Ciudadano,Construcción,53.1,Moderado,0,0,60.0,0.0,Despejado,0.96,Medición estándar,Madrugada,0,0,0.0,0.885,0,6,2
COL-0110,Manizales,2022-08-23,12,5.063,-75.5378,Residencial,Sensor_Móvil,Tráfico_Vehicular,54.8,Moderado,24,207,57.7,0.42,Despejado,0.98,Alta afluencia peatonal,Tarde,0,0,0.348,0.9497,1,8,3
COL-0840,Manizales,2022-09-20,16,5.1039,-75.5288,Mixta,Sensor_Ciudadano,Tráfico_Vehicular,70.2,Alto,51,720,44.3,0.68,Despejado,0.84,Mercado informal,Tarde,0,1,0.612,1.5847,1,9,3
COL-0256,Manizales,2022-10-09,18,5.0939,-75.5332,Residencial,Sensor_Fijo,Comercio,63.6,Crítico,55,507,33.0,0.64,Despejado,0.96,Medición estándar,Noche,1,1,0.604,1.9273,1,10,4
COL-0434,Manizales,2022-10-17,3,5.0744,-75.4732,Residencial,Sensor_Fijo,Mixta,43.1,Bajo,0,0,63.9,0.0,Nublado,0.89,Moto dañada transitando,Madrugada,0,0,0.0,0.6745,0,10,4
COL-0210,Manizales,2022-11-19,18,5.0611,-75.5591,Comercial,Sensor_Fijo,Tráfico_Vehicular,75.9,Alto,80,1029,32.7,1.0,Nublado,0.93,Moto dañada transitando,Noche,1,1,0.92,2.3211,1,11,4
COL-0952,Manizales,2022-11-23,20,5.0764,-75.4715,Mixta,Sensor_Fijo,Transporte_Público,63.9,Moderado,57,479,34.8,0.71,Despejado,0.93,Moto dañada transitando,Noche,0,1,0.654,1.8362,1,11,4
COL-0947,Manizales,2022-11-24,1,5.041,-75.4937,Comercial,Sensor_Fijo,Construcción,65.8,Moderado,34,414,51.1,0.48,Despejado,0.73,Semáforo averiado,Madrugada,0,1,0.424,1.2877,0,11,4
COL-0486,Manizales,2022-11-29,21,5.1026,-75.4911,Comercial,Sensor_Móvil,Transporte_Público,65.7,Moderado,57,474,35.1,0.64,Nublado,0.71,Obra en construcción,Noche,0,1,0.612,1.8718,1,11,4
COL-0025,Manizales,2023-02-25,16,5.0257,-75.475,Residencial,Sensor_Móvil,Tráfico_Vehicular,52.4,Moderado,31,399,44.4,0.48,Nublado,0.75,Medición estándar,Tarde,0,0,0.412,1.1802,1,2,1
COL-0255,Manizales,2023-03-09,9,5.0795,-75.557,Residencial,Sensor_Móvil,Eventos,59.8,Alto,58,608,39.0,0.83,Despejado,0.81,Medición estándar,Mañana,1,0,0.73,1.5333,1,3,1
COL-0574,Manizales,2023-03-18,11,5.07,-75.4765,Residencial,Sensor_Fijo,Eventos,46.6,Bajo,27,285,52.0,0.38,Despejado,0.98,Obra en construcción,Mañana,0,0,0.336,0.8962,1,3,1
COL-0521,Manizales,2023-05-28,8,5.109,-75.5072,Comercial,Sensor_Fijo,Transporte_Público,76.1,Alto,80,894,26.6,1.0,Despejado,0.83,Alta afluencia peatonal,Mañana,1,1,0.92,2.8609,1,5,2
COL-0770,Manizales,2023-06-21,12,5.083,-75.5241,Mixta,Sensor_Fijo,Tráfico_Vehicular,65.0,Moderado,46,444,42.6,0.54,Despejado,0.96,Alta afluencia peatonal,Tarde,0,0,0.508,1.5258,1,6,2
COL-0936,Manizales,2023-07-02,2,5.0555,-75.4928,Mixta,Sensor_Móvil,Transporte_Público,47.0,Bajo,18,267,45.4,0.14,Nublado,0.86,Alta afluencia peatonal,Madrugada,0,0,0.156,1.0352,0,7,3
COL-0357,Manizales,2023-07-17,1,5.0931,-75.5243,Comercial,Sensor_Fijo,Eventos,63.4,Moderado,34,396,43.1,0.4,Lluvioso,0.9,Festival o concierto,Madrugada,0,1,0.376,1.471,0,7,3
COL-0663,Manizales,2023-09-28,16,5.105,-75.5326,Residencial,Sensor_Fijo,Tráfico_Vehicular,52.9,Moderado,32,319,42.7,0.41,Lluvioso,0.93,Moto dañada transitando,Tarde,0,0,0.374,1.2389,1,9,3
COL-0347,Manizales,2023-10-24,14,5.1086,-75.552,Comercial,Sensor_Fijo,Tráfico_Vehicular,78.4,Crítico,65,843,28.6,0.81,Nublado,0.73,Semáforo averiado,Tarde,0,1,0.746,2.7413,1,10,4
COL-0099,Manizales,2023-10-28,23,5.1121,-75.5301,Comercial,Sensor_Móvil,Tráfico_Vehicular,47.0,Bajo,34,351,41.3,0.37,Lluvioso,0.89,Evento especial cercano,Noche,0,0,0.358,1.138,0,10,4
COL-0558,Manizales,2023-11-18,22,5.0665,-75.5192,Comercial,Sensor_Fijo,Tráfico_Vehicular,62.4,Moderado,33,346,40.9,0.32,Nublado,0.86,Obra en construcción,Noche,0,1,0.324,1.5257,0,11,4
COL-0542,Manizales,2023-12-17,23,5.0426,-75.5201,Hospitalaria,Sensor_Móvil,Comercio,43.7,Moderado,0,0,56.2,0.0,Despejado,0.82,Alta afluencia peatonal,Noche,0,0,0.0,0.7776,0,12,4
COL-0322,Manizales,2023-12-21,17,5.1034,-75.4743,Comercial,Sensor_Fijo,Tráfico_Vehicular,63.1,Moderado,91,806,19.2,1.0,Despejado,0.79,Alta afluencia peatonal,Tarde,1,0,0.964,3.2865,1,12,4
COL-0631,Manizales,2024-01-02,1,5.0515,-75.5426,Residencial,Sensor_Móvil,Tráfico_Vehicular,38.5,Bajo,1,14,68.8,0.0,Despejado,0.74,Obra en construcción,Madrugada,0,0,0.004,0.5596,0,1,1
COL-0673,Manizales,2024-01-02,5,5.0305,-75.4682,Educativa,Sensor_Fijo,Tráfico_Vehicular,45.6,Bajo,9,91,51.3,0.1,Lluvioso,0.91,Semáforo averiado,Madrugada,0,0,0.096,0.8889,0,1,1
COL-0804,Manizales,2024-01-11,3,5.0248,-75.4682,Comercial,Sensor_Fijo,Comercio,53.8,Bajo,23,252,52.5,0.26,Despejado,0.78,Evento especial cercano,Madrugada,0,0,0.248,1.0248,0,1,1
COL-0726,Manizales,2024-01-15,1,5.0587,-75.5575,Comercial,Sensor_Fijo,Transporte_Público,57.1,Bajo,26,288,52.6,0.3,Despejado,0.91,Moto dañada transitando,Madrugada,0,0,0.284,1.0856,0,1,1
COL-0725,Manizales,2024-04-11,8,5.0615,-75.5072,Mixta,Sensor_Fijo,Transporte_Público,68.8,Alto,78,837,27.3,1.0,Despejado,0.99,Evento especial cercano,Mañana,1,1,0.912,2.5201,1,4,2
COL-0351,Manizales,2024-06-19,22,5.083,-75.5605,Comercial,Sensor_Fijo,Comercio,72.4,Alto,21,237,53.9,0.36,Lluvioso,0.8,Alta afluencia peatonal,Noche,0,1,0.3,1.3432,0,6,2
COL-0230,Manizales,2024-06-24,3,5.0634,-75.5533,Residencial,Sensor_Móvil,Mixta,37.7,Bajo,4,46,58.9,0.18,Ventoso,0.7,Semáforo averiado,Madrugada,0,0,0.124,0.6401,0,6,2
COL-0568,Manizales,2024-07-07,14,5.0864,-75.5523,Hospitalaria,Sensor_Móvil,Transporte_Público,52.4,Crítico,25,230,48.9,0.27,Despejado,0.9,Mercado informal,Tarde,0,0,0.262,1.0716,1,7,3
COL-0061,Manizales,2024-07-07,19,5.0572,-75.5225,Residencial,Sensor_Ciudadano,Tráfico_Vehicular,58.2,Alto,63,853,31.2,0.69,Despejado,0.79,Operación normal,Noche,1,1,0.666,1.8654,1,7,3
COL-0825,Manizales,2024-09-07,17,5.0964,-75.5086,Mixta,Sensor_Fijo,Comercio,67.7,Alto,86,994,20.2,1.0,Despejado,0.73,Festival o concierto,Tarde,1,0,0.944,3.3515,1,9,3
COL-0953,Manizales,2024-10-17,2,5.0461,-75.5474,Residencial,Sensor_Móvil,Transporte_Público,39.0,Bajo,0,0,65.2,0.1,Nublado,0.98,Mercado informal,Madrugada,0,0,0.06,0.5982,0,10,4
COL-0547,Manizales,2024-10-25,6,5.0419,-75.5435,Mixta,Sensor_Fijo,Transporte_Público,56.1,Moderado,64,646,37.4,0.77,Nublado,0.73,Medición estándar,Mañana,0,0,0.718,1.5,1,10,4
COL-0755,Manizales,2024-12-20,22,5.0766,-75.5591,Educativa,Sensor_Fijo,Tráfico_Vehicular,50.8,Moderado,3,38,52.7,0.03,Despejado,0.8,Mercado informal,Noche,0,0,0.03,0.9639,0,12,4
COL-0901,Manizales,2025-01-22,10,5.1193,-75.56,Industrial,Sensor_Fijo,Tráfico_Vehicular,76.7,Moderado,43,565,38.7,0.57,Despejado,0.84,Operación normal,Mañana,0,1,0.514,1.9819,1,1,1
COL-0097,Manizales,2025-01-28,15,5.0294,-75.5493,Industrial,Sensor_Fijo,Tráfico_Vehicular,74.9,Moderado,59,577,34.0,0.73,Nublado,0.86,Alta afluencia peatonal,Tarde,0,0,0.674,2.2029,1,1,1
COL-0999,Manizales,2025-01-31,3,5.0626,-75.5484,Comercial,Sensor_Fijo,Construcción,60.2,Moderado,20,198,46.8,0.21,Despejado,0.87,Festival o concierto,Madrugada,0,1,0.206,1.2863,0,1,1
COL-0949,Manizales,2025-03-29,22,5.0225,-75.5405,Comercial,Sensor_Ciudadano,Eventos,64.6,Moderado,32,317,43.9,0.38,Despejado,0.88,Medición estándar,Noche,0,1,0.356,1.4715,0,3,1
COL-0442,Manizales,2025-05-03,2,5.0626,-75.5591,Residencial,Sensor_Fijo,Eventos,41.6,Bajo,0,0,58.5,0.13,Despejado,0.72,Obra en construcción,Madrugada,0,0,0.078,0.7111,0,5,2
COL-0034,Manizales,2025-05-05,5,5.0738,-75.4955,Residencial,Sensor_Móvil,Eventos,42.5,Bajo,0,0,60.9,0.12,Nublado,0.87,Alta afluencia peatonal,Madrugada,0,0,0.072,0.6979,0,5,2
COL-0215,Manizales,2025-05-06,1,5.0514,-75.4954,Industrial,Sensor_Móvil,Tráfico_Vehicular,61.1,Bajo,19,163,58.1,0.17,Despejado,0.92,Semáforo averiado,Madrugada,0,0,0.178,1.0516,0,5,2
COL-0355,Manizales,2025-07-17,16,5.0877,-75.502,Industrial,Sensor_Fijo,Industrial,88.3,Crítico,53,464,47.8,0.61,Ventoso,0.86,Operación normal,Tarde,0,1,0.578,1.8473,1,7,3
COL-0201,Manizales,2025-07-20,20,5.0954,-75.5255,Comercial,Sensor_Móvil,Tráfico_Vehicular,65.4,Moderado,53,428,39.0,0.65,Nublado,0.85,Moto dañada transitando,Noche,0,1,0.602,1.6769,1,7,3
COL-0903,Manizales,2025-08-07,8,5.1074,-75.517,Industrial,Sensor_Fijo,Transporte_Público,88.9,Crítico,74,1042,33.1,0.9,Despejado,0.74,Alta afluencia peatonal,Mañana,1,1,0.836,2.6858,1,8,3
COL-0183,Manizales,2025-09-09,20,5.0543,-75.5285,Residencial,Sensor_Fijo,Transporte_Público,45.4,Bajo,21,243,46.2,0.19,Despejado,0.91,Evento especial cercano,Noche,0,0,0.198,0.9827,1,9,3
COL-0151,Manizales,2025-09-24,12,5.0266,-75.5086,Industrial,Sensor_Fijo,Construcción,92.0,Crítico,54,554,38.6,0.77,Lluvioso,0.83,Festival o concierto,Tarde,0,1,0.678,2.3834,1,9,3
COL-0777,Manizales,2025-11-22,7,5.1171,-75.5121,Residencial,Sensor_Fijo,Construcción,65.1,Crítico,59,781,37.6,0.88,Despejado,0.98,Obra en construcción,Mañana,1,1,0.764,1.7314,1,11,4
COL-0268,Manizales,2025-12-12,21,5.117,-75.5085,Comercial,Sensor_Fijo,Eventos,65.8,Moderado,53,785,39.3,0.63,Lluvioso,0.83,Obra en construcción,Noche,0,1,0.59,1.6743,1,12,4
COL-0856,Manizales,2025-12-23,9,5.0246,-75.5047,Comercial,Sensor_Fijo,Transporte_Público,75.3,Alto,85,1098,25.2,1.0,Despejado,0.73,Evento especial cercano,Mañana,1,1,0.94,2.9881,1,12,4
COL-0035,Medellín,2022-01-06,12,6.278,-75.6001,Mixta,Sensor_Fijo,Transporte_Público,66.2,Alto,57,579,35.6,0.67,Lluvioso,0.96,Alta afluencia peatonal,Tarde,0,0,0.63,1.8596,1,1,1
COL-0051,Medellín,2022-02-02,10,6.2066,-75.5568,Mixta,Sensor_Fijo,Comercio,61.8,Moderado,53,611,41.2,0.74,Nublado,0.91,Evento especial cercano,Mañana,0,0,0.656,1.5,1,2,1
COL-0572,Medellín,2022-02-08,9,6.2517,-75.5274,Comercial,Sensor_Fijo,Comercio,81.0,Crítico,83,860,27.2,1.0,Lluvioso,0.72,Moto dañada transitando,Mañana,1,1,0.932,2.9779,1,2,1
COL-0959,Medellín,2022-02-17,5,6.2428,-75.5661,Residencial,Sensor_Fijo,Transporte_Público,37.2,Bajo,0,0,62.9,0.0,Lluvioso,0.83,Mercado informal,Madrugada,0,0,0.0,0.5914,0,2,1
COL-0812,Medellín,2022-02-23,4,6.2571,-75.5547,Industrial,Sensor_Ciudadano,Industrial,70.8,Moderado,21,273,61.5,0.31,Despejado,0.7,Mercado informal,Madrugada,0,1,0.27,1.1512,0,2,1
COL-0186,Medellín,2022-03-01,3,6.2126,-75.5821,Comercial,Sensor_Móvil,Industrial,76.5,Alto,27,283,54.3,0.42,Nublado,0.77,Evento especial cercano,Madrugada,0,1,0.36,1.4088,0,3,1
COL-0076,Medellín,2022-03-05,19,6.2738,-75.6131,Comercial,Sensor_Fijo,Transporte_Público,80.9,Crítico,83,672,22.8,1.0,Lluvioso,0.83,Mercado informal,Noche,1,1,0.932,3.5482,1,3,1
COL-0656,Medellín,2022-03-17,0,6.267,-75.5311,Residencial,Sensor_Móvil,Construcción,41.5,Bajo,0,0,61.3,0.0,Despejado,0.8,Mercado informal,Madrugada,0,0,0.0,0.677,0,3,1
COL-0561,Medellín,2022-03-20,6,6.2199,-75.5818,Educativa,Sensor_Ciudadano,Transporte_Público,44.1,Bajo,48,690,38.1,0.61,Despejado,0.75,Obra en construcción,Mañana,0,0,0.558,1.1575,1,3,1
COL-0715,Medellín,2022-03-28,10,6.2279,-75.5543,Residencial,Sensor_Fijo,Construcción,64.4,Crítico,25,346,35.3,0.37,Lluvioso,0.71,Evento especial cercano,Mañana,0,0,0.322,1.8244,1,3,1
COL-0888,Medellín,2022-04-04,6,6.2333,-75.5663,Hospitalaria,Sensor_Ciudadano,Comercio,42.7,Moderado,33,483,50.2,0.5,Despejado,0.98,Operación normal,Mañana,0,0,0.432,0.8506,1,4,2
COL-0674,Medellín,2022-04-08,3,6.2526,-75.6021,Residencial,Sensor_Fijo,Tráfico_Vehicular,40.4,Bajo,0,0,66.4,0.11,Despejado,0.83,Alta afluencia peatonal,Madrugada,0,0,0.066,0.6084,0,4,2
COL-0988,Medellín,2022-04-15,18,6.237,-75.6206,Residencial,Sensor_Fijo,Tráfico_Vehicular,53.8,Moderado,53,513,38.1,0.71,Despejado,0.95,Alta afluencia peatonal,Noche,1,0,0.638,1.4121,1,4,2
COL-0153,Medellín,2022-04-16,4,6.2767,-75.5871,Mixta,Sensor_Ciudadano,Tráfico_Vehicular,52.5,Bajo,29,394,51.0,0.32,Despejado,0.96,Medición estándar,Madrugada,0,0,0.308,1.0294,0,4,2
COL-0522,Medellín,2022-04-17,6,6.2932,-75.5893,Comercial,Sensor_Fijo,Transporte_Público,51.6,Bajo,60,726,40.6,0.85,Despejado,0.75,Mercado informal,Mañana,0,0,0.75,1.2709,1,4,2
COL-0545,Medellín,2022-04-20,6,6.2565,-75.5403,Industrial,Sensor_Fijo,Tráfico_Vehicular,64.7,Bajo,50,698,40.9,0.67,Despejado,0.73,Mercado informal,Mañana,0,0,0.602,1.5819,1,4,2
COL-0251,Medellín,2022-04-23,5,6.2059,-75.5747,Mixta,Sensor_Móvil,Tráfico_Vehicular,55.7,Moderado,27,365,55.6,0.24,Nublado,0.95,Evento especial cercano,Madrugada,0,0,0.252,1.0018,0,4,2
COL-0848,Medellín,2022-04-24,8,6.2498,-75.5729,Comercial,Sensor_Fijo,Mixta,73.0,Alto,88,1165,23.4,1.0,Despejado,0.83,Medición estándar,Mañana,1,1,0.952,3.1197,1,4,2
COL-0654,Medellín,2022-05-10,21,6.2813,-75.5539,Industrial,Sensor_Fijo,Construcción,90.9,Crítico,42,493,56.9,0.5,Lluvioso,0.79,Medición estándar,Noche,0,1,0.468,1.5975,1,5,2
COL-0822,Medellín,2022-05-15,0,6.2125,-75.5742,Mixta,Sensor_Móvil,Industrial,62.4,Moderado,27,288,54.5,0.31,Nublado,0.89,Mercado informal,Madrugada,0,1,0.294,1.145,0,5,2
COL-0737,Medellín,2022-05-18,6,6.2542,-75.5768,Mixta,Sensor_Móvil,Tráfico_Vehicular,58.2,Moderado,46,501,36.7,0.68,Lluvioso,0.79,Evento especial cercano,Mañana,0,0,0.592,1.5858,1,5,2
COL-0616,Medellín,2022-05-19,15,6.2297,-75.548,Educativa,Sensor_Ciudadano,Construcción,65.5,Crítico,32,321,43.2,0.38,Despejado,0.99,Evento especial cercano,Tarde,0,1,0.356,1.5162,1,5,2
COL-0026,Medellín,2022-05-21,14,6.2359,-75.6191,Comercial,Sensor_Fijo,Transporte_Público,77.0,Alto,53,541,40.5,0.69,Ventoso,0.88,Semáforo averiado,Tarde,0,1,0.626,1.9012,1,5,2
COL-0911,Medellín,2022-05-30,5,6.2274,-75.5695,Comercial,Sensor_Ciudadano,Tráfico_Vehicular,60.9,Moderado,20,252,56.6,0.28,Nublado,0.75,Medición estándar,Madrugada,0,1,0.248,1.076,0,5,2
COL-0782,Medellín,2022-06-01,5,6.2456,-75.566,Residencial,Sensor_Ciudadano,Tráfico_Vehicular,32.3,Bajo,0,0,64.2,0.0,Despejado,0.75,Medición estándar,Madrugada,0,0,0.0,0.5031,0,6,2
COL-0834,Medellín,2022-06-01,12,6.2327,-75.5893,Comercial,Sensor_Móvil,Comercio,74.9,Alto,69,771,36.4,0.79,Ventoso,0.85,Mercado informal,Tarde,0,1,0.75,2.0577,1,6,2
COL-0362,Medellín,2022-06-01,14,6.2785,-75.5329,Comercial,Sensor_Ciudadano,Transporte_Público,80.6,Crítico,68,744,32.7,0.93,Despejado,0.92,Evento especial cercano,Tarde,0,1,0.83,2.4648,1,6,2
COL-0307,Medellín,2022-06-11,11,6.2101,-75.6061,Residencial,Sensor_Fijo,Transporte_Público,57.9,Alto,34,425,45.3,0.56,Lluvioso,0.85,Alta afluencia peatonal,Mañana,0,0,0.472,1.2781,1,6,2
COL-0692,Medellín,2022-06-19,22,6.213,-75.5642,Residencial,Sensor_Móvil,Construcción,49.8,Moderado,4,38,51.0,0.04,Nublado,0.75,Moto dañada transitando,Noche,0,0,0.04,0.9765,0,6,2
COL-0136,Medellín,2022-07-10,22,6.2052,-75.6127,Industrial,Sensor_Móvil,Comercio,81.3,Alto,17,203,58.1,0.36,Lluvioso,0.74,Evento especial cercano,Noche,0,1,0.284,1.3993,0,7,3
COL-0421,Medellín,2022-07-13,23,6.1991,-75.6054,Mixta,Sensor_Fijo,Construcción,55.6,Moderado,26,263,42.4,0.32,Despejado,0.79,Operación normal,Noche,0,0,0.296,1.3113,0,7,3
COL-0108,Medellín,2022-07-23,15,6.2094,-75.5498,Comercial,Sensor_Fijo,Construcción,80.1,Crítico,66,755,34.6,0.8,Lluvioso,0.81,Mercado informal,Tarde,0,1,0.744,2.315,1,7,3
COL-0979,Medellín,2022-08-09,18,6.2461,-75.5432,Residencial,Sensor_Ciudadano,Comercio,61.0,Crítico,63,803,41.5,0.76,Despejado,0.94,Mercado informal,Noche,1,1,0.708,1.4699,1,8,3
COL-0317,Medellín,2022-08-22,11,6.2602,-75.5612,Mixta,Sensor_Móvil,Transporte_Público,66.5,Alto,62,753,33.3,0.9,Lluvioso,0.83,Alta afluencia peatonal,Mañana,0,0,0.788,1.997,1,8,3
COL-0023,Medellín,2022-09-15,10,6.2246,-75.552,Residencial,Sensor_Ciudadano,Transporte_Público,49.6,Moderado,28,393,42.8,0.43,Lluvioso,0.99,Medición estándar,Mañana,0,0,0.37,1.1589,1,9,3
COL-0927,Medellín,2022-09-25,20,6.2615,-75.5973,Mixta,Sensor_Fijo,Tráfico_Vehicular,67.1,Alto,52,510,48.0,0.76,Lluvioso,0.81,Moto dañada transitando,Noche,0,1,0.664,1.3979,1,9,3
COL-0560,Medellín,2022-10-09,22,6.2022,-75.5978,Industrial,Sensor_Fijo,Transporte_Público,85.1,Alto,11,102,54.6,0.25,Lluvioso,0.9,Festival o concierto,Noche,0,1,0.194,1.5586,0,10,4
COL-0731,Medellín,2022-10-20,18,6.2754,-75.5382,Comercial,Sensor_Fijo,Tráfico_Vehicular,80.3,Crítico,80,876,27.0,0.98,Despejado,0.94,Semáforo averiado,Noche,1,1,0.908,2.9741,1,10,4
COL-0195,Medellín,2022-10-21,17,6.2387,-75.5516,Comercial,Sensor_Fijo,Transporte_Público,79.0,Crítico,88,914,19.9,1.0,Despejado,0.9,Moto dañada transitando,Tarde,1,1,0.952,3.9698,1,10,4
COL-0327,Medellín,2022-10-27,19,6.2046,-75.5926,Industrial,Sensor_Fijo,Construcción,99.3,Crítico,77,804,35.0,1.0,Despejado,0.85,Operación normal,Noche,1,1,0.908,2.8371,1,10,4
COL-0350,Medellín,2022-11-06,6,6.2575,-75.5556,Comercial,Sensor_Fijo,Transporte_Público,59.0,Bajo,53,681,38.7,0.61,Ventoso,0.96,Operación normal,Mañana,0,0,0.578,1.5245,1,11,4
COL-0471,Medellín,2022-11-14,7,6.262,-75.6058,Comercial,Sensor_Ciudadano,Comercio,77.0,Alto,86,1085,29.8,1.0,Despejado,0.94,Festival o concierto,Mañana,1,1,0.944,2.5839,1,11,4
COL-0397,Medellín,2022-12-20,12,6.2247,-75.5751,Residencial,Sensor_Fijo,Eventos,57.0,Alto,36,367,49.9,0.39,Despejado,0.71,Moto dañada transitando,Tarde,0,0,0.378,1.1423,1,12,4
COL-0646,Medellín,2022-12-25,14,6.2255,-75.5305,Hospitalaria,Sensor_Fijo,Mixta,52.7,Crítico,42,424,43.9,0.58,Despejado,0.72,Alta afluencia peatonal,Tarde,0,0,0.516,1.2005,1,12,4
COL-0464,Medellín,2023-01-05,23,6.2745,-75.5767,Residencial,Sensor_Fijo,Industrial,44.9,Bajo,0,0,53.0,0.0,Despejado,0.96,Mercado informal,Noche,0,0,0.0,0.8472,0,1,1
COL-0487,Medellín,2023-01-06,13,6.2613,-75.531,Residencial,Sensor_Ciudadano,Tráfico_Vehicular,48.5,Moderado,33,386,45.3,0.49,Despejado,0.75,Mercado informal,Tarde,0,0,0.426,1.0706,1,1,1
COL-0384,Medellín,2023-01-21,1,6.234,-75.5502,Residencial,Sensor_Fijo,Transporte_Público,30.5,Bajo,3,28,55.9,0.09,Despejado,0.99,Mercado informal,Madrugada,0,0,0.066,0.5456,0,1,1
COL-0671,Medellín,2023-01-27,21,6.2026,-75.537,Comercial,Sensor_Móvil,Construcción,75.9,Alto,52,557,38.2,0.62,Despejado,0.98,Obra en construcción,Noche,0,1,0.58,1.9869,1,1,1
COL-0991,Medellín,2023-02-03,4,6.2512,-75.5805,Residencial,Sensor_Móvil,Comercio,40.6,Bajo,0,0,56.8,0.15,Despejado,0.99,Operación normal,Madrugada,0,0,0.09,0.7148,0,2,1
COL-0779,Medellín,2023-02-14,17,6.2662,-75.5961,Comercial,Sensor_Fijo,Tráfico_Vehicular,75.5,Alto,90,935,22.4,1.0,Nublado,0.78,Semáforo averiado,Tarde,1,1,0.96,3.3705,1,2,1
COL-0808,Medellín,2023-02-16,14,6.2293,-75.5702,Comercial,Sensor_Fijo,Comercio,72.6,Alto,55,539,30.1,0.68,Ventoso,0.89,Evento especial cercano,Tarde,0,1,0.628,2.412,1,2,1
COL-0205,Medellín,2023-03-17,9,6.2697,-75.6204,Industrial,Sensor_Ciudadano,Tráfico_Vehicular,88.5,Crítico,79,974,25.4,1.0,Nublado,0.81,Alta afluencia peatonal,Mañana,1,1,0.916,3.4843,1,3,1
COL-0248,Medellín,2023-03-28,20,6.2044,-75.5863,Mixta,Sensor_Fijo,Transporte_Público,64.2,Moderado,47,595,39.9,0.72,Despejado,0.94,Operación normal,Noche,0,1,0.62,1.609,1,3,1
COL-0173,Medellín,2023-04-09,3,6.195,-75.5821,Comercial,Sensor_Móvil,Eventos,64.9,Moderado,25,370,50.2,0.22,Despejado,0.92,Moto dañada transitando,Madrugada,0,1,0.232,1.2928,0,4,2
COL-0503,Medellín,2023-05-05,5,6.2806,-75.5478,Residencial,Sensor_Fijo,Transporte_Público,45.6,Bajo,0,0,57.0,0.06,Despejado,0.95,Evento especial cercano,Madrugada,0,0,0.036,0.8,0,5,2
COL-0607,Medellín,2023-05-08,17,6.2858,-75.5834,Mixta,Sensor_Fijo,Eventos,72.7,Crítico,86,826,32.2,1.0,Nublado,0.87,Operación normal,Tarde,1,1,0.944,2.2578,1,5,2
COL-0862,Medellín,2023-05-29,23,6.2067,-75.5373,Comercial,Sensor_Fijo,Transporte_Público,63.1,Moderado,22,243,48.1,0.35,Despejado,0.86,Semáforo averiado,Noche,0,1,0.298,1.3119,0,5,2
COL-0629,Medellín,2023-06-04,1,6.218,-75.6031,Residencial,Sensor_Móvil,Transporte_Público,39.1,Bajo,5,56,56.7,0.15,Nublado,0.95,Semáforo averiado,Madrugada,0,0,0.11,0.6896,0,6,2
COL-0185,Medellín,2023-07-02,1,6.2875,-75.6036,Comercial,Sensor_Fijo,Tráfico_Vehicular,57.0,Bajo,21,265,59.0,0.18,Nublado,0.92,Mercado informal,Madrugada,0,0,0.192,0.9661,0,7,3
COL-0719,Medellín,2023-07-17,1,6.2938,-75.6171,Residencial,Sensor_Fijo,Construcción,48.8,Moderado,5,63,60.6,0.04,Despejado,0.81,Festival o concierto,Madrugada,0,0,0.044,0.8053,0,7,3
COL-0009,Medellín,2023-07-20,10,6.2023,-75.6226,Residencial,Sensor_Fijo,Industrial,58.8,Alto,22,237,51.8,0.33,Despejado,0.94,Evento especial cercano,Mañana,0,0,0.286,1.1351,1,7,3
COL-0760,Medellín,2023-07-25,11,6.2091,-75.5634,Residencial,Sensor_Fijo,Transporte_Público,56.1,Alto,38,423,48.9,0.45,Despejado,0.93,Festival o concierto,Mañana,0,0,0.422,1.1472,1,7,3
COL-0512,Medellín,2023-08-01,1,6.2142,-75.5721,Residencial,Sensor_Móvil,Construcción,47.4,Moderado,0,0,66.6,0.0,Despejado,0.99,Obra en construcción,Madrugada,0,0,0.0,0.7117,0,8,3
COL-0425,Medellín,2023-08-05,12,6.1969,-75.5948,Hospitalaria,Sensor_Fijo,Comercio,48.2,Alto,30,404,59.3,0.37,Nublado,0.75,Mercado informal,Tarde,0,0,0.342,0.8128,1,8,3
COL-0499,Medellín,2023-08-07,13,6.2917,-75.5623,Residencial,Sensor_Fijo,Mixta,53.3,Moderado,28,272,57.4,0.34,Lluvioso,0.94,Operación normal,Tarde,0,0,0.316,0.9286,1,8,3
COL-0976,Medellín,2023-08-09,23,6.2566,-75.5532,Comercial,Sensor_Móvil,Tráfico_Vehicular,56.7,Bajo,35,368,42.7,0.51,Nublado,0.96,Mercado informal,Noche,0,0,0.446,1.3279,0,8,3
COL-0562,Medellín,2023-08-11,12,6.1968,-75.62,Residencial,Sensor_Fijo,Transporte_Público,46.6,Bajo,31,257,47.3,0.31,Despejado,0.9,Alta afluencia peatonal,Tarde,0,0,0.31,0.9852,1,8,3
COL-0994,Medellín,2023-08-15,15,6.2139,-75.6107,Residencial,Sensor_Móvil,Transporte_Público,52.4,Moderado,40,444,45.5,0.63,Nublado,0.99,Mercado informal,Tarde,0,0,0.538,1.1516,1,8,3
COL-0289,Medellín,2023-08-16,11,6.2407,-75.5549,Mixta,Sensor_Fijo,Transporte_Público,67.7,Alto,58,836,37.8,0.67,Despejado,0.92,Evento especial cercano,Mañana,0,0,0.634,1.791,1,8,3
COL-0942,Medellín,2023-08-18,17,6.2516,-75.5936,Mixta,Sensor_Fijo,Transporte_Público,78.0,Crítico,85,766,29.1,1.0,Lluvioso,0.89,Alta afluencia peatonal,Tarde,1,1,0.94,2.6804,1,8,3
COL-0699,Medellín,2023-08-25,1,6.1997,-75.5548,Residencial,Sensor_Móvil,Transporte_Público,30.0,Bajo,0,0,58.6,0.15,Lluvioso,0.95,Medición estándar,Madrugada,0,0,0.09,0.5119,0,8,3
COL-0473,Medellín,2023-08-29,4,6.1975,-75.6075,Industrial,Sensor_Ciudadano,Tráfico_Vehicular,67.3,Bajo,21,277,51.1,0.26,Nublado,0.75,Medición estándar,Madrugada,0,0,0.24,1.317,0,8,3
COL-0797,Medellín,2023-09-07,22,6.2321,-75.5273,Residencial,Sensor_Fijo,Construcción,58.9,Alto,0,0,53.5,0.07,Despejado,0.74,Alta afluencia peatonal,Noche,0,1,0.042,1.1009,0,9,3
COL-0254,Medellín,2023-09-10,10,6.2007,-75.5287,Hospitalaria,Sensor_Fijo,Tráfico_Vehicular,49.6,Crítico,25,262,48.9,0.27,Nublado,0.83,Semáforo averiado,Mañana,0,0,0.262,1.0143,1,9,3
COL-0706,Medellín,2023-09-20,1,6.2394,-75.533,Comercial,Sensor_Fijo,Tráfico_Vehicular,59.5,Bajo,23,321,44.9,0.43,Lluvioso,0.79,Obra en construcción,Madrugada,0,0,0.35,1.3252,0,9,3
COL-0190,Medellín,2023-09-25,15,6.2032,-75.5396,Residencial,Sensor_Fijo,Tráfico_Vehicular,49.2,Moderado,25,347,46.9,0.25,Nublado,0.96,Festival o concierto,Tarde,0,0,0.25,1.049,1,9,3
COL-0126,Medellín,2023-10-03,6,6.1975,-75.5411,Comercial,Sensor_Móvil,Eventos,62.5,Moderado,58,530,43.6,0.65,Lluvioso,0.92,Evento especial cercano,Mañana,0,0,0.622,1.4335,1,10,4
COL-0758,Medellín,2023-10-06,16,6.2236,-75.6106,Comercial,Sensor_Fijo,Construcción,77.9,Crítico,65,550,35.8,0.88,Despejado,0.83,Evento especial cercano,Tarde,0,1,0.788,2.176,1,10,4
COL-0662,Medellín,2023-10-09,0,6.2557,-75.5957,Residencial,Sensor_Fijo,Tráfico_Vehicular,37.6,Bajo,0,0,56.9,0.07,Despejado,0.71,Mercado informal,Madrugada,0,0,0.042,0.6608,0,10,4
COL-0832,Medellín,2023-10-12,9,6.2124,-75.607,Mixta,Sensor_Móvil,Transporte_Público,73.9,Crítico,75,966,27.2,0.98,Despejado,0.8,Semáforo averiado,Mañana,1,1,0.888,2.7169,1,10,4
COL-0385,Medellín,2023-10-21,2,6.2723,-75.5643,Mixta,Sensor_Ciudadano,Tráfico_Vehicular,57.9,Moderado,29,426,55.3,0.45,Despejado,0.97,Alta afluencia peatonal,Madrugada,0,0,0.386,1.047,0,10,4
COL-0050,Medellín,2023-10-26,11,6.2702,-75.6109,Residencial,Sensor_Fijo,Comercio,51.0,Moderado,23,316,49.0,0.24,Despejado,0.87,Evento especial cercano,Mañana,0,0,0.236,1.0408,1,10,4
COL-0213,Medellín,2023-10-27,23,6.2836,-75.5899,Residencial,Sensor_Móvil,Comercio,38.3,Bajo,1,12,58.5,0.01,Nublado,0.79,Operación normal,Noche,0,0,0.01,0.6547,0,10,4
COL-0418,Medellín,2023-11-17,9,6.2808,-75.5491,Industrial,Sensor_Fijo,Industrial,101.2,Crítico,70,691,34.8,0.97,Nublado,0.84,Obra en construcción,Mañana,1,1,0.862,2.908,1,11,4
COL-0191,Medellín,2023-11-27,3,6.2103,-75.5498,Mixta,Sensor_Fijo,Eventos,52.6,Bajo,29,248,44.1,0.31,Lluvioso,0.86,Alta afluencia peatonal,Madrugada,0,0,0.302,1.1927,0,11,4
COL-0209,Medellín,2023-11-30,20,6.2604,-75.605,Residencial,Sensor_Móvil,Transporte_Público,49.2,Moderado,20,186,62.4,0.24,Nublado,0.86,Medición estándar,Noche,0,0,0.224,0.7885,1,11,4
COL-0393,Medellín,2023-12-05,23,6.2879,-75.5816,Comercial,Sensor_Fijo,Transporte_Público,55.1,Bajo,25,270,51.7,0.45,Despejado,0.71,Operación normal,Noche,0,0,0.37,1.0658,0,12,4
COL-0839,Medellín,2023-12-07,18,6.2323,-75.5664,Residencial,Sensor_Fijo,Comercio,54.8,Moderado,52,604,33.7,0.63,Despejado,0.75,Moto dañada transitando,Noche,1,0,0.586,1.6261,1,12,4
COL-0858,Medellín,2023-12-10,2,6.2782,-75.5868,Mixta,Sensor_Móvil,Comercio,47.3,Bajo,27,301,51.8,0.34,Nublado,0.82,Festival o concierto,Madrugada,0,0,0.312,0.9131,0,12,4
COL-0360,Medellín,2023-12-22,16,6.2773,-75.5942,Residencial,Sensor_Móvil,Comercio,55.1,Alto,35,286,40.5,0.55,Nublado,0.97,Mercado informal,Tarde,0,0,0.47,1.3605,1,12,4
COL-0157,Medellín,2023-12-22,22,6.2285,-75.5799,Residencial,Sensor_Fijo,Tráfico_Vehicular,56.2,Alto,0,0,68.8,0.12,Nublado,0.98,Operación normal,Noche,0,1,0.072,0.8169,0,12,4
COL-0150,Medellín,2023-12-26,12,6.2327,-75.6229,Residencial,Sensor_Fijo,Tráfico_Vehicular,55.0,Moderado,21,264,53.1,0.41,Lluvioso,0.78,Semáforo averiado,Tarde,0,0,0.33,1.0358,1,12,4
COL-0740,Medellín,2024-01-21,22,6.2278,-75.5907,Residencial,Sensor_Móvil,Tráfico_Vehicular,40.7,Bajo,0,0,59.9,0.0,Despejado,0.97,Obra en construcción,Noche,0,0,0.0,0.6795,0,1,1
COL-0749,Medellín,2024-01-30,21,6.2812,-75.5256,Comercial,Sensor_Fijo,Comercio,73.7,Alto,61,506,40.2,0.66,Despejado,0.85,Evento especial cercano,Noche,0,1,0.64,1.8333,1,1,1
COL-0750,Medellín,2024-02-01,17,6.2517,-75.619,Hospitalaria,Sensor_Fijo,Tráfico_Vehicular,59.1,Crítico,61,663,31.5,0.83,Despejado,0.92,Obra en construcción,Tarde,1,1,0.742,1.8762,1,2,1
COL-0548,Medellín,2024-02-05,10,6.2,-75.5735,Educativa,Sensor_Fijo,Tráfico_Vehicular,59.0,Alto,40,365,50.6,0.42,Lluvioso,0.73,Moto dañada transitando,Mañana,0,0,0.412,1.166,1,2,1
COL-0767,Medellín,2024-03-03,19,6.2768,-75.5807,Comercial,Sensor_Ciudadano,Industrial,86.9,Crítico,84,892,25.1,1.0,Despejado,0.85,Obra en construcción,Noche,1,1,0.936,3.4622,1,3,1
COL-0410,Medellín,2024-03-04,17,6.2542,-75.5498,Mixta,Sensor_Fijo,Transporte_Público,71.9,Crítico,78,652,38.8,1.0,Nublado,0.82,Alta afluencia peatonal,Tarde,1,1,0.912,1.8531,1,3,1
COL-0926,Medellín,2024-03-27,4,6.2075,-75.5923,Residencial,Sensor_Ciudadano,Comercio,32.6,Bajo,0,0,64.2,0.0,Nublado,0.82,Operación normal,Madrugada,0,0,0.0,0.5078,0,3,1
COL-0984,Medellín,2024-04-05,11,6.2517,-75.5663,Mixta,Sensor_Fijo,Transporte_Público,65.1,Alto,61,765,50.9,0.76,Lluvioso,0.7,Operación normal,Mañana,0,0,0.7,1.279,1,4,2
COL-0285,Medellín,2024-04-08,18,6.2746,-75.5863,Comercial,Sensor_Móvil,Tráfico_Vehicular,76.7,Alto,93,978,25.9,1.0,Despejado,0.77,Alta afluencia peatonal,Noche,1,1,0.972,2.9614,1,4,2
COL-0493,Medellín,2024-04-21,21,6.2611,-75.5937,Residencial,Sensor_Fijo,Transporte_Público,45.7,Bajo,27,253,36.2,0.24,Despejado,0.77,Mercado informal,Noche,0,0,0.252,1.2624,1,4,2
COL-0916,Medellín,2024-05-01,14,6.2744,-75.5829,Mixta,Sensor_Ciudadano,Transporte_Público,69.5,Alto,55,787,40.2,0.73,Lluvioso,0.87,Obra en construcción,Tarde,0,1,0.658,1.7289,1,5,2
COL-0945,Medellín,2024-05-06,13,6.2493,-75.5794,Residencial,Sensor_Fijo,Transporte_Público,55.2,Alto,24,293,52.7,0.43,Lluvioso,1.0,Festival o concierto,Tarde,0,0,0.354,1.0474,1,5,2
COL-0207,Medellín,2024-05-09,1,6.1947,-75.6007,Comercial,Sensor_Fijo,Transporte_Público,58.4,Bajo,23,313,48.7,0.24,Despejado,0.97,Mercado informal,Madrugada,0,0,0.236,1.1992,0,5,2
COL-0587,Medellín,2024-05-09,18,6.2732,-75.5327,Educativa,Sensor_Móvil,Transporte_Público,63.3,Crítico,61,756,34.3,0.88,Despejado,1.0,Moto dañada transitando,Noche,1,1,0.772,1.8455,1,5,2
COL-0579,Medellín,2024-05-16,23,6.2857,-75.5784,Residencial,Sensor_Fijo,Comercio,38.7,Bajo,1,13,63.1,0.0,Despejado,0.92,Semáforo averiado,Noche,0,0,0.004,0.6133,0,5,2
COL-0603,Medellín,2024-05-29,12,6.2283,-75.5664,Residencial,Sensor_Fijo,Tráfico_Vehicular,50.3,Moderado,32,383,52.1,0.34,Despejado,0.95,Mercado informal,Tarde,0,0,0.332,0.9655,1,5,2
COL-0263,Medellín,2024-05-31,13,6.2236,-75.6116,Industrial,Sensor_Móvil,Transporte_Público,78.8,Moderado,41,549,45.6,0.63,Nublado,0.75,Mercado informal,Tarde,0,1,0.542,1.7281,1,5,2
COL-0980,Medellín,2024-06-01,22,6.2837,-75.5472,Residencial,Sensor_Fijo,Transporte_Público,52.6,Moderado,0,0,54.9,0.05,Lluvioso,0.82,Operación normal,Noche,0,0,0.03,0.9581,0,6,2
COL-0718,Medellín,2024-06-09,16,6.2598,-75.5759,Residencial,Sensor_Fijo,Transporte_Público,58.6,Alto,32,293,44.5,0.37,Lluvioso,0.7,Festival o concierto,Tarde,0,0,0.35,1.3169,1,6,2
COL-0401,Medellín,2024-06-15,2,6.2111,-75.5478,Residencial,Sensor_Ciudadano,Transporte_Público,36.7,Bajo,0,0,59.8,0.03,Nublado,0.92,Festival o concierto,Madrugada,0,0,0.018,0.6137,0,6,2
COL-0510,Medellín,2024-06-21,4,6.2504,-75.5711,Residencial,Sensor_Fijo,Construcción,43.2,Bajo,4,57,56.2,0.0,Nublado,0.89,Mercado informal,Madrugada,0,0,0.016,0.7687,0,6,2
COL-0085,Medellín,2024-06-27,6,6.2158,-75.6093,Industrial,Sensor_Móvil,Tráfico_Vehicular,76.3,Moderado,49,641,31.1,0.58,Despejado,0.9,Medición estándar,Mañana,0,1,0.544,2.4534,1,6,2
COL-0751,Medellín,2024-06-28,10,6.2285,-75.6143,Comercial,Sensor_Fijo,Comercio,74.4,Alto,69,793,33.4,0.84,Lluvioso,0.9,Operación normal,Mañana,0,1,0.78,2.2275,1,6,2
COL-0497,Medellín,2024-06-28,22,6.2096,-75.6074,Residencial,Sensor_Fijo,Tráfico_Vehicular,52.8,Moderado,5,60,57.2,0.0,Nublado,0.86,Festival o concierto,Noche,0,0,0.02,0.9231,0,6,2
COL-0998,Medellín,2024-07-11,2,6.2528,-75.6136,Industrial,Sensor_Móvil,Eventos,60.2,Bajo,18,146,50.5,0.32,Despejado,0.94,Medición estándar,Madrugada,0,0,0.264,1.1921,0,7,3
COL-0365,Medellín,2024-07-14,17,6.2855,-75.6117,Mixta,Sensor_Fijo,Transporte_Público,68.0,Alto,90,721,22.6,1.0,Nublado,0.97,Operación normal,Tarde,1,0,0.96,3.0088,1,7,3
COL-0074,Medellín,2024-07-27,20,6.2083,-75.6178,Residencial,Sensor_Fijo,Tráfico_Vehicular,44.3,Bajo,28,253,46.2,0.39,Nublado,0.72,Obra en construcción,Noche,0,0,0.346,0.9589,1,7,3
COL-0836,Medellín,2024-08-12,23,6.2338,-75.5458,Residencial,Sensor_Fijo,Tráfico_Vehicular,41.3,Bajo,0,0,65.0,0.02,Nublado,0.84,Medición estándar,Noche,0,0,0.012,0.6354,0,8,3
COL-0955,Medellín,2024-08-14,7,6.2507,-75.5672,Comercial,Sensor_Ciudadano,Mixta,80.7,Crítico,87,1122,28.0,1.0,Lluvioso,0.83,Alta afluencia peatonal,Mañana,1,1,0.948,2.8821,1,8,3
COL-0975,Medellín,2024-08-21,16,6.2031,-75.5372,Comercial,Sensor_Fijo,Comercio,73.5,Alto,56,736,42.0,0.75,Despejado,0.79,Operación normal,Tarde,0,1,0.674,1.75,1,8,3
COL-0060,Medellín,2024-09-02,0,6.2493,-75.6008,Residencial,Sensor_Móvil,Comercio,40.9,Bajo,1,13,63.8,0.0,Lluvioso,0.76,Alta afluencia peatonal,Madrugada,0,0,0.004,0.6411,0,9,3
COL-0078,Medellín,2024-09-07,4,6.2027,-75.5923,Comercial,Sensor_Móvil,Tráfico_Vehicular,60.5,Moderado,21,289,56.9,0.34,Despejado,0.86,Obra en construcción,Madrugada,0,1,0.288,1.0633,0,9,3
COL-0650,Medellín,2024-09-07,20,6.2518,-75.5877,Comercial,Sensor_Fijo,Transporte_Público,67.1,Moderado,60,718,25.7,0.7,Despejado,0.75,Medición estándar,Noche,0,1,0.66,2.6109,1,9,3
COL-0811,Medellín,2024-10-08,3,6.2766,-75.579,Mixta,Sensor_Fijo,Eventos,50.4,Bajo,15,127,57.4,0.33,Nublado,0.95,Semáforo averiado,Madrugada,0,0,0.258,0.878,0,10,4
COL-0686,Medellín,2024-10-13,2,6.275,-75.5885,Residencial,Sensor_Fijo,Tráfico_Vehicular,47.6,Moderado,0,0,57.7,0.0,Lluvioso,0.95,Moto dañada transitando,Madrugada,0,0,0.0,0.825,0,10,4
COL-0388,Medellín,2024-10-23,9,6.1966,-75.5983,Residencial,Sensor_Ciudadano,Eventos,58.3,Alto,50,442,38.5,0.65,Nublado,0.97,Evento especial cercano,Mañana,1,0,0.59,1.5143,1,10,4
COL-0847,Medellín,2024-10-26,9,6.2818,-75.5592,Residencial,Sensor_Fijo,Transporte_Público,59.0,Alto,61,835,33.0,0.8,Despejado,0.81,Festival o concierto,Mañana,1,0,0.724,1.7879,1,10,4
COL-0514,Medellín,2024-10-26,13,6.2629,-75.5435,Comercial,Sensor_Fijo,Eventos,73.6,Alto,59,823,42.5,0.77,Despejado,0.73,Moto dañada transitando,Tarde,0,1,0.698,1.7318,1,10,4
COL-0997,Medellín,2024-10-29,13,6.2495,-75.6077,Residencial,Sensor_Fijo,Mixta,49.0,Moderado,40,507,42.6,0.44,Despejado,0.95,Festival o concierto,Tarde,0,0,0.424,1.1502,1,10,4
COL-0375,Medellín,2024-11-04,6,6.1946,-75.5705,Comercial,Sensor_Ciudadano,Comercio,56.9,Bajo,60,517,46.7,0.79,Nublado,0.76,Operación normal,Mañana,0,0,0.714,1.2184,1,11,4
COL-0475,Medellín,2024-11-05,16,6.2637,-75.5705,Comercial,Sensor_Fijo,Tráfico_Vehicular,70.3,Alto,68,951,29.0,0.79,Despejado,0.92,Operación normal,Tarde,0,1,0.746,2.4241,1,11,4
COL-0805,Medellín,2024-11-07,2,6.276,-75.6149,Mixta,Sensor_Fijo,Comercio,55.0,Bajo,28,372,47.9,0.5,Ventoso,0.96,Moto dañada transitando,Madrugada,0,0,0.412,1.1482,0,11,4
COL-0614,Medellín,2024-12-08,20,6.194,-75.6038,Industrial,Sensor_Fijo,Tráfico_Vehicular,74.9,Moderado,54,520,44.6,0.79,Lluvioso,0.71,Medición estándar,Noche,0,1,0.69,1.6794,1,12,4
COL-0403,Medellín,2024-12-09,21,6.2697,-75.5898,Residencial,Sensor_Móvil,Tráfico_Vehicular,48.3,Moderado,33,420,36.8,0.32,Despejado,0.91,Mercado informal,Noche,0,0,0.324,1.3125,1,12,4
COL-0826,Medellín,2024-12-12,2,6.2463,-75.5545,Mixta,Sensor_Fijo,Comercio,56.9,Moderado,15,186,58.1,0.3,Despejado,0.92,Evento especial cercano,Madrugada,0,0,0.24,0.9793,0,12,4
COL-0578,Medellín,2024-12-16,3,6.2281,-75.5609,Educativa,Sensor_Móvil,Tráfico_Vehicular,46.1,Bajo,13,114,68.1,0.09,Despejado,0.82,Obra en construcción,Madrugada,0,0,0.106,0.6769,0,12,4
COL-0595,Medellín,2025-01-02,18,6.2602,-75.614,Residencial,Sensor_Fijo,Transporte_Público,58.9,Alto,61,712,31.4,0.86,Despejado,0.8,Evento especial cercano,Noche,1,1,0.76,1.8758,1,1,1
COL-0618,Medellín,2025-01-19,5,6.1953,-75.5939,Hospitalaria,Sensor_Fijo,Construcción,43.4,Moderado,8,108,59.4,0.21,Nublado,0.72,Evento especial cercano,Madrugada,0,0,0.158,0.7306,0,1,1
COL-0841,Medellín,2025-02-03,5,6.2085,-75.543,Comercial,Sensor_Ciudadano,Construcción,68.0,Moderado,30,414,51.3,0.37,Lluvioso,0.89,Medición estándar,Madrugada,0,1,0.342,1.3255,0,2,1
COL-0993,Medellín,2025-02-07,0,6.2209,-75.5695,Comercial,Sensor_Fijo,Tráfico_Vehicular,54.9,Bajo,23,228,49.8,0.43,Nublado,0.77,Medición estándar,Madrugada,0,0,0.35,1.1024,0,2,1
COL-0379,Medellín,2025-02-09,13,6.2668,-75.5912,Mixta,Sensor_Ciudadano,Comercio,65.0,Moderado,59,775,28.1,0.85,Despejado,0.87,Evento especial cercano,Tarde,0,0,0.746,2.3132,1,2,1
COL-0141,Medellín,2025-02-13,11,6.2741,-75.5561,Industrial,Sensor_Móvil,Tráfico_Vehicular,77.6,Moderado,55,700,35.0,0.7,Despejado,0.99,Festival o concierto,Mañana,0,1,0.64,2.2171,1,2,1
COL-0180,Medellín,2025-02-14,21,6.2019,-75.5244,Residencial,Sensor_Fijo,Transporte_Público,44.1,Bajo,29,402,48.8,0.37,Nublado,0.88,Alta afluencia peatonal,Noche,0,0,0.338,0.9037,1,2,1
COL-0145,Medellín,2025-02-24,9,6.2713,-75.5298,Educativa,Sensor_Móvil,Tráfico_Vehicular,56.7,Alto,64,524,43.6,0.93,Nublado,0.91,Medición estándar,Mañana,1,0,0.814,1.3005,1,2,1
COL-0339,Medellín,2025-02-28,16,6.2108,-75.5639,Mixta,Sensor_Fijo,Construcción,78.8,Crítico,61,659,28.0,0.67,Despejado,0.76,Mercado informal,Tarde,0,1,0.646,2.8143,1,2,1
COL-0743,Medellín,2025-03-07,9,6.2103,-75.5252,Hospitalaria,Sensor_Fijo,Transporte_Público,55.7,Crítico,61,533,36.4,0.87,Despejado,0.97,Evento especial cercano,Mañana,1,1,0.766,1.5302,1,3,1
COL-0214,Medellín,2025-03-08,23,6.2849,-75.5796,Industrial,Sensor_Fijo,Transporte_Público,70.6,Moderado,12,166,55.7,0.21,Despejado,0.76,Medición estándar,Noche,0,1,0.174,1.2675,0,3,1
COL-0382,Medellín,2025-03-16,2,6.2745,-75.5901,Residencial,Sensor_Móvil,Comercio,30.8,Bajo,0,0,70.0,0.08,Nublado,0.96,Medición estándar,Madrugada,0,0,0.048,0.44,0,3,1
COL-0753,Medellín,2025-03-21,23,6.248,-75.5958,Residencial,Sensor_Fijo,Comercio,36.4,Bajo,0,0,57.7,0.14,Ventoso,0.8,Evento especial cercano,Noche,0,0,0.084,0.6308,0,3,1
COL-0340,Medellín,2025-04-01,6,6.2819,-75.5544,Residencial,Sensor_Ciudadano,Tráfico_Vehicular,41.5,Bajo,37,430,42.6,0.37,Lluvioso,0.84,Medición estándar,Mañana,0,0,0.37,0.9742,1,4,2
COL-0378,Medellín,2025-04-03,1,6.2335,-75.5324,Residencial,Sensor_Fijo,Tráfico_Vehicular,35.0,Bajo,4,58,59.5,0.0,Nublado,0.76,Alta afluencia peatonal,Madrugada,0,0,0.016,0.5882,0,4,2
COL-0432,Medellín,2025-04-08,6,6.2338,-75.5813,Comercial,Sensor_Fijo,Tráfico_Vehicular,53.5,Bajo,58,804,31.9,0.7,Nublado,0.78,Moto dañada transitando,Mañana,0,0,0.652,1.6771,1,4,2
COL-0096,Medellín,2025-04-13,19,6.2291,-75.5379,Comercial,Sensor_Fijo,Tráfico_Vehicular,81.5,Crítico,92,1192,31.5,1.0,Lluvioso,0.73,Obra en construcción,Noche,1,1,0.968,2.5873,1,4,2
COL-0483,Medellín,2025-05-08,23,6.2351,-75.5573,Comercial,Sensor_Fijo,Comercio,53.2,Bajo,22,218,50.5,0.34,Nublado,0.85,Semáforo averiado,Noche,0,0,0.292,1.0535,0,5,2
COL-0069,Medellín,2025-06-13,1,6.2766,-75.5394,Industrial,Sensor_Fijo,Eventos,67.1,Bajo,25,361,57.3,0.36,Nublado,0.72,Alta afluencia peatonal,Madrugada,0,0,0.316,1.171,0,6,2
COL-0481,Medellín,2025-06-19,17,6.2237,-75.568,Residencial,Sensor_Fijo,Transporte_Público,57.2,Alto,51,712,42.2,0.78,Despejado,0.96,Evento especial cercano,Tarde,1,0,0.672,1.3555,1,6,2
COL-0896,Medellín,2025-06-19,22,6.2862,-75.6176,Mixta,Sensor_Móvil,Tráfico_Vehicular,60.2,Moderado,20,254,52.0,0.27,Despejado,0.73,Evento especial cercano,Noche,0,1,0.242,1.1577,0,6,2
COL-0589,Medellín,2025-06-29,23,6.262,-75.5694,Mixta,Sensor_Fijo,Transporte_Público,55.5,Moderado,15,141,53.6,0.22,Ventoso,0.82,Operación normal,Noche,0,0,0.192,1.0354,0,6,2
COL-0094,Medellín,2025-07-02,13,6.2092,-75.5928,Comercial,Sensor_Fijo,Industrial,79.7,Crítico,60,889,34.4,0.71,Despejado,0.72,Semáforo averiado,Tarde,0,1,0.666,2.3169,1,7,3
COL-0868,Medellín,2025-07-04,14,6.2624,-75.5344,Hospitalaria,Sensor_Fijo,Mixta,57.0,Crítico,32,363,53.4,0.37,Despejado,0.8,Medición estándar,Tarde,0,1,0.35,1.0674,1,7,3
COL-0345,Medellín,2025-07-25,10,6.2898,-75.5439,Comercial,Sensor_Fijo,Transporte_Público,72.0,Alto,63,867,32.0,0.85,Nublado,0.81,Mercado informal,Mañana,0,1,0.762,2.25,1,7,3
COL-0897,Medellín,2025-08-01,20,6.2013,-75.5644,Mixta,Sensor_Móvil,Tráfico_Vehicular,61.0,Moderado,52,636,46.4,0.71,Nublado,0.99,Festival o concierto,Noche,0,1,0.634,1.3147,1,8,3
COL-0889,Medellín,2025-08-06,15,6.2177,-75.5257,Comercial,Sensor_Fijo,Tráfico_Vehicular,70.9,Alto,57,603,37.4,0.71,Lluvioso,0.92,Obra en construcción,Tarde,0,1,0.654,1.8957,1,8,3
COL-0179,Medellín,2025-08-09,1,6.228,-75.5644,Comercial,Sensor_Fijo,Comercio,59.3,Bajo,31,396,49.2,0.42,Despejado,0.82,Mercado informal,Madrugada,0,0,0.376,1.2053,0,8,3
COL-0739,Medellín,2025-08-14,4,6.2341,-75.6074,Comercial,Sensor_Ciudadano,Transporte_Público,58.6,Bajo,25,298,47.5,0.28,Despejado,0.84,Medición estándar,Madrugada,0,0,0.268,1.2337,0,8,3
COL-0670,Medellín,2025-08-17,22,6.2481,-75.5805,Comercial,Sensor_Móvil,Tráfico_Vehicular,68.2,Moderado,22,249,47.5,0.21,Nublado,0.95,Alta afluencia peatonal,Noche,0,1,0.214,1.4358,0,8,3
COL-0892,Medellín,2025-08-26,12,6.2738,-75.5524,Industrial,Sensor_Fijo,Tráfico_Vehicular,85.4,Alto,46,369,44.8,0.59,Despejado,0.75,Semáforo averiado,Tarde,0,1,0.538,1.9063,1,8,3
COL-0383,Medellín,2025-08-27,17,6.2887,-75.5288,Comercial,Sensor_Fijo,Tráfico_Vehicular,84.3,Crítico,83,1038,26.6,1.0,Lluvioso,0.97,Medición estándar,Tarde,1,1,0.932,3.1692,1,8,3
COL-0880,Medellín,2025-09-11,13,6.1964,-75.5924,Industrial,Sensor_Fijo,Construcción,89.1,Crítico,47,685,40.8,0.64,Despejado,0.7,Alta afluencia peatonal,Tarde,0,1,0.572,2.1838,1,9,3
COL-0439,Medellín,2025-09-18,0,6.2315,-75.6117,Industrial,Sensor_Fijo,Tráfico_Vehicular,67.5,Bajo,17,240,51.1,0.35,Despejado,0.8,Alta afluencia peatonal,Madrugada,0,0,0.278,1.3209,0,9,3
COL-0790,Medellín,2025-09-29,7,6.2923,-75.6085,Residencial,Sensor_Móvil,Tráfico_Vehicular,56.2,Alto,56,540,31.4,0.65,Nublado,0.74,Semáforo averiado,Mañana,1,0,0.614,1.7898,1,9,3
COL-0612,Medellín,2025-09-30,15,6.272,-75.6109,Industrial,Sensor_Fijo,Tráfico_Vehicular,78.7,Moderado,55,562,35.9,0.67,Nublado,0.7,Medición estándar,Tarde,0,1,0.622,2.1922,1,9,3
COL-0178,Medellín,2025-10-14,7,6.2252,-75.5919,Residencial,Sensor_Ciudadano,Eventos,54.5,Moderado,65,656,23.0,0.9,Despejado,0.91,Operación normal,Mañana,1,0,0.8,2.3696,1,10,4
COL-0495,Medellín,2025-10-17,16,6.2021,-75.5676,Mixta,Sensor_Fijo,Mixta,60.1,Moderado,65,804,34.9,0.72,Despejado,0.99,Medición estándar,Tarde,0,0,0.692,1.7221,1,10,4
COL-0241,Medellín,2025-10-21,8,6.2597,-75.5999,Industrial,Sensor_Ciudadano,Tráfico_Vehicular,85.9,Alto,80,1156,22.5,0.92,Despejado,0.75,Medición estándar,Mañana,1,1,0.872,3.8178,1,10,4
COL-0508,Medellín,2025-10-21,9,6.2367,-75.5638,Residencial,Sensor_Fijo,Transporte_Público,56.8,Alto,62,631,41.7,0.75,Lluvioso,0.73,Obra en construcción,Mañana,1,0,0.698,1.3621,1,10,4
COL-0453,Medellín,2025-11-04,1,6.2024,-75.5265,Residencial,Sensor_Fijo,Construcción,50.3,Moderado,3,35,66.9,0.01,Lluvioso,0.99,Moto dañada transitando,Madrugada,0,0,0.018,0.7519,0,11,4
COL-0131,Medellín,2025-11-07,7,6.1965,-75.5569,Residencial,Sensor_Móvil,Tráfico_Vehicular,58.2,Alto,53,737,46.2,0.67,Despejado,0.84,Operación normal,Mañana,1,0,0.614,1.2597,1,11,4
COL-0297,Medellín,2025-11-13,5,6.2399,-75.5693,Comercial,Sensor_Fijo,Transporte_Público,62.8,Moderado,23,306,51.8,0.27,Nublado,0.77,Medición estándar,Madrugada,0,1,0.254,1.2124,0,11,4
COL-0649,Medellín,2025-11-25,19,6.2068,-75.5563,Comercial,Sensor_Móvil,Tráfico_Vehicular,77.6,Crítico,84,1246,26.2,0.99,Lluvioso,0.74,Moto dañada transitando,Noche,1,1,0.93,2.9618,1,11,4
COL-0564,Medellín,2025-11-26,17,6.2366,-75.5662,Educativa,Sensor_Fijo,Comercio,65.6,Crítico,69,636,36.3,0.8,Despejado,0.95,Obra en construcción,Tarde,1,1,0.756,1.8072,1,11,4
COL-0109,Medellín,2025-12-08,16,6.2427,-75.5562,Hospitalaria,Sensor_Móvil,Transporte_Público,51.6,Crítico,35,495,50.2,0.37,Lluvioso,0.73,Moto dañada transitando,Tarde,0,0,0.362,1.0279,1,12,4
COL-0400,Medellín,2025-12-20,12,6.21,-75.5671,Residencial,Sensor_Móvil,Transporte_Público,49.8,Moderado,29,261,50.3,0.29,Nublado,0.91,Alta afluencia peatonal,Tarde,0,0,0.29,0.9901,1,12,4
COL-0978,Pereira,2022-01-17,17,4.8037,-75.6684,Comercial,Sensor_Móvil,Tráfico_Vehicular,77.0,Alto,84,893,20.0,1.0,Despejado,0.95,Medición estándar,Tarde,1,1,0.936,3.85,1,1,1
COL-0202,Pereira,2022-03-04,6,4.8208,-75.6839,Residencial,Sensor_Fijo,Tráfico_Vehicular,34.6,Bajo,40,453,47.8,0.57,Nublado,0.99,Obra en construcción,Mañana,0,0,0.502,0.7238,1,3,1
COL-0885,Pereira,2022-03-26,10,4.8229,-75.6485,Residencial,Sensor_Fijo,Transporte_Público,51.7,Moderado,32,418,48.4,0.54,Lluvioso,0.88,Moto dañada transitando,Mañana,0,0,0.452,1.0682,1,3,1
COL-0054,Pereira,2022-04-18,13,4.7805,-75.7253,Industrial,Sensor_Fijo,Transporte_Público,79.6,Moderado,40,533,46.8,0.56,Despejado,0.81,Mercado informal,Tarde,0,1,0.496,1.7009,1,4,2
COL-0077,Pereira,2022-05-05,12,4.7997,-75.7211,Residencial,Sensor_Fijo,Comercio,51.2,Moderado,36,397,39.9,0.57,Despejado,0.91,Medición estándar,Tarde,0,0,0.486,1.2832,1,5,2
COL-0274,Pereira,2022-05-28,7,4.8088,-75.6606,Comercial,Sensor_Móvil,Comercio,75.6,Alto,94,1253,23.4,1.0,Nublado,0.96,Operación normal,Mañana,1,1,0.976,3.2308,1,5,2
COL-0370,Pereira,2022-06-07,0,4.7938,-75.7254,Residencial,Sensor_Móvil,Comercio,37.5,Bajo,0,0,64.8,0.1,Despejado,0.72,Obra en construcción,Madrugada,0,0,0.06,0.5787,0,6,2
COL-0694,Pereira,2022-06-11,9,4.8186,-75.7041,Comercial,Sensor_Ciudadano,Construcción,94.3,Crítico,89,1127,25.7,1.0,Lluvioso,0.89,Operación normal,Mañana,1,1,0.956,3.6693,1,6,2
COL-0702,Pereira,2022-06-13,12,4.7961,-75.7092,Comercial,Sensor_Fijo,Tráfico_Vehicular,73.9,Alto,55,537,35.2,0.72,Lluvioso,0.86,Moto dañada transitando,Tarde,0,1,0.652,2.0994,1,6,2
COL-0134,Pereira,2022-07-06,22,4.768,-75.6581,Comercial,Sensor_Móvil,Transporte_Público,70.0,Moderado,26,240,50.0,0.32,Despejado,0.85,Mercado informal,Noche,0,1,0.296,1.4,0,7,3
COL-0527,Pereira,2022-07-30,11,4.8496,-75.6723,Comercial,Sensor_Fijo,Tráfico_Vehicular,72.6,Alto,58,608,33.5,0.83,Despejado,0.89,Medición estándar,Mañana,0,1,0.73,2.1672,1,7,3
COL-0301,Pereira,2022-08-05,22,4.8564,-75.742,Residencial,Sensor_Móvil,Tráfico_Vehicular,60.2,Alto,0,0,58.2,0.12,Lluvioso,0.77,Moto dañada transitando,Noche,0,1,0.072,1.0344,0,8,3
COL-0260,Pereira,2022-09-03,19,4.7733,-75.6677,Comercial,Sensor_Móvil,Industrial,92.3,Crítico,83,990,18.0,1.0,Despejado,0.82,Medición estándar,Noche,1,1,0.932,5.1278,1,9,3
COL-0678,Pereira,2022-09-12,7,4.845,-75.6852,Residencial,Sensor_Fijo,Transporte_Público,49.7,Moderado,50,746,36.5,0.67,Despejado,0.99,Mercado informal,Mañana,1,0,0.602,1.3616,1,9,3
COL-0653,Pereira,2022-10-04,15,4.8383,-75.7128,Mixta,Sensor_Fijo,Tráfico_Vehicular,64.8,Moderado,51,746,35.8,0.74,Despejado,0.91,Operación normal,Tarde,0,0,0.648,1.8101,1,10,4
COL-0389,Pereira,2022-11-05,13,4.8234,-75.6995,Residencial,Sensor_Fijo,Tráfico_Vehicular,53.2,Moderado,37,342,43.3,0.47,Despejado,0.72,Mercado informal,Tarde,0,0,0.43,1.2286,1,11,4
COL-0746,Pereira,2022-11-11,7,4.7689,-75.6569,Residencial,Sensor_Fijo,Eventos,61.1,Crítico,50,536,36.7,0.75,Nublado,0.93,Festival o concierto,Mañana,1,0,0.65,1.6649,1,11,4
COL-0878,Pereira,2022-11-12,14,4.812,-75.7074,Residencial,Sensor_Fijo,Industrial,62.3,Crítico,31,395,48.5,0.4,Ventoso,0.91,Medición estándar,Tarde,0,0,0.364,1.2845,1,11,4
COL-0798,Pereira,2022-11-19,20,4.7685,-75.6515,Comercial,Sensor_Móvil,Construcción,76.9,Alto,65,556,28.0,0.91,Despejado,0.81,Moto dañada transitando,Noche,0,1,0.806,2.7464,1,11,4
COL-0194,Pereira,2023-01-07,0,4.8598,-75.7392,Mixta,Sensor_Fijo,Industrial,62.9,Moderado,16,197,55.0,0.16,Despejado,0.99,Moto dañada transitando,Madrugada,0,1,0.16,1.1436,0,1,1
COL-0320,Pereira,2023-02-02,17,4.8181,-75.6522,Comercial,Sensor_Móvil,Comercio,80.5,Crítico,83,1089,22.0,1.0,Nublado,0.72,Moto dañada transitando,Tarde,1,1,0.932,3.6591,1,2,1
COL-0964,Pereira,2023-05-09,20,4.8144,-75.7409,Residencial,Sensor_Fijo,Mixta,46.1,Bajo,29,289,51.6,0.41,Nublado,0.84,Obra en construcción,Noche,0,0,0.362,0.8934,1,5,2
COL-0600,Pereira,2023-05-11,6,4.7954,-75.738,Mixta,Sensor_Móvil,Construcción,60.8,Moderado,51,569,40.8,0.66,Ventoso,0.85,Festival o concierto,Mañana,0,0,0.6,1.4902,1,5,2
COL-0938,Pereira,2023-05-23,19,4.8114,-75.7051,Residencial,Sensor_Fijo,Comercio,65.2,Crítico,54,628,43.2,0.58,Lluvioso,0.95,Mercado informal,Noche,1,1,0.564,1.5093,1,5,2
COL-0128,Pereira,2023-06-07,8,4.8068,-75.6751,Residencial,Sensor_Fijo,Tráfico_Vehicular,59.2,Alto,65,538,38.4,0.73,Nublado,0.86,Obra en construcción,Mañana,1,0,0.698,1.5417,1,6,2
COL-0328,Pereira,2023-06-09,2,4.7985,-75.6824,Industrial,Sensor_Fijo,Comercio,67.4,Bajo,16,202,56.0,0.32,Lluvioso,0.89,Obra en construcción,Madrugada,0,0,0.256,1.2036,0,6,2
COL-0171,Pereira,2023-07-25,8,4.7912,-75.664,Industrial,Sensor_Fijo,Eventos,84.9,Alto,75,827,26.0,0.88,Despejado,0.83,Festival o concierto,Mañana,1,1,0.828,3.2654,1,7,3
COL-0970,Pereira,2023-07-31,3,4.7654,-75.7137,Mixta,Sensor_Ciudadano,Transporte_Público,56.3,Moderado,21,235,61.7,0.32,Nublado,0.91,Medición estándar,Madrugada,0,0,0.276,0.9125,0,7,3
COL-0924,Pereira,2023-10-16,21,4.815,-75.7218,Residencial,Sensor_Fijo,Tráfico_Vehicular,37.3,Bajo,32,402,48.5,0.3,Despejado,0.89,Mercado informal,Noche,0,0,0.308,0.7691,1,10,4
COL-0855,Pereira,2023-10-23,13,4.8276,-75.6592,Residencial,Sensor_Móvil,Comercio,48.9,Moderado,25,230,41.5,0.38,Despejado,0.89,Moto dañada transitando,Tarde,0,0,0.328,1.1783,1,10,4
COL-0791,Pereira,2023-12-13,22,4.7716,-75.702,Industrial,Sensor_Ciudadano,Transporte_Público,76.3,Moderado,23,252,53.7,0.43,Despejado,0.87,Evento especial cercano,Noche,0,1,0.35,1.4209,0,12,4
COL-0713,Pereira,2023-12-21,13,4.8008,-75.7074,Residencial,Sensor_Fijo,Tráfico_Vehicular,50.2,Moderado,34,305,45.6,0.54,Despejado,0.87,Operación normal,Tarde,0,0,0.46,1.1009,1,12,4
COL-0987,Pereira,2024-03-31,21,4.844,-75.6931,Comercial,Sensor_Móvil,Tráfico_Vehicular,66.1,Moderado,62,602,34.4,0.68,Nublado,0.95,Alta afluencia peatonal,Noche,0,1,0.656,1.9215,1,3,1
COL-0115,Pereira,2024-05-30,10,4.8458,-75.6985,Comercial,Sensor_Móvil,Mixta,70.1,Alto,58,767,42.3,0.81,Despejado,0.85,Moto dañada transitando,Mañana,0,1,0.718,1.6572,1,5,2
COL-0391,Pereira,2024-07-11,4,4.8318,-75.6716,Residencial,Sensor_Fijo,Construcción,46.6,Bajo,0,0,54.4,0.14,Lluvioso,0.98,Operación normal,Madrugada,0,0,0.084,0.8566,0,7,3
COL-0353,Pereira,2024-08-18,15,4.8382,-75.7144,Residencial,Sensor_Fijo,Tráfico_Vehicular,54.8,Moderado,31,448,51.1,0.49,Lluvioso,0.81,Operación normal,Tarde,0,0,0.418,1.0724,1,8,3
COL-0164,Pereira,2024-09-14,15,4.8308,-75.7387,Residencial,Sensor_Fijo,Construcción,62.9,Crítico,29,415,50.1,0.5,Despejado,0.75,Festival o concierto,Tarde,0,0,0.416,1.2555,1,9,3
COL-0778,Pereira,2024-10-02,11,4.7807,-75.7007,Comercial,Sensor_Fijo,Transporte_Público,70.2,Alto,57,793,33.9,0.67,Despejado,0.75,Operación normal,Mañana,0,1,0.63,2.0708,1,10,4
COL-0766,Pereira,2024-11-26,10,4.8217,-75.6567,Comercial,Sensor_Móvil,Tráfico_Vehicular,74.1,Alto,69,590,20.4,0.91,Despejado,0.89,Operación normal,Mañana,0,1,0.822,3.6324,1,11,4
COL-0072,Pereira,2024-12-03,5,4.86,-75.7083,Comercial,Sensor_Fijo,Tráfico_Vehicular,56.5,Bajo,30,250,51.7,0.52,Nublado,0.97,Festival o concierto,Madrugada,0,0,0.432,1.0928,0,12,4
COL-0404,Pereira,2024-12-06,17,4.8528,-75.7026,Residencial,Sensor_Ciudadano,Tráfico_Vehicular,60.6,Crítico,51,627,41.9,0.75,Lluvioso,0.96,Medición estándar,Tarde,1,0,0.654,1.4463,1,12,4
COL-0244,Pereira,2024-12-15,10,4.7957,-75.7273,Comercial,Sensor_Fijo,Transporte_Público,70.5,Alto,62,912,36.0,0.72,Nublado,0.82,Medición estándar,Mañana,0,1,0.68,1.9583,1,12,4
COL-0476,Pereira,2025-01-10,7,4.7823,-75.6825,Mixta,Sensor_Fijo,Tráfico_Vehicular,67.9,Alto,83,775,33.4,1.0,Despejado,0.81,Festival o concierto,Mañana,1,0,0.932,2.0329,1,1,1
COL-0698,Pereira,2025-01-22,20,4.7946,-75.7453,Residencial,Sensor_Móvil,Comercio,47.3,Moderado,37,327,39.7,0.52,Despejado,0.88,Moto dañada transitando,Noche,0,0,0.46,1.1914,1,1,1
COL-0864,Pereira,2025-07-24,15,4.8149,-75.6493,Residencial,Sensor_Fijo,Transporte_Público,47.7,Moderado,40,366,40.7,0.52,Nublado,0.78,Obra en construcción,Tarde,0,0,0.472,1.172,1,7,3
COL-0974,Pereira,2025-10-09,7,4.8102,-75.6532,Comercial,Sensor_Móvil,Construcción,84.2,Crítico,86,819,28.4,1.0,Despejado,0.77,Mercado informal,Mañana,1,1,0.944,2.9648,1,10,4
COL-0733,Pereira,2025-10-20,1,4.8279,-75.7267,Educativa,Sensor_Fijo,Comercio,42.2,Bajo,9,114,57.8,0.1,Despejado,0.88,Obra en construcción,Madrugada,0,0,0.096,0.7301,0,10,4
COL-0912,Pereira,2025-11-11,21,4.8361,-75.7334,Residencial,Sensor_Fijo,Comercio,46.9,Moderado,27,261,51.3,0.33,Ventoso,0.81,Alta afluencia peatonal,Noche,0,0,0.306,0.9142,1,11,4
COL-0286,Pereira,2025-12-24,0,4.7958,-75.7067,Industrial,Sensor_Móvil,Comercio,74.3,Moderado,18,163,53.4,0.31,Lluvioso,0.9,Evento especial cercano,Madrugada,0,1,0.258,1.3914,0,12,4
